PDB_ID,original_composition_in_PDB_file,pairwise_composition,metric,value,unit,
1a22,B; A;,B; A;,Kd,0.34,nM,
1a2k,"A, B; C, D, E; ","C; A, B; ",Kd,150,nM,new PDB: 5bxq
1a4y,"A, D; B, E; ",B; A;,Ki,1,fM,
1acb,E; I;,E; I;,Kd,0.2,nM,
1ak4,"A, B; C, D; ",A; D;,Kd,17,uM,
1an1,E; I;,E; I;,Ki,0.9,nM,
1atn,A; D;,A; D;,Kd,0.45,nM,
1ava,"A, B; C, D; ",A; C;,Ki,0.22,nM,
1avx,A; B;,A; B;,Kd,60,fM,
1avz,"A, B; C; ",B; C;,Kd,15.8,uM,
1axi,B; A;,B; A;,Kd,14,nM,
1ay7,A; B;,A; B;,Kd,1,uM,
1azz,"A, B; C, D; ","A; C, D; ",Ki,510,pM,
1b27,"A, B, C; D, E, F; ",A; D;,Kd,0.01,pM,
1b2s,"A, B, C; D, E, F; ",A; D;,Kd,157,pM,
1b2u,"A, B, C; D, E, F; ",A; D;,Kd,100,nM,
1b3s,"A, B, C; D, E, F; ",A; D;,Kd,117,pM,
1b6c,"A, C, E, G; B, D, F, H; ",A; B;,Kd,0.28,uM,
1brs,"A, B, C; D, E, F; ",A; D;,Kd,13,fM,
1buh,A; B;,A; B;,Kd,77,nM,
1bvn,P; T;,P; T;,Ki,9,pM,
1c9p,A; B;,A; B;,Ki,1.0,nM,
1c9t,"A, B, C, D, E, F; G, H, I, J, K, L; ",A; G;,Ki,1.0,nM,
1clv,A; I;,A; I;,Kd,1,nM,
1cmx,"A, C; B, D; ",A; B;,Ki,1.7,uM,
1d6r,A; I;,A; I;,Kd,0.13,nM,
1dfj,E; I;,E; I;,Ki,59,fM,
1dhk,A; B;,A; B;,Ki,35,pM,
1djs,A; B;,A; B;,Kd,41,nM,
1dp5,A; B;,A; B;,Ki,0.9,nM,
1dpj,A; B;,A; B;,Ki,3,nM,
1du3,"A, B, C, G, H, I; D, E, F, J, K, L; ","A; D, E, F",Kd,15.9,nM,
1dzb,"A, B; X, Y; ",X; A;,Kd,520,nM,
1e3u,"A, B, C; D; ",A; C;,Kd,1,uM,
1e4k,"A, B; C; ","A, B; C; ",Kd,1.7,uM,
1e6e,"A, C; B, D; ",A; B;,Kd,0.86,uM,
1e96,A; B;,A; B;,Kd,2.7,uM,
1eaw,"A, C; B, D; ",A; B;,Kd,49.7,pM,
1ees,A; B;,A; B;,Kd,20,nM,
1efn,"A, C; B, D; ",A; B;,Kd,0.38,uM,
1eja,A; B;,A; B;,Ki,1.0,nM,
1emv,A; B;,B; A;,Kd,24,fM,
1es0,A; B;,B; A;,IC50,0.08,uM,
1ewy,"A, B; C; ",A; C;,Kd,3.57,uM,
1ezs,"A, B; C, D; ",D; A;,Ki,0.18,nM,
1ezu,"A, B; C, D; ",D; A;,Ki,0.08,nM,
1f34,A; B;,A; B;,Kd,0.1,nM,
1f3v,A; B;,A; B;,Kd,7.8,uM,
1f5r,A; I;,A; I;,Ki,65,uM,
1f7z,A; I;,A; I;,Ki,12.4,uM,
1fc2,C; D;,C; D;,Kd,22.5,nM,
1ffw,"A, C; B, D; ",A; B;,Kd,1.2,uM,
1fg9,"A, B; C, D, E; ","C; A, B; ",Kd,0.10,nM,
1fle,E; I;,E; I;,Ki,6,nM,
1flt,"V, W; X, Y; ","V, W; X;",Kd,1.356,nM,
1fmo,E; I;,E; I;,Ki,2.3,nM,
1fy8,E; I;,E; I;,Ki,9,uM,
1g0v,A; B;,A; B;,Ki,0.1,nM,
1g5j,A; B;,A; B;,Kd,0.6,nM,
1g6v,A; K;,A; K;,Kd,72,nM,
1g9i,E; I;,E; I;,Kd,0.12,uM,
1gcq,"A, B; C; ",A; C;,Kd,16.8,uM,
1gl0,I; E;,E; I;,Ki,0.8,nM,
1gl1,"I, J, K; A, B, C; ",A; I;,Ki,0.13,nM,
1gla,F; G;,G; F;,Kd,0.18,uM,
1gng,"A, B; X, Y; ",A; X;,Kd,39,nM,
1go4,"A, B, C, D; E, F, G, H; ",A; G;,Kd,1.04,uM,
1gpw,"A, C, E; B, D, F; ",A; B;,Kd,0.019,uM,
1grn,A; B;,A; B;,Kd,388,nM,
1gua,A; B;,A; B;,Kd,40,nM,
1gxd,"A, B; C, D; ",A; C;,Kd,5.2,nM,
1h0t,A; B;,A; B;,Kd,6,uM,
1h1v,A; G;,A; G;,Kd,23,nM,
1h59,A; B;,B; A;,Kd,37,nM,
1hcf,"A, B; X , Y; ","X; A, B;",Kd,260,pM,
1he8,A; B;,B; A;,Kd,2.5,uM,
1i2m,"A, C; B, D; ",A; B;,Kd,2.5,pM,
1i4d,"A, B; D; ","A, B; D; ",Kd,3,uM,
1i4e,A; B;,B; A;,Kd,0.12,uM,
1i5k,"A, B; C, D; ",A; C;,Kd,42,nM,
1i8l,"A, B; C, D; ",C; A;,Kd,0.2,uM,
1ib1,"A, B, C, D; E, F, G, H; ","E; A, B; ",Kd,350,uM,
1ibr,"A, C; B, D; ",A; B;,Kd,0.3,nM,
1j2j,A; B;,A; B;,Kd,1.4,uM,
1j7d,A; B;,B; A;,Kd,2,uM,
1j7v,L; R;,R; L;,Kd,35,pM,
1jgn,A; B;,A; B;,Kd,0.35,uM,
1jh4,A; B;,A; B;,Kd,1.5,uM,
1jiw,P; I;,P; I;,Kd,4,pM,
1jsp,A; B;,A; B;,Kd,50,uM,
1jtd,A; B;,A; B;,Ki,27.2,pM,
1jtg,"A, C; B, D; ",A; B;,Ki,0.11,nM,
1jwh,"A, B; C, D; ","A; C, D; ",Kd,12.6,nM,
1k93,"A, B, C; D, E, F; ",A; D;,Kd,20,nM,
1kac,A; B;,A; B;,Kd,14.8,nM,
1kbh,A; B;,B; A;,Kd,34,nM,
1kgy,"A, B, C, D; E, F, G, H; ",A; E;,Kd,25,nM,
1kkl,"A, B, C; H, I, J; ","A, C; H; ",Kd,45,nM,
1ktk,"A, B, C, D; E, F; ",E; A;,Kd,20,uM,
1ktz,A; B;,B; A;,Kd,290,nM,
1kxp,A; D;,A; D;,Kd,1,nM,
1kxq,"A, B, C, D; E, F, G, H; ",A; H;,Kd,3.5,nM,
1kxt,"A, C, E; B, D, F; ",A; B;,Kd,235,nM,
1kxv,"A, B; C, D; ",A; C;,Kd,25,nM,
1l0x,"A, C; B, D; ",A; B;,Kd,6,uM,
1l0y,"A, C; B, D; ",A; B;,Kd,6,uM,
1l2w,"A, B, C, D, E, F, G, H; I, J, K, L; ","I; A, B; ",Kd,0.3,nM,
1l4d,A; B;,B; A;,Kd,196.6,nM,
1l4z,A; B;,B; A;,Kd,196.6,nM,
1l8c,A; B;,A; B;,Kd,7,nM,
1ldt,T; L;,T; L;,Ki,1.8,nM,
1lj2,"A, B; C, D; ","A, B; C; ",Kd,27,uM,
1lp1,A; B;,A; B;,Kd,2,uM,
1lqs,"R, S; L, M; ","R; L, M; ",Kd,4,nM,
1lw6,E; I;,E; I;,Kd,2,pM,
1lx5,A; B;,B; A;,Kd,1.2,nM,
1lzw,A; B;,A; B;,Kd,0.33,uM,
1m10,A; B;,B; A;,Kd,5.8,nM,
1m1e,A; B;,A; B;,Kd,1,nM,
1m5n,S; Q;,S; Q;,Kd,2.1,nM,
1mah,A; F;,A; F;,Kd,25,pM,
1mcv,A; I;,A; I;,Ki,98,nM,
1mq8,"A, C; B, D; ",B; A;,Kd,3,uM,
1mxe,"A, B; E, F; ",E;  A;,Kd,1,pM,
1mzw,A; B;,A; B;,Kd,1.97,uM,
1nf3,"A, B; C, D; ",A; C;,Kd,50,nM,
1nm5,"A, B; C; ","A, B; C; ",Kd,60,nM,
1nvu,"Q, R; S; ",Q; S;,Kd,3.6,uM,
1nw9,A; B;,B; A;,Ki,0.013,uM,
1nys,"A, C; B, D; ",A; B;,Kd,10,nM,
1nyu,"A, C; B, D; ",A; B;,Kd,10,nM,
1o9a,A; B;,B; A;,Kd,1,uM,
1oc0,A; B;,A; B;,Kd,1,nM,
1oey,"A, B, C, D; J, K, L, M; ",A; J;,Kd,4,nM,
1ogy,"A, C, E, G, I, K, M, O; B, D, F, H, J, L, N, P; ",A; B;,Kd,0.5,nM,
1op9,A; B;,B; A;,Kd,0.7,nM,
1oph,A; B;,B; A;,Kd,5,nM,
1oqe,"A, B, C, D, E, F, G, H, I, J; K, L, M, N, O, P, Q, R; ",K; A;,Kd,109,nM,
1otr,A; B;,A; B;,Kd,155,uM,
1oyh,I; L;,I; L;,Kd,42,nM,
1oyv,"A, B; I; ","A, B; I; ",Ki,9,nM,
1ozs,A; B;,A; B;,Kd,31,uM,
1p27,"A, C; B, D; ",A; B;,Kd,0.7,nM,
1p69,A; B;,B; A;,Kd,76,nM,
1p6a,A; B;,B; A;,Kd,35,nM,
1p9d,S; U;,S; U;,Kd,12.9,uM,
1pd7,A; B;,A; B;,Kd,0.3,uM,
1pjm,A; B;,B; A;,Kd,180,nM,
1pjn,A; B;,B; A;,Kd,22,nM,
1pk1,"A, C; B, D; ",A; B;,Kd,54,nM,
1ppe,E; I;,E; I;,Kd,3,pM,
1psb,"A, B; C, D; ",A; C;,Kd,20,uM,
1pvh,"A, C; B, D; ",A; B;,Kd,80,nM,
1pxv,"A, B; C, D; ",A; C;,Ki,0.31,nM,
1q0w,A; B;,A; B;,Kd,277,uM,
1q5w,A; B;,B; A;,Kd,126,uM,
1q68,A; B;,A; B;,Kd,400,nM,
1q69,A; B;,A; B;,Kd,900,nM,
1qa9,"A, C; B, D; ",A; B;,Kd,1,uM,
1qty,"V, W, R, S; X, Y, T, U; ","T; R, S; ",Kd,10,pM,
1r0r,E; I;,E; I;,Kd,29.4,pM,
1r6q,"A, B; C, D; ",A; C;,Kd,0.33,uM,
1r8u,A; B;,A; B;,Kd,13,nM,
1ri8,A; B;,B; A;,Kd,2.9,nM,
1rjc,A; B;,B; A;,Kd,77,pM,
1rkc,A; B;,A; B;,Kd,39,nM,
1rke,A; B;,A; B;,Kd,50,nM,
1rlb,"A, B, C, D; E, F; ","A, B, C, D; E; ",Kd,0.8,uM,
1rpq,"A, B, C, D; W, X, Y, Z; ",A; W;,IC50,0.032,uM,
1rv6,"V, W; X, Y; ","V, W; X; ",IC50,275,nM,
1ry7,A; B;,B; A;,Kd,0.23,uM,
1s1q,"A, C; B, D; ",A; B;,Kd,500,uM,
1sb0,A; B;,A; B;,Kd,15,uM,
1sbb,"A, C; B, D; ",A; B;,Kd,140,uM,
1sg1,"A, B; X; ","X; A, B;",Kd,186,nM,
1shy,A; B;,B; A;,Kd,90,nM,
1shz,"A, D; C, F; ",A; C;,Kd,3,uM,
1smf,E; I;,E; I;,Ki,0.12,uM,
1sq0,A; B;,B; A;,Kd,30,nM,
1sv0,"A, B; C, D; ",A; C;,Kd,11.1,nM,
1syq,A; B;,A; B;,Kd,14.7,nM,
1t01,A; B;,A; B;,Kd,39,nM,
1t0p,A; B;,B; A;,Kd,25,uM,
1t44,G; A;,G; A;,Kd,1,uM,
1t5z,A; B;,A; B;,Kd,33,uM,
1t63,A; B;,A; B;,Kd,15,uM,
1t6b,X; Y;,X; Y;,Kd,0.4,nM,
1ta3,A; B;,A; B;,Ki,9,nM,
1taw,A; B;,A; B;,Ki,0.02,nM,
1tba,A; B;,A; B;,Kd,1,nM,
1tdq,A; B;,B; A;,Kd,12,nM,
1te1,A; B;,A; B;,Ki,3.4,nM,
1th1,"A, B; C, D; ",A; C;,Kd,2.1,nM,
1tlh,A; B;,A; B;,Kd,300,uM,
1tm1,E; I;,E; I;,Ki,0.003,nM,
1tm3,E; I;,E; I;,Ki,0.019,nM,
1tm4,E; I;,E; I;,Ki,0.13,nM,
1tm5,E; I;,E; I;,Ki,0.017,nM,
1tm7,E; I;,E; I;,Ki,0.0033,nM,
1to1,E; I;,E; I;,Ki,0.46,nM,
1ty4,"A, B; C, D; ",C; A;,Kd,6.4,nM,
1tzn,"A, B, C, D, E, F, G, H, I, J, K, L, M, O; a, b, c, d, e, f, g, h, i, j, k, l, m, o; ",A; a;,Kd,170,pM,
1u0i,A; B;,A; B;,Kd,70,nM,
1u0s,Y; A;,A; Y;,Kd,0.23,uM,
1u5s,A; B;,A; B;,Kd,3,mM,
1u7f,"A, C; B; ","A, C; B; ",Kd,58,nM,
1u7v,"A, C; B; ","A, C; B; ",Kd,296,nM,
1uad,"A, B; C, D; ",A; C;,Kd,137,nM,
1uel,A; B;,B; A;,Kd,3.4,uM,
1ugh,E; I;,E; I;,IC50,12,pM,
1us7,A; B;,A; B;,Kd,1.8,uM,
1usu,A; B;,A; B;,Kd,3.3,uM,
1usv,"A, C, E, G; B, D, F, H; ",A; B;,Kd,3.3,uM,
1uug,"A, C; B, D; ",A; B;,Kd,1.3,uM,
1uuz,"A, B; C, D; ",D; A;,Ki,25,nM,
1v18,A; B;,A; B;,Kd,10,nM,
1vet,A; B;,A; B;,Kd,12.8,nM,
1veu,A; B;,A; B;,Kd,12.8,nM,
1vg0,A; B;,A; B;,Kd,5,nM,
1vrc,"A, B; C, D; ","A, B; C; ",Kd,28.4,uM,
1vrk,A; B;,A; B;,Kd,6.8,nM,
1vyh,"C, D, G, H, K, L, O, P, S, T; A, B, E, F, I, J, M, N, Q, R; ","C, D; A, B; ",Kd,0.08,uM,
1vyt,"A, B; E, F; ",A; E;,Kd,20,nM,
1wa7,A; B;,A; B;,Kd,9.58,uM,
1wa8,A; B;,A; B;,Kd,11,nM,
1wlp,A; B;,B; A;,Kd,0.64,uM,
1wpx,A; B;,A; B;,Ki,1.80,nM,
1wq1,R; G;,R; G;,Kd,17,uM,
1wqj,B; I;,B; I;,Kd,865,nM,
1wr1,A; B;,B; A;,Kd,14.8,uM,
1wr6,"A, B, C, D; E, F, G, H; ",A; E;,Kd,231,uM,
1wrd,A; B;,A; B;,Kd,409,uM,
1wve,"A, B; C, D; ",A; C;,Kd,7,nM,
1x1u,"A, B, C; D, E, F; ",A; D;,Kd,13.2,nM,
1x1w,"A, B, C; D, E, F; ",A; D;,Kd,26.4,nM,
1x1x,"A, B, C; D, E, F; ",A; D;,Kd,53,nM,
1x1y,"A, B, C; D, E, F; ",A; D;,Kd,12.7,uM,
1x75,"A, B; C, D; ","A, B; C, D; ",Kd,17.5,nM,
1xd3,"A, C; B, D; ",A; B;,Kd,0.3,uM,
1xdt,T; R;,T; R;,Kd,10,nM,
1xg2,A; B;,A; B;,Kd,5,nM,
1xj7,A; B;,A; B;,Kd,39,uM,
1xqh,"A, E; B, F; ",A; B;,Kd,0.2,uM,
1xqs,"A, B; C, D; ",A; C;,Kd,6.5,uM,
1xr0,A; B;,A; B;,Kd,10,uM,
1xt9,A; B;,A; B;,Kd,200,nM,
1xu1,"A, B, D; R, S, T; ",R; A;,IC50,5.9,nM,
1xx9,"A, B; C, D; ","A; C, D; ",IC50,3,nM,
1xxd,"A, B; C, D; ","A; C, D; ",IC50,600,nM,
1xxf,"A, B; C, D; ","A; C, D; ",IC50,200,nM,
1y1k,E; I;,E; I;,Ki,0.3,nM,
1y33,E; I;,E; I;,Ki,1.7,nM,
1y34,E; I;,E; I;,Ki,0.52,nM,
1y3b,E; I;,E; I;,Ki,0.31,nM,
1y3c,E; I;,E; I;,Ki,0.025,nM,
1y3d,E; I;,E; I;,Ki,0.56,nM,
1y48,E; I;,E; I;,Ki,1.7,nM,
1y4a,E; I;,E; I;,Ki,1.2,nM,
1y4d,E; I;,E; I;,Ki,1.2,nM,
1y6k,L; R;,L; R;,Kd,1,nM,
1y6m,L; R;,R; L;,Kd,173,nM,
1y6n,L; R;,R; L;,Kd,27,nM,
1y76,"A, C; B, D; ","A, C; B, D; ",Kd,5,uM,
1y8n,A; B;,A; B;,Kd,1.17,uM,
1yc0,A; I;,A; I;,IC50,4,nM,
1ycs,A; B;,A; B;,Kd,30,nM,
1yd8,"U, V; G, H; ",V; G;,Kd,181,uM,
1ydi,A; B;,A; B;,Kd,1.78,nM,
1yk0,"A, B; E; ","A, B; E; ",Kd,0.96,nM,
1yk1,"A, B; E; ","A, B; E; ",Kd,45.7,nM,
1yrt,A; B;,A; B;,Kd,1,nM,
1yru,A; B;,A; B;,Kd,1,nM,
1yvb,A; I;,A; I;,Ki,6.5,nM,
1yx5,A; B;,A; B;,Kd,350,uM,
1yx6,A; B;,A; B;,Kd,73,uM,
1z7x,"X, Z; W, Y; ",X; W;,Kd,0.29,fM,
1z92,A; B;,A; B;,Kd,10,nM,
1zc3,"A, C; B, D; ",A; D;,Kd,42,nM,
1zc4,"A, C; B, D; ",A; D;,Kd,42,nM,
1zgu,A; B;,A; B;,Kd,98,uM,
1zhi,A; B;,A; B;,Kd,0.2,uM,
1zjd,A; B;,A; B;,IC50,1.28,nM,
1zli,A; B;,A; B;,Ki,1.3,nM,
1zm4,"A, C, E; B, D, F; ",A; B;,Kd,0.98,uM,
1zr0,"A, C; B, D; ",A; B;,Ki,13,nM,
1zsg,A; B;,A; B;,Kd,7.5,uM,
1zv5,L; A;,L; A;,Kd,10,nM,
1zvh,L; A;,L; A;,Kd,70,nM,
1zvy,A; B;,B; A;,Kd,0.1,nM,
2a24,A; B;,A; B;,Kd,30,uM,
2a78,A; B;,A; B;,Kd,60,nM,
2a7u,A; B;,B; A;,Kd,120,nM,
2a9h,"A, B, C, D; E; ","A, B, C, D; E; ",Kd,900,nM,
2a9k,A; B;,A; B;,Kd,60,nM,
2abz,"A, B; C, D, E, F; ",A; C;,Ki,2.8,nM,
2ajf,"A, B; E, F; ",A; E;,Kd,10,nM,
2aq1,"A, C, E, G; B, D, F, H; ",B; A;,Kd,5.5,nM,
2aq2,A; B;,B; A;,Kd,11,nM,
2aq3,"A, C, E, G; B, D, F, H; ",A; B;,Kd,7.6,uM,
2arp,A; F;,A; F;,Kd,430,nM,
2aw2,"A, X; B, Y; ",A; B;,Kd,25,nM,
2b0z,A; B;,A; B;,Kd,100,uM,
2b10,"A, C; B, D; ",A; B;,Kd,10,uM,
2b11,"A, C; B, D; ",A; B;,Kd,5,uM,
2b12,A; B;,A; B;,Kd,20,uM,
2b42,A; B;,B; A;,Kd,1.07,nM,
2b4j,"A, B; C, D; ","A, B; C; ",Kd,10.9,nM,
2b7c,A; B;,A; B;,Kd,0.4,uM,
2b87,A; B;,A; B;,Kd,100,nM,
2be6,"A, B, C; D, E, F; ",D; A;,Kd,2.63,nM,
2bo9,"A, C; B, D; ",A; B;,Ki,3,nM,
2bp7,"A, C, E, G; B, D, F, H; ","A, C; B, D; ",Kd,1,nM,
2bqz,"A, E; B, F; ",A; B;,Kd,20,uM,
2btf,A; P;,P; A;,Kd,2.3,uM,
2byk,"B, D; A, C; ",B; A;,Kd,2.3,uM,
2bym,"B, D; A, C; ",B; A;,Kd,2.3,uM,
2c0l,A; B;,B; A;,Kd,109,nM,
2c1m,A; B;,A; B;,Kd,1.1,nM,
2c1t,"A, B; C, D; ",A; C;,Kd,2.0,nM,
2c7m,A; B;,A; B;,Kd,6.4,uM,
2cjs,"A, B; C; ",A; C;,Kd,0.1,uM,
2cpk,E; I;,E; I;,Ki,2.3,nM,
2den,A; B;,A; B;,Kd,17,uM,
2djy,A; B;,A; B;,Kd,40,uM,
2dsp,B; I;,I; B;,Kd,3,uM,
2dx5,A; B;,A; B;,Kd,0.33,mM,
2efd,"A, C; B, D; ",A; B;,Kd,7.3,nM,
2efh,"A, C; B, D; ",A; B;,Kd,36,nM,
2es4,"A, B; D, E; ",D; A;,Kd,5,nM,
2f31,A; B;,A; B;,Kd,102,nM,
2f4m,A; B;,A; B;,Kd,65,nM,
2f5z,"A, B, C, D, E, F, G, H, I, J; K, L, M, N, O; ","A, B; K; ",Kd,0.78,nM,
2f9z,"A, B; C, D; ",C; A;,Kd,0.9,uM,
2fdb,"M, N; P, R; ",P; M;,Kd,155,nM,
2few,A; B;,A; B;,Kd,3.7,mM,
2fju,A; B;,A; B;,Kd,5.3,uM,
2ftl,E; I;,E; I;,Kd,60,fM,
2ftm,A; B;,A; B;,Kd,16,pM,
2fu5,"A, B; C, D; ",A; D;,Kd,0.7,nM,
2fuh,A; B;,A; B;,Kd,300,uM,
2fyl,A; B;,B; A;,Kd,2.8,uM,
2g2u,A; B;,A; B;,Kd,1.25,uM,
2g2w,A; B;,A; B;,Kd,582,nM,
2g45,"A, D; B, E; ",A; B;,Kd,2.82,uM,
2g81,E; I;,E; I;,Ki,13.6,nM,
2gng,A; I;,A; I;,IC50,6,uM,
2gox,"A, C; B, D; ",B; A;,Kd,0.8,nM,
2gww,A; B;,A; B;,Kd,0.11,nM,
2h4m,"A, B; C, D; ",A; C;,Kd,42,nM,
2hd5,A; B;,A; B;,Kd,2.8,uM,
2hev,F; R;,R; F;,IC50,62,nM,
2hle,A; B;,A; B;,Kd,40,nM,
2hqs,"A, B, D, F; H, C, E, G; ",A; H;,Kd,27,nM,
2hqw,A; B;,A; B;,Kd,2,nM,
2hrk,A; B;,A; B;,Kd,9,nM,
2hsq,A; B;,A; B;,Kd,6.61,nM,
2hth,A; B;,B; A;,Kd,105,uM,
2hwn,"A, B, C, D; E, F; ","A, B; E; ",Kd,2,nM,
2i25,"N, O; L, M; ",N; L;,Kd,1.0,nM,
2i26,"N, O, P; L, M, Q; ",N; L;,Kd,9.4,nM,
2i32,"A, B; E, F; ",E; A;,Kd,1.3,uM,
2i3s,"A, C, E; B, D, F; ",A; B;,Kd,3.6,uM,
2i3t,"A, C, E, G; B, D, F, H; ",A; B;,Kd,2.7,uM,
2i9b,"A, B, C, D; E, F, G, H; ",E; A;,Kd,0.96,nM,
2ihs,"A, B; C, D; ",A; C;,Kd,40,nM,
2ij0,"A, B; E, C; ",A; E;,Kd,180,pM,
2iou,"A, B, C, D, E, F; G, H; ","A, B, C; G; ",Kd,3.47,uM,
2iwg,"A, D; B, E; ",A; B;,Kd,37,nM,
2ixq,A; B;,A; B;,Kd,0.7,uM,
2iy1,"A, C; B, D; ",A; B;,Kd,787,nM,
2iyb,"A, B, C, D; E, F, G, H; ",E; A;,Kd,3.6,uM,
2j0t,"A, B, C; D, E, F; ",A; D;,Ki,0.4,nM,
2j12,A; B;,B; A;,Kd,20,nM,
2j59,"A, B, C, D, E, F; M, N, O, P, Q, R; ",A; M;,Kd,55,nM,
2j7p,"A, B; D, E; ",A; D;,Kd,10,nM,
2j8x,"A, C; B, D; ",A; B;,Ki,8,nM,
2jby,A; B;,A; B;,IC50,50,nM,
2jgz,A; B;,A; B;,Kd,1,mM,
2jjs,"A, B; C, D; ",C; A;,Kd,1.2,uM,
2jjt,"A, B; C, D; ",C; A;,Kd,1.2,uM,
2jki,"A, B, C; S, T, U; ",A; S;,Kd,1.64,uM,
2jod,A; B;,A; B;,Ki,350,nM,
2jt4,A; B;,A; B;,Kd,40,uM,
2jti,A; B;,A; B;,Kd,0.588,uM,
2ju0,A; B;,A; B;,Kd,100,nM,
2jy6,A; B;,B; A;,Kd,20,uM,
2k05,"A, C; B, D; ","A, C; B; ",Kd,0.2,uM,
2k2s,A; B;,A; B;,Kd,53,nM,
2k2u,A; B;,A; B;,Kd,360,nM,
2k3s,A; B;,A; B;,Kd,2.7,uM,
2k3u,A; B;,A; B;,Kd,8.4,nM,
2k42,A; B;,A; B;,Kd,35,nM,
2k5b,A; B;,A; B;,Kd,4,uM,
2k6d,A; B;,A; B;,Kd,171,uM,
2k79,A; B;,B; A;,Kd,0.67,mM,
2k7a,A; B;,B; A;,Kd,0.67,mM,
2k8b,A; B;,B; A;,Kd,1.8,mM,
2k8c,A; B;,B; A;,Kd,1.8,mM,
2k8f,A; B;,A; B;,Kd,2.7,uM,
2ka4,A; B;,A; B;,Kd,58,nM,
2ka6,A; B;,A; B;,Kd,52,nM,
2kbw,A; B;,A; B;,Kd,0.32,uM,
2kc8,A; B;,A; B;,Kd,200,nM,
2kgx,A; B;,A; B;,Kd,9,uM,
2khs,A; B;,A; B;,Kd,0.36,uM,
2kj4,A; B;,A; B;,Kd,65,nM,
2knb,A; B;,A; B;,Kd,11,uM,
2kqs,A; B;,A; B;,Kd,55.3,uM,
2kri,A; B;,A; B;,Kd,46,uM,
2kt5,A; B;,A; B;,Kd,28,uM,
2ktf,A; B;,B; A;,Kd,23,uM,
2kvq,E; G;,E; G;,Kd,50,uM,
2kwi,A; B;,A; B;,Kd,184,nM,
2kwj,B; A;,A; B;,Kd,0.5,uM,
2kwk,B; A;,B; A;,Kd,2.3,uM,
2kwo,B; A;,A; B;,Kd,46.9,uM,
2kwu,A; B;,A; B;,Kd,51,uM,
2kwv,A; B;,A; B;,Kd,90,uM,
2kxh,A; B;,A; B;,Kd,14,uM,
2kxw,A; B;,A; B;,Kd,10,nM,
2kyg,"A, B; C; ","C; A, B; ",Kd,67,nM,
2l0f,A; B;,B; A;,Kd,172,uM,
2l0t,A; B;,A; B;,Kd,64,uM,
2l14,A; B;,A; B;,Kd,3.1,uM,
2l1l,A; B;,B; A;,Kd,7,nM,
2l29,A; B;,A; B;,Kd,15.3,nM,
2l2l,A; B;,A; B;,Kd,12.4,nM,
2l9s,A; B;,A; B;,Kd,2.2,uM,
2ld7,A; B;,A; B;,Kd,9.2,nM,
2leh,A; B;,B; A;,Kd,3.3,nM,
2lfw,A; B;,A; B;,Kd,5.6,nM,
2lkm,A; B;,B; A;,Kd,12,nM,
2lnk,"C; A, B; ","A, B; C; ",Kd,4,nM,
2lox,A; B;,A; B;,Kd,190,nM,
2lp0,A; B;,A; B;,Kd,22.2,uM,
2lp4,A; Y;,A; Y;,Kd,4,mM,
2lpb,A; B;,A; B;,Kd,10.1,uM,
2lqc,A; B;,A; B;,Kd,2.9,uM,
2lqh,A; B;,B; A;,Kd,85,uM,
2luh,A; B;,A; B;,Kd,0.7,uM,
2lvo,A; C;,C; A;,Kd,12.8,uM,
2lww,A; B;,A; B;,Kd,57,nM,
2lxm,A; B;,A; B;,Kd,0.08,nM,
2ly4,A; B;,B; A;,Kd,346,nM,
2lz6,A; B;,A; B;,Kd,12,uM,
2m04,A; B;,A; B;,Kd,10,nM,
2m0g,A; B;,A; B;,Kd,84,nM,
2m0j,A; B;,A; B;,Kd,12,nM,
2m49,"A, C; B, D; ",A; B;,Kd,10,uM,
2m55,A; B;,A; B;,Kd,35,uM,
2m5a,A; B;,A; B;,Kd,48,nM,
2m5b,A; B;,A; B;,Kd,10,uM,
2m86,A; B;,B; A;,Kd,2.6,nM,
2mak,"A, C; B, D; ","A, C; B; ",Kd,310,uM,
2mbb,A; B;,A; B;,Kd,130,uM,
2mcn,A; B;,A; B;,Kd,1.9,uM,
2mej,A; B;,A; B;,Kd,17,uM,
2mfq,A; B;,A; B;,Kd,5.2,uM,
2mj5,A; B;,B; A;,Kd,4.3,uM,
2mjw,"A, C; B, D; ",A; B;,Kd,6.2,uM,
2mlx,A; B;,A; B;,Kd,4,uM,
2mly,A; B;,A; B;,Kd,2,uM,
2mlz,A; B;,A; B;,Kd,14,uM,
2mnu,A; B;,A; B;,Kd,230,nM,
2mp0,A; B;,A; B;,Kd,25,mM,
2mre,A; B;,A; B;,Kd,19,uM,
2mro,A; B;,A; B;,Kd,150,uM,
2mur,A; B;,A; B;,Kd,9.26,uM,
2mv7,A; B;,A; B;,Kd,1.56,nM,
2mws,A; B;,A; B;,Kd,45,uM,
2mzd,A; B;,A; B;,Kd,0.877,uM,
2n01,A; B;,A; B;,Kd,1,uM,
2n1d,A; B;,A; B;,Kd,60,nM,
2n2h,A; B;,A; B;,Kd,0.93,uM,
2n73,A; B;,A; B;,Kd,320,nM,
2n8j,A; B;,A; B;,Kd,10.7,nM,
2nbv,A; B;,A; B;,Kd,9.3,uM,
2noj,"A, C, E, G; B, D, F, H; ",B; A;,Kd,13,nM,
2nqd,A; B;,B; A;,Ki,39,pM,
2o3b,A; B;,A; B;,Ki,3.2,pM,
2o8v,A; B;,A; B;,Ki,1.1,uM,
2o98,"A, B; P, Q; ","P, Q; A, B; ",Kd,0.85,nM,
2odg,"A, B; C; ","C; A, B; ",Kd,0.59,uM,
2omt,A; B;,B; A;,Kd,100,nM,
2omu,A; B;,B; A;,Kd,0.6,nM,
2omv,A; B;,A; B;,Kd,1.2,nM,
2omw,A; B;,A; B;,Kd,10,uM,
2omx,A; B;,B; A;,Kd,120,nM,
2omy,A; B;,A; B;,Kd,0.2,uM,
2omz,A; B;,B; A;,Kd,400,nM,
2onl,"A, B; C, D; ",A; C;,Kd,6,nM,
2oob,A; B;,A; B;,Kd,57,uM,
2ot3,A; B;,A; B;,Kd,1.8,uM,
2ot8,"A, B; C, D; ",A; C;,Kd,20,nM,
2otk,"C; E, F; ","E, F; C; ",Kd,17,nM,
2oul,A; B;,B; A;,Ki,1.7,nM,
2oza,A; B;,B; A;,Kd,2.5,nM,
2p1l,"A, C, E, G; B, D, F, H; ",A; B;,Kd,2.3,uM,
2p42,"A, C; B, D; ",A; B;,Kd,23,nM,
2p43,A; B;,A; B;,Kd,23,nM,
2p44,A; B;,A; B;,Kd,20,nM,
2p45,A; B;,A; B;,Kd,116,nM,
2p46,"A, C; B, D; ",A; B;,Kd,116,nM,
2p47,A; B;,A; B;,Kd,116,nM,
2p48,A; B;,A; B;,Kd,116,nM,
2p49,A; B;,A; B;,Kd,23,nM,
2p4a,"A, C; B, D; ",A; B;,Kd,180,pM,
2p8q,A; B;,A; B;,Kd,15.6,nM,
2pcb,"A, C; B; ",A; B;,Kd,10,uM,
2pcc,"A, C; B, D; ",A; B;,Kd,1.6,uM,
2phe,"A, B; C; ","C; A, B;",Kd,15,uM,
2pkg,"A, B; C, D; ",A; C;,Kd,1.06,uM,
2pms,"A, B; C, D; ",A; C;,Kd,10.3,nM,
2pon,A; B;,B; A;,Kd,1.4,uM,
2psm,"A, B; F, C; ",A; F;,Kd,30,pM,
2ptc,E; I;,E; I;,Kd,60,fM,
2ptt,A; B;,B; A;,Kd,4,uM,
2px9,A; B;,A; B;,Kd,87.4,uM,
2q5d,"A, B; C, D; ",A; C;,Kd,15.6,nM,
2q7n,"A, C; B, D; ",A; B;,Kd,10,pM,
2qc1,A; B;,A; B;,Kd,10,pM,
2qej,"A, B; C, D; ",A; D;,Kd,1.1,nM,
2qho,"A, C, E, G; B, D, F, H; ",A; B;,Kd,60,uM,
2qiy,"A, B; C, D; ",A; C;,Kd,119,nM,
2qna,A; B;,A; B;,Kd,83,nM,
2qur,A; B;,A; B;,IC50,500,nM,
2qxv,A; B;,A; B;,Kd,0.38,uM,
2r9p,"A, B, C, D; I, E, F, G; ",A; E;,Kd,14,uM,
2ra3,"A, B; I, C; ",A; C;,Kd,20,pM,
2rf9,"A, B; C, D; ",A; C;,Kd,13,uM,
2rmk,A; B;,A; B;,Kd,170,nM,
2rms,A; B;,A; B;,Kd,134,nM,
2rnr,A; B;,A; B;,Kd,150,nM,
2roz,A; B;,A; B;,Kd,0.32,uM,
2rr3,A; B;,A; B;,Kd,2.1,uM,
2ru4,A; B;,A; B;,Kd,126,nM,
2ruk,A; B;,A; B;,Kd,24.21,uM,
2rvb,A; B;,A; B;,Kd,143.3,nM,
2sic,E; I;,E; I;,Kd,71.2,pM,
2sni,E; I;,E; I;,Kd,2,pM,
2tgp,Z; I;,Z; I;,Kd,2.4,uM,
2uuy,A; B;,A; B;,Ki,5.6,nM,
2uyz,A; B;,A; B;,Kd,82,nM,
2v3b,A; B;,A; B;,Kd,5,uM,
2v4z,A; B;,A; B;,Kd,1.25,uM,
2v51,"B, D; E, F; ",B; F;,Kd,1.0,uM,
2v52,B; M;,B; M;,Kd,1.9,uM,
2v5q,"A, B; C, D; ",A; D;,Kd,71,nM,
2v6x,A; B;,A; B;,Kd,28,uM,
2v8s,E; V;,E; V;,Kd,22,uM,
2v9t,A; B;,A; B;,Kd,8.2,nM,
2vay,A; B;,A; B;,Kd,7.9,nM,
2vda,A; B;,A; B;,Kd,3,uM,
2vdb,A; B;,A; B;,Kd,0.15,nM,
2ve7,"A, B; C, D; ",A; C;,Kd,4,uM,
2ver,A; N;,A; N;,Kd,13.1,uM,
2vln,A; B;,A; B;,Kd,1.68,pM,
2vlo,A; B;,A; B;,Kd,0.892,pM,
2vlp,A; B;,A; B;,Kd,0.543,pM,
2vlq,A; B;,A; B;,Kd,22.8,pM,
2vof,"A, C; B, D; ",A; B;,Kd,0.7,nM,
2vog,A; B;,A; B;,Kd,210,nM,
2voh,A; B;,A; B;,Kd,1,nM,
2voi,A; B;,A; B;,Kd,1.1,nM,
2vsm,A; B;,A; B;,Kd,35,nM,
2w19,"A, B; C, D; ",A; C;,Kd,140,nM,
2w80,"A, B, E, G; D, C, F, H; ",A; D;,Kd,4,nM,
2w81,"A, B, E; D, C, F; ",A; D;,Kd,4,nM,
2w84,A; B;,A; B;,Kd,0.07,uM,
2wd5,A; B;,A; B;,Kd,22,nM,
2wel,A; D;,A; D;,Kd,0.3,uM,
2wfx,A; B;,A; B;,Kd,14,nM,
2wg3,"A, B; C, D; ",A; C;,Kd,73.6,nM,
2wg4,A; B;,A; B;,Kd,73.9,nM,
2wh6,A; B;,A; B;,Kd,18,nM,
2wjv,"A, B; D, E; ",A; D;,Kd,0.2,uM,
2wo2,A; B;,A; B;,Kd,10.8,uM,
2wo3,A; B;,A; B;,Kd,2.3,uM,
2wp0,"A, B; C, D; ",A; C;,Kd,0.93,uM,
2wp3,T; O;,T; O;,Kd,0.794,uM,
2wpt,A; B;,A; B;,Kd,0.1,uM,
2wqz,"A, B; C, D; ",A; D;,Kd,132,nM,
2wus,"A, B; R, S; ",A; R;,Kd,5,uM,
2wwk,T; O;,T; O;,Kd,1.28,uM,
2wwx,A; B;,A; B;,Kd,79,nM,
2wy3,"A, C; B, D; ",A; B;,Kd,66,nM,
2wy8,A; Q;,A; Q;,Kd,360,nM,
2x1x,E; R;,E; R;,Kd,16,nM,
2x2d,"B, C; D, E; ",C; D;,Kd,6.1,uM,
2x9a,"A, C; B, D; ",A; B;,Kd,4.4,uM,
2xa0,"A, B; C, D; ",A; C;,Kd,35.3,nM,
2xb6,"A, B; C, D; ",A; C;,Kd,115,nM,
2xbb,"A, B; C, D; ",A; C;,Kd,11,uM,
2xdf,"A, B; C, D; ",A; C;,Kd,21,uM,
2xgy,A; B;,A; B;,Kd,30,uM,
2xhe,A; B;,A; B;,Kd,3.9,nM,
2xns,"A, B; C, D; ",A; C;,Kd,810,nM,
2xpx,A; B;,A; B;,Kd,150,nM,
2xqr,"A, C, E, G, I, K; B, D, F, H, J, L; ",A; B;,Kd,31,nM,
2xtt,A; B;,A; B;,Ki,20,pM,
2xze,"A, B; Q, R; ",A; Q;,Kd,113,nM,
2y5b,"A, E; B, F; ",A; B;,Kd,4.2,uM,
2y8s,"A, D; B, E; ",A; B;,Kd,0.989,nM,
2y8t,"A, D; B, E; ",A; B;,Kd,14.2,nM,
2y9m,A; B;,A; B;,Kd,2,nM,
2ygg,A; B;,A; B;,Kd,20,nM,
2yj1,"A, C; B, D; ",A; B;,IC50,26,nM,
2yq7,A; B;,A; B;,Ki,35,nM,
2yvj,"A, P; B; ",A; B;,Kd,294,uM,
2z3q,"A, C; B, D; ",A; B;,Kd,38,pM,
2z3r,"A, C, E, G, I, K, M, O; B, D, F, H, J, L, N, P; ",A; B;,Kd,38,pM,
2z58,A; B;,A; B;,Kd,16,nM,
2z7f,E; I;,E; I;,IC50,13,nM,
2z8v,"A, B; C, D; ",A; D;,Kd,4.8,nM,
2z8w,"A, B; C, D; ",A ; D;,Kd,4.7,nM,
2za4,"A, C; B, D; ",A; B;,Kd,0.14,nM,
2zvk,"A, B, C; U, V, W; ",A; U;,Kd,0.4,uM,
3a4s,"A, B; C, D; ",B; C;,Kd,2.81,uM,
3ajb,A; B;,A; B;,Kd,40.8,nM,
3alz,A; B;,A; B;,Kd,0.52,uM,
3aon,A; B;,A; B;,Kd,3.2,nM,
3au4,A; B;,A; B;,Kd,0.53,uM,
3b08,"A, D, G, J; B, E, H, K; ",A; B;,Kd,17.2,uM,
3beg,A; B;,A; B;,Kd,50,nM,
3bh6,A; B;,A; B;,Kd,95,nM,
3bik,"A; B, C; ",A; B;,Kd,8,uM,
3biw,"A, B, C, D; E, F, G, H; ",A; E;,Kd,97,nM,
3blh,A; B;,A; B;,Kd,300,nM,
3bn3,A; B;,A; B;,Kd,20,uM,
3bp8,"A, B; C, D; ",A; C;,Kd,4.14,nM,
3bs5,A; B;,A; B;,Kd,92.5,nM,
3bx1,"A, B; D, C; ",A; C;,Kd,1.3,uM,
3bzd,A; B;,A; B;,Kd,96,uM,
3c4m,"A, B; C, D; ",A; C;,Kd,0.98,uM,
3c4o,A; B;,A; B;,Kd,4.6,nM,
3c4p,A; B;,A; B;,Kd,4.4,nM,
3c59,A; B;,A; B;,IC50,5,nM,
3c5t,A; B;,A; B;,IC50,0.6,nM,
3c66,"A, B; C, D; ",A; C;,Kd,3,uM,
3c9a,"A, B; C, D; ",A; C;,Kd,7.7,nM,
3ch5,A; B;,A; B;,Kd,120,uM,
3cqc,A; B;,A; B;,Kd,4,nM,
3cqg,A; B;,A; B;,Kd,4,nM,
3cx6,A; B;,A; B;,Kd,4.8,uM,
3cx7,A; B;,A; B;,Kd,520,nM,
3cx8,A; B;,A; B;,Kd,340,nM,
3d1m,"A, B; C, D; ",A; D;,Kd,1.3,uM,
3d5r,"A, B; C, D; ",A; C;,Kd,19,nM,
3d5s,"A, B; C, D; ",A; C;,Kd,26,nM,
3d7t,A; B;,A; B;,Kd,70,uM,
3d7u,"A, C; B, D; ",A; B;,Kd,30,uM,
3da7,"A, B, E, G; C, D, F, H; ",A; D;,Kd,0.13,uM,
3ddc,A; B;,A; B;,Kd,0.77,uM,
3dgc,"L, M; R, S; ",L; R;,Kd,1,nM,
3di2,"A, C; B, D; ",A; B;,Kd,18,uM,
3di3,A; B;,A; B;,Kd,21,nM,
3doe,A; B;,A; B;,Kd,20,nM,
3dvm,A; B;,A; B;,Kd,4.32,nM,
3dvu,"A, B; C, D; ",A; C;,Kd,0.2,uM,
3dxc,"A, C; B, D; ",A; B;,Kd,0.22,uM,
3dxd,"A, C; B, D; ",A; B;,Kd,0.34,uM,
3dxe,"A, C; B, D; ",A; B;,Kd,0.33,uM,
3e1z,A; B;,A; B;,Ki,0.036,nM,
3e2k,"A, B; C, D; ",A; D;,Ki,69,pM,
3e2l,"A, B; C, D; ",A; C;,Ki,69,pM,
3e2u,"A, B, C, D; E, F, G, H; ",A; E;,Kd,2.3,uM,
3eab,"A, B, C, D, E, F; G, H, I, J, K, L; ",A; G;,Kd,12,uM,
3eba,A; B;,A; B;,Kd,2.36,nM,
3eg5,"A, C; B, D; ",A; B;,Kd,1253,nM,
3ehu,"A, B; C, D; ",A; C;,IC50,6.6,uM,
3ejh,"A, B; E, F; ",A; E;,Kd,5,uM,
3ejj,"A, B; X; ",A; X;,Kd,455,nM,
3eoy,"A, B, C, D, E, F; G, H, I, J, K, L; ",A; G;,Kd,2.8,nM,
3etb,"F, G, H, I; J, K, L, M; ",F; J;,Kd,29,pM,
3f1p,A; B;,A; B;,Kd,120,uM,
3f50,A; B;,A; B;,Ki,9,nM,
3ff8,"A, B; C, D; ",A; C;,Kd,130,uM,
3fhc,A; B;,A; B;,Kd,21.6,nM,
3fie,"A, B; C, D; ",A; C;,Ki,1,nM,
3fii,A; B;,A; B;,Ki,1.9,nM,
3fju,A; B;,A; B;,Ki,1.6,nM,
3fp6,E; I;,E; I;,Kd,0.1,pM,
3fpu,A; B;,A; B;,Kd,0.12,nM,
3fxd,"A, C; B, D; ",A; B;,Kd,20,nM,
3g3a,"A, C, E, G; B, D, F, H; ",A; B;,Kd,0.43,uM,
3g3b,"A, C, E, G; B, D, F, H; ",A; B;,Kd,34,nM,
3g7a,A; B;,A; B;,Ki,9,nM,
3g9v,"A, C; B, D; ",A; B;,Kd,1,pM,
3g9w,"A, B; C, D; ",A; D;,Kd,36,uM,
3gb8,A; B;,A; B;,Kd,6.5,uM,
3gc3,A; B;,A; B;,Kd,2.1,uM,
3gj3,A; B;,A; B;,Kd,49,uM,
3gj4,"A, C; B, D; ",A; B;,Kd,6.6,uM,
3gj5,"A, C; B, D; ",A; B;,Kd,47,uM,
3gj6,A; B;,A; B;,Kd,6.5,uM,
3gj7,"A, C; B, D; ",A; B;,Kd,4,uM,
3gj8,"A, C; B, D; ",A; B;,Kd,3,uM,
3gjn,"A, D; B, C; ",A; B;,Kd,1,pM,
3gmw,"A, C; B, D; ",A; B;,Kd,0.05,nM,
3gni,A; B;,A; B;,Kd,12,nM,
3gqi,A; B;,A; B;,Kd,33,nM,
3gs2,"A, C; B, D; ",A; B;,Kd,9.2,nM,
3gty,X; S;,X; S;,Kd,0.47,nM,
3gxu,A; B;,A; B;,Kd,203,nM,
3h2u,"A, C; B, D; ",A; B;,Kd,12.6,uM,
3h2v,"A, B, C, D; E, F, G, H; ",A; E;,Kd,22.1,uM,
3h3g,A; B;,A; B;,Kd,0.99,uM,
3h6s,"A, B, C, D; E, F, G, H; ",A; E;,Ki,0.08,nM,
3h8k,A; B;,A; B;,Kd,21,nM,
3hct,A; B;,A; B;,Kd,1.48,uM,
3hcu,"A, C; B, D; ",A; B;,Kd,1.48,uM,
3ho5,"A, B; H; ",B; H;,Kd,220,nM,
3htu,"A, C, E, G; B, D, F, H; ",A; B;,Kd,1.8,uM,
3ia3,"A, C; B, D; ",A; D;,Kd,93,nM,
3idb,A; B;,A; B;,Kd,11.3,nM,
3idc,A; B;,A; B;,Kd,0.6,nM,
3ifq,"A, B; C, D; ",A; C;,Kd,116,nM,
3inb,"A, B; C, D; ",A; D;,Kd,0.2,uM,
3iol,A; B;,A; B;,IC50,500,nM,
3ixe,A; B;,A; B;,IC50,2.3,uM,
3ixs,"A, C, E, G, I, K; B, D, F, H, J, L; ",A; B;,Kd,90,nM,
3jza,A; B;,A; B;,Kd,3,pM,
3k1r,A; B;,A; B;,Kd,1,nM,
3k2m,"A, B; C, D; ",A; D;,Kd,7,nM,
3k6g,"A, B, C; D, E, F; ",A; D;,Kd,16.5,nM,
3k75,"B, C; D, E; ",B; D;,Kd,110,nM,
3k8p,C; D;,C; D;,Kd,10,nM,
3k9m,"A, B; C, D; ",A; C;,Ki,2,nM,
3kbt,"A, B; C, D; ",A; D;,Kd,9.29,nM,
3kj0,A; B;,A; B;,Kd,2,nM,
3kj1,A; B;,A; B;,Kd,2,nM,
3kj2,A; B;,A; B;,Kd,2,nM,
3kls,"A, B; X, Y; ",A; X;,Kd,5.5,nM,
3knb,A; B;,A; B;,Kd,0.94,uM,
3kuc,A; B;,A; B;,Kd,0.442,uM,
3kud,A; B;,A; B;,Kd,1.7,uM,
3kv4,A; B;,A; B;,Kd,1,uM,
3kw5,A; B;,A; B;,Kd,385,nM,
3kyi,A; B;,A; B;,Kd,218,uM,
3kz0,"A, B; C, D; ",A; C;,Ki,273,nM,
3kz1,"A, B; E, F; ",A; F;,Kd,110,nM,
3l33,"A, B, C, D; E, F, G, H; ",A; E;,Ki,136,nM,
3l9j,C; T;,C; T;,Kd,0.34,nM,
3laq,"A, B; U, V; ",A; U;,Kd,0.17,nM,
3lb8,"A, B; C, D; ",A; C;,Kd,66,uM,
3lbx,A; B;,A; B;,Kd,400,nM,
3lms,A; B;,A; B;,Ki,1.2,nM,
3m18,A; B;,A; B;,Kd,180,pM,
3m63,A; B;,A; B;,Kd,175,nM,
3ma2,"D, A; B, C; ",D; C;,Kd,1.53,uM,
3mc0,"A, C; B, D; ",A; B;,Kd,0.125,uM,
3mca,A; B;,A; B;,Kd,0.39,uM,
3me2,A; R;,A; R;,Kd,68,pM,
3mj7,A; B;,A; B;,Kd,5,uM,
3mjh,"A, C; B, D; ",A; B;,Kd,2.4,uM,
3mzg,A; B;,A; B;,Kd,4.97,mM,
3mzw,A; B;,A; B;,Kd,22,pM,
3n00,A; B;,A; B;,IC50,0.22,uM,
3n06,A; B;,A; B;,Kd,3.1,mM,
3n0p,A; B;,A; B;,Kd,5.1,mM,
3n4i,A; B;,A; B;,Kd,1.1,nM,
3ncb,A; B;,A; B;,Kd,93,mM,
3ncc,A; B;,A; B;,Kd,212,mM,
3noc,"A, B, C; D, E; ",A; E;,Kd,1.5,nM,
3nog,"A, B, C; D, E; ",A; E;,Kd,22.4,nM,
3nvn,A; B;,A; B;,Kd,9.4,nM,
3nvq,"A, E; B, F; ",A; B;,Kd,287,nM,
3o34,A; B;,A; B;,Kd,8.8,uM,
3o40,A; B;,A; B;,Ki,1.4,nM,
3o43,A; B;,A; B;,Ki,9,nM,
3o5t,A; B;,A; B;,Kd,1.5,uM,
3o6b,"A, C, E, G, I; B, D, F, H, J; ",A; B;,Kd,227,nM,
3oak,"A, B; C, D; ",A; D;,Kd,169,nM,
3oed,"A, B; C, D; ",A; C;,Kd,0.5,uM,
3ogo,"A, B, C, D; E, F, G, H; ",A; E;,Kd,0.32,nM,
3ohm,A; B;,A; B;,Kd,200,nM,new PDB: 7sq2
3oiq,A; B;,A; B;,Kd,3.8,uM,
3oj2,"A, B; C, D; ",A; C;,Kd,130,nM,
3ojm,A; B;,A; B;,Kd,130,nM,
3oky,A; B;,A; B;,Kd,1.3,uM,
3ol2,A; B;,A; B;,Kd,5.5,uM,
3olm,A; D;,A; D;,Kd,90.6,uM,
3ona,A; B;,A; B;,Kd,0.68,uM,
3onl,"A, B; C; ",A; C;,Kd,12,uM,
3onw,"A, B; C, D; ",A; C;,Kd,2.3,nM,
3osl,"A, C; B, D; ",A; B;,Kd,1.8,nM,
3oun,A; B;,A; B;,Kd,58,nM,
3ouw,A; B;,A; B;,Kd,23,nM,
3oux,A; B;,A; B;,Kd,35,nM,
3owt,"A, B; C; ","A, B; C; ",Kd,2.49,uM,
3oxu,"A, B, C; D, E, F; ",A; E;,Kd,34,uM,
3p71,T; C;,T; C;,Kd,0.38,uM,
3p92,A; E;,A; E;,Ki,5.9,nM,
3p95,A; E;,A; E;,Ki,1.5,uM,
3p9w,"A, C, E, G; B, D, F, H; ",A; B;,Kd,16,nM,
3pnr,A; B;,A; B;,Ki,11.9,nM,
3pvm,"A, C; B, D; ",A; B;,Kd,42,nM,
3q4f,"E, F, A, B; C, D, G, H; ","A, B; G, H; ",Kd,4.1,uM,
3q9n,"A, B; C, D; ",A; C;,Kd,17,nM,
3q9u,"A, B; C, D; ",A; C;,Kd,5.2,nM,
3qbq,"A, C; B, D; ",A; B;,Kd,230,nM,
3qbr,"A, X; B, Y; ",A; B;,IC50,68,nM,
3qbt,"A, C, E, G; B, D, F, H; ",A; B;,Kd,0.9,uM,
3qbv,"A, C; B, D; ",A; B;,Kd,478,nM,
3qc8,A; B;,A; B;,Kd,11.2,uM,
3qht,"A, B; C, D; ",A; C;,Kd,82,nM,
3qhy,A; B;,A; B;,Kd,1.1,pM,
3qi2,"A, B; C, D; ",A; C;,Kd,45,nM,
3qlu,"A, B; C, D; ",A; C;,Kd,11,nM,
3qml,"A, B; C, D; ",A; C;,Kd,13,nM,
3qq8,A; B;,A; B;,Kd,1.5,uM,
3qs7,"A, B, C, D; E, F, G, H; ",A; E;,Kd,40,nM,
3qsk,A; B;,A; B;,Kd,91,nM,
3qt2,"A, B; C, D, E, F; ","A; C, D; ",Kd,1.9,nM,
3qwq,A; B;,A; B;,Kd,2,nM,
3r4d,"A, C; B, D; ",A; B;,Kd,21.4,nM,
3r85,"A, B, C, D; E, F, G, H; ",A; E;,Kd,41.3,uM,
3r9a,"A, C; B, D; ",A; B;,Kd,3.5,uM,
3rbb,"A, C; B, D; ",A; B;,Kd,12.3,nM,
3rdz,"A, B; C, D; ",A; C;,Kd,2.69,nM,
3rea,"A, C; B, D; ",A; B;,Kd,179,nM,
3reb,"A, C; B, D; ",A; B;,Kd,96,nM,
3rgf,A; B;,A; B;,Kd,7.05,nM,
3ro2,A; B;,A; B;,Kd,0.046,uM,
3rt0,"A, B; C, D; ",A; C;,Kd,1.2,uM,
3rzw,"A, B; C, D; ",A; D;,Kd,68,nM,
3s2k,"A, B; C; ",A; C;,Kd,71.5,nM,
3s8v,"A, B; X; ",A; X;,Kd,50,nM,
3sf4,"A, B, C; D, E, F; ",A; D;,Kd,2.4,nM,
3sgb,E; I;,E; I;,Kd,17.9,pM,
3sjh,A; B;,A; B;,Kd,3.4,uM,
3sku,"A, B, C; E, D, F; ",A; D;,Kd,70,nM,
3sri,A; B;,A; B;,Kd,165,nM,
3sua,"A, B, C; D, E, F; ",A; D;,Kd,18.9,uM,
3syn,"A, B, C, D; E, F, G, H; ",A; E;,Kd,0.6,uM,
3t04,A; D;,A; D;,Kd,52,nM,
3t1q,"A; B, C; ","A; B, C; ",Kd,5,uM,
3t6g,"A, C; B, D; ",A; B;,Kd,30,nM,
3tac,A; B;,A; B;,Kd,0.55,uM,
3tei,A; B;,A; B;,Kd,0.5,uM,
3tg1,A; B;,A; B;,Ki,1.01,uM,
3tgk,E; I;,E; I;,Ki,12,uM,
3tkl,A; B;,A; B;,Kd,0.43,uM,
3tl8,"A, D, G, H; B, F, K, L; ",A; B;,Kd,3.5,uM,
3tnf,A; B;,A; B;,Kd,0.01,nM,
3tsr,"A, B, C, D; E, F, G, H; ",A; E;,Kd,0.2,fM,
3tu3,A; B;,A; B;,Kd,57,nM,
3twi,"A, B, C; D, E, F; ",A; D;,Kd,0.6,uM,
3tz1,A; B;,A; B;,Kd,0.141,uM,
3u43,A; B;,A; B;,Kd,1,fM,
3u82,A; B;,A; B;,Kd,17.1,nM,
3u8x,"A, C; B, D; ",A; B;,Kd,3.4,uM,
3u9d,"A, C; B, D; ",A; B;,Kd,0.5,uM,
3u9z,A; C;,A; C;,Kd,1.54,uM,
3uir,"A, B; C, D; ",A; C;,Ki,0.436,nM,
3ujg,A; B;,A; B;,IC50,1.7,uM,
3ukw,B; C;,B; C;,Kd,0.11,nM,
3ukx,B; C;,B; C;,Kd,0.03,nM,
3ukz,B; C;,B; C;,Kd,2.4,nM,
3ul0,B; C;,B; C;,Kd,2.3,nM,
3ul1,B; A;,B; A;,Kd,2.7,nM,
3ul4,A; B;,A; B;,Kd,11.4,nM,
3ula,"A, C; B, D; ",A; D;,Kd,2.84,nM,
3ux9,"A, C; B, D; ",A; B;,Kd,0.747,nM,
3uyo,A; D;,A; D;,Kd,6.8,uM,
3uyp,A; B;,A; B;,Kd,4.1,uM,
3uz0,"A, C; B, D; ",A; B;,Kd,0.56,uM,
3uze,"A, B; C, D; ",A; C;,Kd,8,nM,
3uzq,A; B;,A; B;,Kd,0.082,nM,
3uzv,A; B;,A; B;,Kd,0.43,nM,
3v3k,"A, C, E, G, I, K, M, O; B, D, F, H, J, L, N, P; ",A; B;,Kd,38.7,nM,
3v4y,"A, C, E, G; B, D, F, H; ",A; B;,Kd,17.8,nM,
3v6b,A; R;,A; R;,Kd,0.28,uM,
3v96,A; B;,A; B;,Ki,1.1,nM,
3vep,"X, C, G, J; D, A, E, H; ",X; D;,Kd,10.3,uM,
3vhx,"A, C, E, G; B, D, F, H; ",A; B;,Kd,15,uM,
3vpj,"A, B, C, D; E, F, G, H; ",A; E;,Kd,2.77,nM,
3vv2,A; B;,A; B;,Kd,52,pM,
3vyr,A; B;,A; B;,Kd,140,nM,
3w6j,"A, D; B, C, E, F; ","A; B, C; ",Kd,56,nM,
3w8h,A; B;,A; B;,Kd,0.164,uM,
3w8i,A; B;,A; B;,Kd,2.15,nM,
3wa5,A; B;,A; B;,Kd,28.1,nM,
3wdg,A; B;,A; B;,Kd,1.198,nM,
3wkn,"C, B, A, D, I, J, M, N; E, F, G, H, K, L, O, P; ",I; K;,Kd,1.6,nM,
3wkt,"A, B; C, D; ",A; C;,Kd,0.1,uM,
3wqb,A; B;,A; B;,Kd,1.8,nM,
3wrx,"A, B; C, D; ",A; C;,Kd,2.1,uM,
3wry,"A, B; C, D; ",A; C;,Kd,0.31,uM,
3wwn,A; B;,A; B;,Kd,6.62,uM,
3zet,A; B;,A; B;,Kd,0.29,uM,
3zeu,"A, D; B, E; ",A; B;,Kd,0.29,uM,
3zkq,A; D;,A; D;,Kd,1.2,nM,
3znz,A; B;,A; B;,Kd,196,nM,
3zo0,A; B;,B; A;,Kd,437,nM,
3zrz,"A, B; C, D; ",A; C;,Kd,0.030,nM,
3zs9,"A, B; C, D; ","A; C, D; ",Kd,150,nM,
3zu7,A; B;,A; B;,Kd,6.6,nM,
3zuv,"A, C; B, D; ",A; B;,Kd,117,nM,
3zv0,"A, B; C, D; ",A; C;,Ki,110,uM,
3zwh,"A, B; Q; ","A, B; Q; ",Kd,1540,nM,
3zwl,"B, D; E, F; ",B; E;,Kd,160,nM,
3zwz,A; B;,A; B;,Kd,20.3,nM,
3zyi,A; B;,A; B;,Kd,7.3,nM,
3zyj,"A, C; B, D; ",A; B;,Kd,7.9,nM,
4a1s,"A, B; C, E; ",A; C;,Kd,5,nM,
4a1u,A; B;,A; B;,Ki,0.54,uM,
4a49,A; B;,A; B;,Kd,42,uM,
4a94,"A, B; C, D; ",A; D;,Ki,4.9,pM,
4afq,"A, B; C, D; ",A; C;,Kd,2.4,nM,
4afz,"A, B; C, D; ",A; C;,Kd,0.9,nM,
4ag2,"A, B; C, D; ",A; C;,Kd,6.2,nM,
4an7,A; B;,A; B;,Ki,3.2,nM,
4aoq,"A, B, C; D, E, F; ",A; D;,Kd,201.8,nM,
4aor,"A, B, C; D, E, F; ",A; D;,Kd,60.9,nM,
4ap2,A; B;,A; B;,Kd,20,nM,
4apf,A; B;,A; B;,Kd,0.65,uM,
4apx,A; B;,A; B;,Kd,2.9,uM,
4aqe,A; B;,A; B;,Kd,2.4,uM,
4asw,"A, B; C; ","A, B; C; ",Kd,100,nM,
4awx,A; B;,A; B;,Kd,0.5,uM,
4ayd,"A, B, E; C, D, F; ",A; D;,Kd,820,nM,
4aye,"A, B, E; C, D, F; ",A; D;,Kd,3330,nM,
4ayi,"A, E; D; ",A; D;,Kd,2,nM,
4b1v,"A, B; M, N; ",A; M;,Kd,0.32,uM,
4b1x,B; M;,B; M;,Kd,4.34,uM,
4b1y,B; M;,B; M;,Kd,0.27,uM,
4b93,A; B;,A; B;,Kd,2.3,uM,
4bd9,A; B;,A; B;,Ki,31,nM,
4bfi,A; B;,A; B;,Kd,0.6,uM,
4bkx,A; B;,A; B;,Kd,5,uM,
4bpk,"A, B; C, D; ",A; C;,IC50,25,nM,
4bpx,"A, C; B, D; ",C; D;,Kd,0.25,uM,
4bqd,"A, B; C, D; ",A; C;,Kd,0.5,nM,
4bru,A; B;,A; B;,Kd,200,nM,
4brw,A; B;,A; B;,Kd,50,nM,
4bwq,"A, C, E, G; B, D, F, H; ",A; B;,Kd,19.7,uM,
4bxl,"A, B; C; ","A, B; C; ",Kd,240,nM,
4byf,"B, D; A, C; ",A; B;,Kd,0.9,uM,
4c2a,A; B;,A; B;,Kd,9.7,nM,
4c2b,"A, C, E, G; B, D, F, H; ",A; B;,Kd,9,nM,
4c4k,O; T;,O; T;,Kd,2.7,uM,
4c4p,A; B;,A; B;,Kd,0.25,uM,
4c5g,A; B;,A; B;,Kd,1.03,uM,
4c7n,A; B;,A; B;,Kd,1,nM,
4c99,"A, C; B, D; ",A; B;,Kd,114,nM,
4c9b,A; B;,A; B;,Kd,28.4,nM,
4cdk,"A, B, C, D; E, F, G, H; ",A; E;,Kd,1.9,uM,
4cj0,A; B;,A; B;,Kd,98,nM,
4cj1,A; B;,A; B;,Kd,48,nM,
4cj2,"A, B; C, D; ",A; D;,Kd,11,nM,
4cmm,A; B;,A; B;,Kd,0.8,uM,
4ct0,A; B;,A; B;,Kd,28,nM,
4cu4,A; B;,A; B;,Kd,1.2,uM,
4cvw,"A, B; C, D; ",A; C;,Kd,30,pM,
4d0g,A; C;,A; C;,Kd,1.8,uM,
4d0n,A; B;,A; B;,Kd,18.1,uM,
4dbg,A; B;,A; B;,Kd,0.52,uM,
4dcn,"A, B; C, D; ",A; C;,Kd,3.3,uM,
4dg4,"A, B, D, G; E, C, F, H; ",A; E;,Ki,2.7,uM,
4dge,"A, B; C, D; ",A; C;,Kd,38.5,uM,
4dh2,"A, C; B, D; ",A; B;,Kd,32.6,nM,
4did,A; B;,A; B;,Kd,6,uM,
4dj9,A; B;,A; B;,Kd,99,nM,
4dm6,"A, B; E, F; ",A; E;,Kd,1.5,uM,
4dm8,"A, B; C, D; ",A; C;,Kd,1.5,uM,
4doq,"A, C, E; B, D; ",A; B;,Ki,140,nM,
4dpg,"A, B, C, D, E, F, G, H; I, J, K, L; ","A, B;  I;",Kd,90,nM,
4dra,"A, B, C, D; E, F, G, H; ",A; E;,Kd,1.17,uM,
4ds8,A; B;,A; B;,Kd,7.7,uM,
4dt1,A; B;,A; B;,Kd,0.56,uM,
4dvg,A; B;,A; B;,Kd,3,uM,
4dx8,"A, B, D, E; H, I, J, K; ",A; J;,Kd,1.24,uM,
4dxa,A; B;,A; B;,Kd,1.8,uM,
4dzu,A; B;,A; B;,Ki,0.2,nM,
4dzv,A; B;,A; B;,Ki,11,nM,
4e42,"A, C; B, D; ",A; B;,Kd,300,uM,
4eah,"D, H, G, F; A, E, C, B; ",D; A;,IC50,1.7,nM,
4eee,"A, C; B, D; ",A; B;,Kd,0.2,nM,
4ehq,A; G;,A; G;,Kd,1.3,uM,
4eig,A; B;,A; B;,Kd,1,nM,
4eiz,"A, B; C, D; ",A; D;,Kd,3,nM,
4ekc,"A, C; B, D; ",A; B;,Kd,22,nM,
4ekd,A; B;,A; B;,Kd,22,nM,
4eoz,"A, C; B, D; ",A; B;,Kd,1,uM,
4eqa,"A, B; C, D; ",A; C;,Kd,2.42,nM,
4etp,A; B;,A; B;,Kd,0.37,uM,
4etw,"A, C; D, B; ",A; B;,Kd,3.1,uM,
4euk,A; B;,A; B;,Kd,4.1,uM,
4exp,A; X;,A; X;,Kd,500,nM,
4f0a,A; B;,A; B;,Kd,2.4,uM,
4f38,A; B;,A; B;,Kd,2.9,nM,
4f48,A; B;,A; B;,Kd,3.2,uM,
4fq0,"B, A; C, D; ",A; D;,Kd,0.87,uM,
4ft4,"B, A; P, Q; ",A; P;,Kd,0.5,uM,
4fza,A; B;,A; B;,Kd,99.1,nM,
4fzv,A; B;,A; B;,Kd,13.3,nM,
4g01,A; B;,A; B;,Kd,3.4,uM,
4g35,A; B;,A; B;,Ki,54,nM,
4g59,"A, B; C, D; ",A; C;,Kd,0.42,uM,
4g6u,A; B;,A; B;,Kd,17.8,nM,
4g6v,"A, C, E, G; B, D, F, H; ",A; B;,Kd,21.1,nM,
4g8a,"A, B; C, D; ",A; C;,Kd,186,pM,
4gaf,A; B;,A; B;,Kd,1.8,pM,
4geh,"A, C; B, D; ",A; B;,Kd,11.7,nM,
4gh7,"A, C; B, D; ",A; B;,Kd,5.77,nM,
4gi3,A; C;,A; C;,Ki,0.68,nM,
4giq,A; R;,A; R;,Kd,2.09,uM,
4gko,"A, B, C, D, E, F; G, H, I, J, K, L; ",A; G;,Kd,1.5,mM,
4gla,"A, B; C, D; ",A; D;,Kd,35.3,uM,
4glv,"A, C, E, G; B, D, F, H; ",A; B;,Kd,2.92,nM,
4gn3,"A, C, E, G, I, K, M, O, Q; B, D, F, H, J, L, N, P, R; ",A; B;,Kd,4.6,uM,
4gn4,B; A;,B; A;,Kd,0.253,uM,
4gn5,"A, B; C, D; ",A; D;,Kd,31.1,nM,
4h2s,"A, B; C, D; ",A; C;,Kd,21.5,uM,
4h2w,"A, B; C, D; ",A; D;,Kd,1.73,uM,
4h3p,"A, D; B, E; ",A; B;,Kd,2,uM,
4h5s,A; B;,A; B;,Kd,12.5,uM,
4h6j,A; B;,A; B;,Kd,190,nM,
4hcn,A; B;,A; B;,Kd,106.7,uM,
4hcp,A; B;,A; B;,Kd,9.4,uM,
4hdo,A; B;,A; B;,Kd,0.36,uM,
4hep,A; G;,A; G;,Kd,300,nM,
4hff,A; B;,A; B;,Kd,0.269,nM,
4hfk,"A, C; B, D; ",A; B;,Kd,0.269,nM,
4hgk,"A, B; C, D; ",A; D;,Kd,0.19,nM,
4hgm,A; B;,A; B;,Kd,16,nM,
4hnj,"A, B; C; ",A; C;,Kd,3,nM,
4hrl,C; A;,C; A;,Kd,1,nM,
4hsa,"A, B, D, E; C, F; ","A, B; C; ",Kd,1.9,nM,
4hx3,"A, C, E, G, I, K; B, D, F, H, J, L; ",A; B;,Ki,6,nM,
4i0c,"A, B; C, D; ",A; D;,Kd,460,nM,
4i6l,A; B;,A; B;,Kd,20,nM,
4i9x,"A, B; C, D; ",A; D;,Kd,5.96,nM,
4ic7,"A, D; E, B; ",A; B;,Kd,0.43,uM,
4ihl,"A, B; P; ","A, B; P; ",Kd,346,nM,
4ika,A; D;,A; D;,Kd,57.5,uM,
4ilw,"A, B; D, F; ",A; D;,Ki,5.8,nM,
4iop,A; B;,A; B;,Kd,0.67,nM,
4iu3,A; B;,A; B;,Kd,20.83,nM,
4iyp,A; C;,A; C;,Kd,0.3,uM,
4j2l,"A, B; C, D; ",A; C;,Kd,88.5,nM,
4j2y,A; B;,A; B;,Ki,0.88,nM,
4j32,A; B;,A; B;,Kd,1.28,nM,
4j6g,"A, B; C, D; ",A; C;,Kd,16.3,nM,
4je4,A; B;,A; B;,Kd,14,nM,
4jeg,A; B;,A; B;,Kd,12,nM,
4jeh,A; B;,A; B;,Kd,8.1,nM,
4jeu,A; B;,A; B;,Kd,1.4,nM,
4jmf,"A; B, C; ","A; B, C; ",Kd,0.298,uM,
4jra,"A, B; C, D; ",A; D;,Kd,28,nM,
4js0,A; B;,A; B;,Kd,5,uM,
4jw2,A; B;,A; B;,Kd,3.7,nM,
4jw3,"A, B; C, D; ",A; C;,Kd,1450,nM,
4jzw,"A, G; M, R; ",A; R;,Kd,15.4,pM,
4k0a,A; R;,A; R;,Kd,0.18,nM,
4k1r,"A, C; B, D; ",A; B;,Kd,10.2,uM,
4k5a,A; B;,A; B;,Kd,10.3,nM,
4k5b,"A, B; C, D; ",A; D;,Kd,643,pM,
4k81,"A, C, E, G; B, D, F, H; ",A; B;,Kd,3.6,uM,
4ka2,A; R;,A; R;,Kd,8.4,pM,
4kbb,"A, B; C, D; ",A; C;,Kd,0.18,uM,
4kdi,"A, B; C, D; ",A; C;,Kd,0.71,uM,
4kfz,"A, B; C, D; ",A; C;,Kd,94,nM,
4kgq,"C, D; A, B; ","C, D; A; ",Kd,36,nM,
4kjy,"A, C; B, D; ",A; B;,Kd,41.3,pM,
4kr0,A; B;,A; B;,Kd,16.7,nM,
4krl,B; A;,B; A;,Kd,47,nM,
4ksd,A; B;,A; B;,IC50,520,nM,
4kt1,A; E;,A; E;,Kd,56.5,nM,
4kt3,A; B;,A; B;,Kd,0.26,nM,
4kt5,"A, B; C; ","A, B; C; ",Kd,1.1,uM,
4kvg,"A, C; B, D; ",A; B;,Kd,0.7,uM,
4l0p,A; B;,A; B;,Kd,9,nM,
4l67,A; B;,A; B;,Kd,0.32,uM,
4lad,A; B;,A; B;,Kd,38,nM,
4lgp,"A, C; B, D; ",A; B;,Kd,0.23,nM,
4lgr,A; B;,A; B;,Kd,0.11,nM,
4llo,"A, C, E, G; B, D, F, H; ",A; B;,Kd,13.2,uM,
4ln0,"A, B; C; ","A, B; C; ",Kd,6.8,nM,
4lqw,"A, B; C, D; ",A; D;,Kd,94,uM,
4lrx,"A, B; C, D; ",A; D;,Kd,15,uM,
4lxr,"A; J, K; ","A; J, K; ",Kd,5.9,nM,
4lyl,"A, C, E, G, I, K, M, O; B, D, F, H, J, L, N, P; ",A; B;,Kd,31,nM,
4lzx,A; B;,A; B;,Kd,5.07,nM,
4m0w,A; B;,A; B;,Kd,6.7,uM,
4m1l,A; B;,A; B;,Kd,0.18,uM,
4m38,"A, B; E, F; ",A; E;,Kd,12,uM,
4m5f,A; B;,A; B;,Kd,13.5,pM,
4m6b,"A, D; C, F; ",A; C;,Kd,7.1,nM,
4mi8,"A, B; C, D; ",A; C;,Kd,1.38,uM,
4mit,"A, B, C, D; E, F, G, H; ",A; E;,Kd,0.178,uM,
4mjs,"A, C, E, G, I, K, M, O, Q, S, U, W; B, D, F, H, J, L, N, P, R, T, V, X; ",A; B;,Kd,21.6,nM,
4ml7,"A, C; B, D; ",A; B;,Kd,0.27,nM,
4mne,"A, D, E, H; B, C, F, G; ",A; B;,Kd,43,nM,
4mp0,"A, C; B, D; ",A; B;,Kd,8.7,nM,
4mqv,"A, C; B, D; ",A; B;,Kd,2.9,uM,
4mrt,C; A;,C; A;,Kd,0.92,uM,
4msm,"A, C; B, D; ",A; B;,Kd,3,uM,
4myw,"A, C; B, D; ",A; B;,Kd,19.1,nM,
4n7z,A; B;,A; B;,Kd,177,nM,
4ng2,"A, B, C, D; E, F, G, H, I, J, K, L; ","A; E, F; ",Kd,3.2,uM,
4niq,"A, B; C, D; ",A; C;,Kd,5,uM,
4nl9,"A, B; C, D; ",A; C;,Kd,249,nM,
4nm3,A; B;,A; B;,Ki,60,uM,
4noo,"A, C; B, D; ",A; B;,Kd,4.92,nM,
4nqw,A; B;,A; B;,Kd,0.42,uM,
4nso,A; B;,A; B;,Kd,0.98,nM,
4nst,"A, C; B, D; ",A; B;,IC50,1.37,uM,
4nu1,A; B;,A; B;,Ki,60,uM,
4nzl,A; B;,A; B;,Kd,25,nM,
4nzw,A; B;,A; B;,Kd,504,nM,
4ofy,"A, B, C; D, E, F; ",A; D;,Kd,0.602,uM,
4ojk,"A, B; C, D; ",A; C;,Kd,22,uM,
4ol0,A; B;,A; B;,Kd,4.7,nM,
4ons,"A, C; B, D; ",A; B;,Kd,15.8,nM,
4ovn,"A, B, C, D, E; F, G, H, I, J; ",A; F;,Kd,46,nM,
4oyd,"A, C; B, D; ",A; B;,Kd,220,pM,
4p1n,"A, B; C, D; ",A; C;,Kd,0.36,uM,
4p3y,A; B;,A; B;,Kd,146,nM,
4pas,A; B;,A; B;,Kd,126.6,nM,
4pbv,"A, B; C, D, E; ",A; C;,Kd,2.4,uM,
4pbw,"B, A, C; D, E, F; ",A; D;,Kd,551,nM,
4pbz,A; B;,A; B;,Kd,0.05,uM,
4pc0,"A, B; C, D; ",A; C;,Kd,0.2,uM,
4peq,"A, C; B, D; ",A; B;,Kd,0.2,fM,
4per,A; B;,A; B;,Kd,1,fM,
4pgj,"A, C; B, D; ",A; B;,Kd,26,nM,
4pj2,"A, B; C, D; ",A; D;,Kd,47,pM,
4plo,B; A;,B; A;,Kd,0.038,uM,
4pou,A; B;,A; B;,Kd,157,nM,
4pqt,A; B;,A; B;,Kd,1.1,uM,
4pvz,"A, B; C, D; ",A; C;,Kd,27.3,nM,
4pw9,A; B;,A; B;,Kd,13.5,uM,
4pz6,"A, B; P, Q; ",A; Q;,Kd,0.21,uM,
4q5u,A; C;,A; C;,Kd,1,pM,
4qlb,"A, C, D, B; G, E, H, F; ",A; E;,Kd,1.6,uM,
4qlp,A; B;,A; B;,Kd,0.23,nM,
4qt8,"B, A; C, D; ",A; C;,Kd,0.28,uM,
4qxa,A; B;,A; B;,Kd,0.32,uM,
4qzv,"A, C; B, D; ",A; B;,Kd,35.7,uM,
4r8i,A; B;,A; B;,Kd,1.4,nM,
4ra0,"A, B; C, D; ",A; D;,Kd,2.7,pM,
4re1,"A, B; C, D; ",A; D;,Kd,1.2,uM,
4rey,A; B;,A; B;,Kd,108,nM,
4rs1,B; A;,B; A;,Kd,23.9,nM,
4rt6,A; B;,A; B;,Kd,13.2,nM,
4rws,A; C;,A; C;,IC50,6,nM,
4rwt,"A, B; C, D; ",A; D;,Kd,0.23,uM,
4s0s,"A, B; D, E; ",A; D;,Kd,11.4,nM,
4tq0,"A, C, E; B, D, F; ",A; B;,Kd,6.9,uM,
4tq1,A; B;,A; B;,Kd,350,uM,
4u0q,"A, C; B, D; ",A; B;,Kd,1.1,uM,
4u2x,"A, B, C; D, E, F; ",A; D;,Kd,1,nM,
4u30,"A, B, C, D; X, Y, Z, W; ",A; X;,Ki,138,nM,
4u32,X; A;,X; A;,Ki,379,nM,
4u4c,A; B;,A; B;,Kd,310,nM,
4u5w,"A, C; B, D; ",A; B;,Kd,2.63,uM,
4udm,B; A;,B; A;,Kd,4,nM,
4uem,A; B;,A; B;,Kd,6.4,nM,
4uf1,A; B;,A; B;,Kd,6.98,uM,
4ui1,"C, D; A, B; ",D; A;,Kd,124,nM,
4uwx,"A, B; C, D; ",A; C;,Kd,6.9,uM,
4uyp,"A, C; B, D; ",A; D;,Kd,20,pM,
4uyq,A; B;,A; B;,Kd,14,pM,
4v0n,"A, C, E, G; B, D, F, H; ",A; B;,Kd,348,nM,
4v0o,"A, C, E, G; B, D, F, H; ",A; B;,Kd,348,nM,
4v2c,"D, B; A, C; ",B; A;,Kd,18,uM,
4w4o,"A, B; C; ","A, B; C; ",Kd,4.2,nM,
4w6w,A; B;,A; B;,Kd,3.57,nM,
4w6x,A; B;,A; B;,Kd,5.25,nM,
4w6y,A; B;,A; B;,Kd,1.58,nM,
4wb2,"A, B, C; D, E; ",A; D;,Kd,20.1,pM,
4wem,A; B;,A; B;,Kd,6.8,uM,
4wen,A; B;,A; B;,Kd,0.1,uM,
4weu,"D, E; A, B; ",D; B;,Kd,5.7,uM,
4wnd,A; B;,A; B;,Kd,32.9,nM,
4wwi,"A, B, C; D, E, F; ",A; D;,Kd,15.2,nM,
4x33,A; B;,A; B;,Kd,0.25,uM,
4x4m,"A, B, C, D; E, F; ","A, B; E; ",Kd,8.8,nM,
4x7d,"A, B; C, D; ",A; D;,Kd,3.5,nM,
4x7e,"A, B; C, D; ",A; C;,Kd,7,nM,
4x7f,"A, B; C, D; ",A; C;,Kd,28,nM,
4x7s,H; L;,H; L;,Kd,10,nM,
4xhu,"C, A; D, B; ",C; D;,Kd,26,nM,
4xkl,"A, C; B, D; ",A; B;,Kd,39.1,uM,
4xl1,"A, D; B, E; ",A; B;,Kd,304,nM,
4xl5,A; C;,A; C;,Kd,1.4,nM,
4xlw,"A, C, E, G; B, D, F, H; ",A; B;,Kd,262,nM,
4xoi,"A, C; B, D; ",A; B;,Kd,7.3,uM,
4xvp,"A, B, C; D, E, F; ",A; D;,Kd,4.2,nM,
4xwj,A; B;,A; B;,Kd,4.45,nM,
4xxb,A; B;,A; B;,Kd,1.48,uM,
4xxw,"B, A; C, D; ",B; C;,Kd,5.12,uM,
4y5o,A; B;,A; B;,Kd,1.4,uM,
4y61,A; B;,A; B;,Kd,355.5,nM,
4yc7,B; A;,B; A;,Kd,1.89,uM,
4ydh,"A, C; B, D; ",A; B;,Kd,2.55,uM,
4yeb,A; B;,A; B;,Kd,17,nM,
4yh7,A; B;,A; B;,Kd,0.15,uM,
4yiq,"A, C; B, D; ",A; B;,Kd,2,uM,
4yiz,"A, C, E; B, D, F; ",A; B;,Kd,8,nM,
4yj4,A; B;,A; B;,Kd,9.9,nM,
4yl8,A; B;,A; B;,Kd,5.4,uM,
4yn0,A; B;,A; B;,Kd,85,nM,
4yoc,A; C;,A; C;,Kd,0.6,uM,
4ypi,"C, A, B, D; G, E, F, H; ",C; G;,Kd,19.4,nM,
4yvq,A; C;,A; C;,Kd,2.03,uM,
4ywc,"A, B; C, D; ",A; C;,IC50,0.49,uM,
4yyp,A; B;,A; B;,Kd,280,nM,
4z80,"A, B; C, D; ",A; C;,Kd,12,nM,
4z9k,A; B;,A; B;,Kd,2.2,nM,
4zgm,A; B;,A; B;,IC50,0.38,nM,
4zgq,A; B;,A; B;,Kd,2.5,uM,
4zgy,A; B;,A; B;,Kd,0.7,uM,
4zi2,"A, B; C, D; ",A; C;,Kd,0.42,uM,
4zii,A; C;,A; C;,IC50,66,nM,
4zk9,A; B;,A; B;,Kd,0.24,nM,
4zkc,A; B;,A; B;,Kd,0.22,nM,
4zlt,"B, A; F, L; ",B; F;,Kd,1.4,nM,
4zqu,A; B;,A; B;,Kd,16,nM,
4zrj,A; B;,A; B;,Kd,2.9,uM,
4zrk,"A, B, C, D; E, F, G, H; ",A; E;,Kd,1,uM,
4zrp,"A, B; C, D; ",A; C;,Kd,1.8,nM,
4zv4,"A, B; C, D; ",A; C;,Kd,23,nM,
4zw2,A; B;,A; B;,Kd,4.9,nM,
5aam,"A, B; C, J; ",A; C;,Kd,3.8,nM,
5aaw,"A, B, D, F, H, K; C, E, G, I, J, L; ",A; C;,Kd,4.32,nM,
5abv,"A, C, E, G; B, D, F, H; ",A; B;,Kd,0.52,nM,
5agw,"A, B; C, D; ",A; D;,IC50,10.2,nM,
5ajj,A; B;,A; B;,Kd,3220,nM,
5ajk,"A, C, E, G, I, K; B, D, F, H, J, L; ",A; B;,Kd,2640,nM,
5ayr,"A, C; B, D; ",A; B;,Kd,1.959,nM,
5ays,"A, B; C, D; ",A; C;,Kd,0.508,nM,
5b64,A; B;,A; B;,Kd,70,nM,
5b75,A; B;,A; B;,Kd,10,uM,
5b76,A; B;,A; B;,Kd,5.8,uM,
5b77,A; B;,A; B;,Kd,10.8,uM,
5b78,A; B;,A; B;,Kd,1.88,uM,
5bn5,A; B;,A; B;,Kd,11,uM,
5bnq,A; R;,A; R;,Kd,0.156,nM,
5boz,"A, B, C, D, E, F; G, H, I, J, K, L; ",A; G;,Kd,0.7,nM,
5c3f,A; B;,A; B;,IC50,1.6,uM,
5c4v,"A, C, E; B, D, F; ",A; B;,Kd,1.1,uM,
5c67,"A, B; E, C; ",A; E;,Ki,89,pM,
5chv,"A, B; C, D; ",A; C;,Kd,1.49,uM,
5cmn,"A, B, C, D; E, F, G, H; ",A; E;,Kd,220,nM,
5ctr,"A, B; C, D; ",A; C;,Kd,0.88,uM,
5cw7,"A, C, E, G, I, K, M, O; B, D, F, H, J, L, N, P; ",A; B;,Kd,0.28,pM,
5cx3,"A, B, C, D; E, F, G, H; ",A; E;,Kd,0.54,uM,
5cxb,A; B;,A; B;,Kd,9.19,nM,
5cyk,A; B;,A; B;,Kd,249,nM,
5czf,"A, B; C, D; ",A; D;,Kd,100,pM,
5d1k,A; B;,A; B;,Kd,180,nM,
5d1l,A; B;,A; B;,Kd,141,nM,
5d1m,A; B;,A; B;,Kd,62,nM,
5d28,"A, D; B, C; ",A; B;,Kd,27,nM,
5d3i,A; B;,A; B;,Kd,0.6,nM,
5dc4,A; B;,A; B;,Kd,35,nM,
5dfw,A; H;,A; H;,Kd,0.5,nM,
5djt,A; B;,A; B;,Kd,17,nM,
5dju,"B, D; A, C; ",A; B;,Kd,11.4,nM,
5dmj,"A, D, F; B, E, G; ",A; B;,Kd,5.3,nM,
5dob,A; B;,A; B;,Kd,1,uM,
5e3e,"A, C, E; B, D, F; ",A; B;,Kd,40.9,nM,
5e6p,A; B;,A; B;,Kd,2,uM,
5e95,B; A;,B; A;,Kd,15.7,nM,
5eb1,"A, C; B, D; ",A; B;,Kd,140,nM,
5ee5,A; B;,A; B;,Kd,26,uM,
5eg3,A; B;,A; B;,Kd,0.135,uM,
5elu,A; B;,A; B;,Kd,414,nM,
5eo9,A; B;,A; B;,Kd,0.37,uM,
5ep6,"A, C; B, D; ",A; B;,Kd,0.72,uM,
5eql,A; B;,A; B;,Kd,68,nM,
5et1,"A, B; C, D; ",A; C;,Kd,107,nM,
5f3x,"A, C; B, D; ",A; B;,Kd,3.11,nM,
5f4e,A; B;,A; B;,Kd,48,nM,
5f5o,"A, C, E; B, D, F; ",A; B;,Kd,162,nM,
5f5s,A; B;,A; B;,Kd,22,nM,
5fr1,A; B;,A; B;,Kd,3.3,uM,
5fr2,A; B;,A; B;,Kd,141,nM,
5fvk,"A, B; C, D; ",A; C;,Kd,1.8,uM,
5fw5,"A, B; C; ",A; C;,Kd,80,nM,
5fzt,A; B;,A; B;,Kd,48,uM,
5g15,A; B;,A; B;,Kd,0.17,uM,
5g1x,A; B;,A; B;,Kd,12.1,uM,
5gjk,A; B;,A; B;,Kd,0.12,uM,
5glh,A; B;,A; B;,Kd,20.7,pM,
5gpg,A; B;,A; B;,IC50,2.61,nM,
5gtb,A; B;,A; B;,Kd,46,uM,
5gwo,"A, B; C, D; ",A; C;,Kd,30,nM,
5gwp,"A, B; C, D; ",A; C;,Kd,2.1,nM,
5gy2,"A, B; C, D; ",A; C;,IC50,204,pM,
5h3j,A; B;,A; B;,Kd,0.27,uM,
5h7y,A; B;,A; B;,Kd,125,nM,
5h9b,A; B;,A; B;,Kd,674.1,nM,
5hpk,A; B;,A; B;,Kd,9.7,nM,
5hps,A; B;,A; B;,Kd,322.9,nM,
5hpy,"A, D; B, F; ",A; B;,Kd,0.13,uM,
5hu3,A; B;,A; B;,Kd,1,uM,
5hvf,A; B;,A; B;,Kd,0.03,nM,
5hvg,"A, C; B, D; ",A; B;,Kd,0.63,nM,
5hyc,"A, B; C; ","A, B; C; ",Kd,15.2,uM,
5ifs,"A, C; B, D; ",A; B;,Kd,0.2,nM,
5iia,"A, C, E, G; B, D, F, H; ",A; B;,Kd,1.81,nM,
5ij0,A; B;,A; B;,Kd,7.9,uM,
5ij9,A; B;,A; B;,Kd,13.4,uM,
5imk,B; A;,B; A;,Kd,850,nM,
5imm,B; A;,B; A;,Kd,3.5,nM,
5imt,A; D;,A; D;,Kd,367,nM,
5inb,A; B;,A; B;,Kd,123,nM,
5ioh,"A, C; B, D; ",A; B;,Kd,778,nM,
5ip4,"A, B; D, E; ",A; E;,Kd,451,nM,
5ius,"A, B; C, D; ",A; C;,Kd,127,pM,
5ixd,A; B;,A; B;,Kd,70.5,nM,
5j28,"A, B; C, D; ",A; C;,Kd,193,nM,
5j4a,"A, C; B, D; ",A; B;,Kd,72,nM,
5j56,A; B;,A; B;,Kd,3.2,nM,
5j57,A; B;,A; B;,Kd,0.02,nM,
5j7c,"A, B; C, D; ",A; C;,Kd,0.209,nM,
5j8h,A; B;,A; B;,Kd,153,nM,
5jds,B; A;,B; A;,Kd,3,nM,
5jem,"A, B, E, G; C, D, F, H; ",A; C;,Kd,6.02,uM,
5jg6,"A, D; B, C; ",A; B;,Kd,1.6,uM,
5jjd,A; B;,A; B;,Kd,9.2,uM,
5jke,"A, C; B, D; ",A; B;,Kd,91,nM,
5jlv,"A, B; C, D; ",A; C;,Kd,15,nM,
5jmc,"A, C, E, G; B, D, F, H; ",A; B;,Kd,86,nM,
5jsb,"A, C, E, G, I, K; B, D, F, H, J, L; ",A; B;,Kd,0.15,uM,
5jsn,"A, C; B, D; ",A; B;,Kd,0.8,uM,
5jw7,A; B;,A; B;,Kd,9.09,uM,
5jw9,A; B;,A; B;,Kd,0.086,uM,
5jyl,"A, C; B, D; ",A; B;,Kd,8.7,nM,
5jze,"B, D; A, C; ",B; A;,Kd,7.48,uM,
5k22,A; B;,A; B;,Kd,25,nM,
5k8q,A; B;,A; B;,Kd,0.9,nM,
5kho,"A, B; C, D; ",A; C;,Kd,0.9,uM,
5kof,"B, A; C, D; ",A; C;,Kd,37.6,uM,
5kov,"A, B, H, G, N, M, S, T; C, E, K, I, Q, O, W, U; ",A; C;,Kd,1.87,nM,
5kve,E; L;,E; L;,Kd,35,nM,
5kxh,A; B;,A; B;,Kd,0.49,uM,
5ky0,A; B;,A; B;,Kd,6.5,uM,
5ky4,A; B;,A; B;,Kd,10,uM,
5ky5,A; B;,A; B;,Kd,0.79,uM,
5ky9,A; B;,A; B;,Kd,5.9,uM,
5l21,A; B;,A; B;,Kd,3.7,nM,
5l8j,A; B;,A; B;,Kd,2,uM,
5lhn,A; B;,A; B;,Kd,11.2,nM,
5li1,A; B;,A; B;,Kd,0.47,uM,
5lrw,"A, C; B, D; ",A; B;,Kd,9.3,uM,
5lxm,A; D;,A; D;,Kd,0.18,uM,
5lxq,"B, C; A, H; ",B; A;,Kd,0.64,uM,
5lz3,A; B;,A; B;,Kd,19,uM,
5lz6,A; B;,A; B;,Kd,8,uM,
5m2i,"A, B, C, D, E, F; G, H, I, J, K, L; ",A; H;,Kd,0.54,nM,
5m2j,A; D;,A; D;,Kd,0.13,nM,
5m2m,"A, B, C, G, I, M; D, E, F, H, J, N; ",A; F;,Kd,1.5,nM,
5m36,"A, B; C, D; ",A; D;,Kd,2.75,uM,
5m72,A; B;,A; B;,Kd,33,nM,
5ma3,B; A;,B; A;,Kd,38,pM,
5ma4,B; A;,B; A;,Kd,52,pM,
5ma5,"B, D; A, C; ",B; A;,Kd,29,pM,
5ma6,A; B;,A; B;,Kd,303,pM,
5mad,"A, C, E, G; B, D, F, H; ",A; B;,Kd,1.1,nM,
5mak,"B, D; A, C; ",B; A;,Kd,29,pM,
5me5,A; B;,A; B;,Kd,2.15,uM,
5mfc,"A, C; B, D; ",A; B;,Kd,18,nM,
5mk0,"A, C; B, D; ",A; B;,Kd,3.1,uM,
5ml9,A; B;,A; B;,Kd,217,nM,
5mn2,"A, B; C, D; ",A; D;,Kd,2.6,uM,
5mrv,"A, B; C; ",A; C;,Ki,3.8,uM,
5mtj,A; B;,A; B;,Kd,338,nM,
5mtm,A; B;,A; B;,Kd,7.0,nM,
5mtn,A; B;,A; B;,Kd,23.5,nM,
5mv8,A; B;,A; B;,Kd,1.4,uM,
5mv9,A; B;,A; B;,Kd,1,uM,
5my6,A; B;,A; B;,Kd,3.99,nM,
5n47,"A, C, E; B, D, F; ",A; B;,Kd,7,nM,
5n48,"A, C; B, D; ",A; B;,Kd,5,nM,
5nl1,"A, B, C, D, E, F; G, H, I, J, K, L; ",A; H;,Kd,174,nM,
5npo,A; B;,A; B;,Kd,0.95,uM,
5nqf,A; B;,A; B;,Kd,169,nM,
5nqg,A; B;,A; B;,Kd,50,nM,
5nt7,"B, D; A, C; ",B; A;,Kd,10.6,uM,
5nus,A; B;,A; B;,Kd,11,nM,
5nvk,"A, C, E, G; B, D, F, H; ",A; B;,Kd,0.4,nM,
5nvl,"A, C; B, D; ",A; B;,Kd,0.3,nM,
5nvm,"A, C; B, D; ",A; B;,Kd,14,nM,
5nvn,"A, C; B, D; ",A; B;,Kd,55,nM,
5nwm,A; B;,A; B;,Kd,0.04,uM,
5nzz,"A, B, C, D; E, F, G, H; ",A; H;,Kd,1.7,uM,
5o05,"C, D; A, B; ",C; B;,Kd,0.81,nM,
5o0w,"A, B, C, D; E, F, G, H; ",A; E;,Kd,73.83,pM,
5o2s,"A, C, E, G; B, D, F, H; ",A; B;,Kd,3.9,nM,
5o2t,A; B;,A; B;,Kd,167,nM,
5o2u,"A, C; B, D; ",A; B;,Kd,0.69,nM,
5o74,"A, C, E, G, I, K; B, D, F, H, J, L; ",A; B;,Kd,10,uM,
5o90,A; B;,A; B;,Kd,1.1,uM,
5oaq,A; L;,A; L;,Kd,58,nM,
5oc7,"D, A; C, B; ",A; C;,Kd,33,nM,
5odw,"A, B; C, D; ",A; C;,Kd,240,pM,
5oen,A; B;,A; B;,Kd,10,nM,
5omb,"A, B; C, D; ",A; D;,Kd,0.43,uM,
5omn,B; C;,B; C;,Kd,9.5,nM,
5otx,"A, C; B, D; ",A; B;,IC50,187,nM,
5ovw,"A, B, C, D, E, F; G, H, I, J, K, L; ",A; H;,Ki,0.94,nM,
5oy9,A; D;,A; D;,Kd,3.75,uM,
5oyl,A; D;,A; D;,Kd,7.5,uM,
5sv3,"A, C; B, D; ",A; B;,Kd,0.627,nM,
5szh,A; B;,A; B;,Kd,5.2,uM,
5szi,A; B;,A; B;,Kd,253,nM,
5szj,A; B;,A; B;,Kd,790,uM,
5szk,A; B;,A; B;,Kd,1.1,uM,
5t0f,A; B;,A; B;,IC50,58,nM,
5tar,A; B;,A; B;,Kd,2.3,uM,
5tgh,"A, C, E, G; B, D, F, H; ",A; B;,Kd,0.95,uM,
5tl6,"B, D; C, A; ",B; A;,Kd,57.6,uM,
5tl7,"A, C; B, D; ",B; A;,Kd,1870,uM,
5tp6,A; B;,A; B;,Kd,1.9,nM,
5tvq,A; B;,A; B;,Kd,0.88,uM,
5twa,"A, B; D, C; ",A; D;,Kd,66,nM,
5tzn,"A, W; F, G; ",A; F;,Kd,5.8,uM,
5tzp,A; B;,A; B;,Kd,30,nM,
5tzq,"A, B; C, D; ",A; D;,Kd,16,nM,
5u4k,A; B;,A; B;,Kd,15,uM,
5u4m,A; B;,A; B;,Kd,0.39,nM,
5u4y,"A, B; C, D; ",A; C;,Kd,25,nM,
5u52,"A, B; E, Z; ",A; E;,Kd,27,nM,
5ua4,A; B;,A; B;,Kd,26,nM,
5ufe,A; B;,A; B;,Kd,50.3,nM,
5ufq,"A, B; C, D; ",A; C;,Kd,6.4,nM,
5uk5,A; B;,A; B;,Kd,0.81,uM,
5un5,"B, A; D, C; ",B; C;,Kd,18,nM,
5un7,A; B;,A; B;,Kd,120,nM,
5uul,A; B;,A; B;,Ki,4.8,nM,
5uv8,"A, G; B, I; ",A; B;,Kd,140.6,nM,
5uwc,G; I;,G; I;,Kd,17.8,nM,
5uzu,B; A;,B; A;,Kd,10,nM,
5v52,"A, B; C, D; ",A; D;,Kd,3.7,uM,
5v5g,"A, C; B, D; ",A; B;,Kd,9,nM,
5v5h,A; B;,A; B;,Kd,158,nM,
5v5i,"A, C; B, D; ",A; B;,Kd,463,nM,
5v62,A; I;,A; I;,IC50,25,nM,
5v69,A; B;,A; B;,Kd,35.9,nM,
5v6a,A; B;,A; B;,Kd,53.2,nM,
5vkl,A; B;,A; B;,Kd,113,nM,
5vko,A; B;,A; B;,Kd,4,nM,
5vmo,A; B;,A; B;,Kd,887,nM,
5vt9,"A, B; C, D; ",A; C;,Kd,10,nM,
5vu0,"A, B; C; ","A, B; C; ",Kd,2.5,nM,
5vwx,"A, C; B, D; ",A; B;,Kd,14.9,nM,
5vwy,A; B;,A; B;,Kd,1.3,uM,
5vx0,"A, C; B, D; ",A; B;,Kd,21,uM,
5vx2,"A, C; B, D; ",A; B;,Kd,2.5,nM,
5vx3,"A, C, E, G; B, D, F, H; ",A; B;,Kd,0.4,nM,
5vxz,"A, B; C, D; ",A; C;,Kd,720,fM,
5vz4,A; B;,A; B;,Kd,8,nM,
5vzm,A; B;,A; B;,Kd,48.8,uM,
5w3x,"A, C; B, D; ",A; B;,Kd,3.37,uM,
5w89,A; B;,A; B;,IC50,25,nM,
5w8t,"B, D; A, C; ",A; B;,Kd,27.06,uM,
5w9a,"A, B; C, D; ",A; C;,Kd,103,uM,
5wb7,"A, B, C, D; E, F, G, H; ",A; E;,Kd,0.76,uM,
5wb8,"A, D; B, C; ",A; C;,Kd,2.8,uM,
5wgg,A; B;,A; B;,Kd,0.7,uM,
5wos,A; B;,A; B;,Kd,353,nM,
5wpa,A; B;,A; B;,Kd,0.55,uM,
5wrv,A; B;,A; B;,Kd,0.73,uM,
5wuj,A; B;,A; B;,Kd,422,nM,
5wy2,"A, C; B, D; ",A; B;,Kd,0.54,uM,
5x0w,"A, C, E, G; B, D, F, H; ",A; B;,Kd,3.7,uM,
5x4l,"A, B; C, D; ",A; C;,Kd,2.34,uM,
5xbf,A; B;,A; B;,Kd,1.7,uM,
5xco,A; B;,A; B;,Kd,8.9,nM,
5xeq,A; B;,A; B;,Kd,0.4,nM,
5xiu,A; B;,A; B;,Kd,25,uM,
5xjg,"A, C; B, D; ",A; B;,Kd,4.52,uM,
5xln,A; B;,A; B;,Kd,2.48,uM,
5xnp,"A, B; D, E; ",A; D;,Kd,281.8,nM,
5xoc,A; B;,A; B;,Kd,8,uM,
5xod,A; B;,A; B;,Kd,28.1,nM,
5xqz,"A, B; C, D; ",A; C;,Kd,12.3,uM,
5xsq,"A, C, E; B, D, F; ",A; B;,Kd,7.35,nM,
5xv8,A; B;,A; B;,Kd,71.4,nM,
5xwt,"A, C; B, D; ",A; B;,Kd,14.4,uM,
5y1z,"A, B; C, D; ",C; A;,Kd,4.3,uM,
5y4r,"A, B; D, C; ",A; D;,Kd,28.6,nM,
5yi8,A; B;,A; B;,Kd,1.8,uM,
5yip,A; B;,A; B;,Kd,3.7,nM,
5yir,"D, A, B; C, G, H; ",D; C;,Kd,0.27,nM,
5yis,"A, B; D, C; ",A; C;,Kd,4.2,nM,
5yqz,R; P;,R; P;,IC50,8.1,nM,
5yr0,A; B;,A; B;,Kd,7.6,uM,
5ywr,A; B;,A; B;,Kd,39,nM,
5z2w,A; B;,A; B;,Kd,0.67,uM,
5z78,"B, A; C; ",A; C;,Kd,0.9,uM,
5zau,A; B;,A; B;,Kd,60,nM,
5zo2,"A, C; B; ",C; B;,Kd,1.1,uM,
5zqv,"A, B, C, D; E, F, G, H; ",A; E;,Kd,0.26,uM,
6a3v,"A, C, E, G, I, K, M, O, Q, S, U, W; B, D, F, H, J, L, N, P, R, T, V, X; ",A; B;,Kd,85.6,nM,
6a6x,"A, B; C, D; ","A, B; C; ",Kd,25.8,nM,
6aaf,A; B;,A; B;,Kd,161,nM,
6akm,A; B;,A; B;,Kd,6.9,uM,
6amb,A; B;,A; B;,Kd,17.8,uM,
6arq,A; D;,A; D;,Kd,10.2,uM,
6asr,"A, C; B; ",A; B;,Kd,14.9,uM,
6atk,"A, B, C; E, D, F; ",A; D;,Kd,0.43,uM,
6aw2,A; B;,A; B;,Kd,57,nM,
6azp,A; B;,A; B;,Kd,35.1,nM,
6b12,"A, D; B, C; ",A; C;,Kd,8.1,nM,
6b8n,"A, C, E, G; B, D, F, H; ",A; B;,Kd,210,nM,
6ba6,A; B;,A; B;,Kd,162,uM,
6bmt,A; B;,A; B;,Kd,310,nM,
6bw9,A; B;,A; B;,Kd,4.39,nM,
6bx4,"A, B; C, D; ",A; C;,Kd,210,nM,
6bx5,"A, B; C, D; ",A; C;,Kd,14,nM,
6bx8,"A, C, E, G; B, D, F, H; ",A; B;,Ki,0.2,uM,
6bxa,"A, B; C, D; ",A; C;,Kd,40,nM,
6bxc,"A, B; D, C; ",A; D;,Kd,13,nM,
6c83,"A, B; C, D; ","A, B; C; ",Kd,1.0,uM,
6cbp,P; A;,P; A;,Kd,7,uM,
6ch2,"A, B, C; D, E, F; ",A; D;,Kd,29,uM,
6ch3,A; B;,A; B;,Kd,10,uM,
6cwg,"A, C; B, D; ",A; B;,Kd,0.102,nM,
6d13,A; B;,A; B;,Kd,9.3,nM,
6d4p,A; C;,A; C;,IC50,65,nM,
6d68,"A, B; C, D; ",A; C;,IC50,250,nM,
6dcn,"A, B; D, C; ",A; D;,Kd,1.4,uM,
6dgf,A; B;,A; B;,IC50,9.5,nM,
6dld,"A, C; B, D; ",A; B;,Kd,0.24,nM,
6dsl,A; B;,A; B;,Kd,500,pM,
6dwf,"A, B, C, D, E, F; G, H, I, J, K, L; ",A; G;,Ki,1.3,nM,
6e2p,"A, B; C, D; ",A; C;,Kd,18.7,uM,
6e3i,A; B;,A; B;,Kd,3.21,nM,
6e3j,A; B;,A; B;,Kd,13.98,nM,
6eg0,A; B;,A; B;,Kd,77.7,uM,
6eg1,"A, C; B, D; ",A; B;,Kd,76.6,uM,
6ejg,"A, B; C, D; ",A; C;,Kd,0.81,nM,
6ejm,"A, B; H, I; ",A; I;,Kd,0.86,nM,
6er6,B; A;,B; A;,Kd,51,nM,
6ere,"B, A; C, D; ",B; C;,Kd,73,nM,
6f0f,A; B;,A; B;,Kd,0.18,uM,
6f0g,"A, B; C, D; ",A; C;,Kd,0.055,uM,
6f0h,"A, C; B, D; ",A; B;,Kd,3,nM,
6f2g,A; B;,A; B;,Kd,3.9,nM,
6f3z,"A, C; B, D; ",A; B;,Kd,405,nM,
6f9s,A; B;,A; B;,Kd,1.62,uM,
6fbx,A; B;,A; B;,Kd,343,nM,
6fc2,"A, C; B, D; ",A; B;,Kd,3400,nM,
6fc3,A; B;,A; B;,Kd,20,nM,
6fe4,"A, B, C, D, E; F, G, H, I, J; ",A; F;,Kd,9.6,nM,
6ff3,A; B;,A; B;,Kd,13.6,nM,
6fg8,A; B;,A; B;,Kd,0.98,uM,
6fgo,"A, B, C, D; E, F, G, H; ",A; E;,Kd,440,nM,
6fhp,"A, B; C, D; ",A; C;,Kd,48,nM,
6fp7,A; B;,A; B;,Kd,3,nM,
6fpg,"C, B, F, G; D, E, H, I; ",B; D;,Kd,101.9,nM,
6fq0,"A, C; B, D; ",A; B;,Kd,160,nM,
6fu9,"A, C; B, D; ",A; B;,Kd,4.7,nM,
6fub,B; A;,B; A;,Kd,29,nM,
6fud,A; B;,A; B;,Kd,73,nM,
6fuz,A; N;,A; N;,Kd,3.19,uM,
6fv0,A; F;,A; F;,Kd,1.72,uM,
6g04,A; B;,A; B;,Kd,0.7,uM,
6gbg,D; A;,D; A;,Kd,417,nM,
6gd5,A; B;,A; B;,Kd,3.8,nM,
6gfi,"A, B; E, C; ",A; E;,Ki,494,pM,
6gho,A; B;,A; B;,Kd,0.8,uM,
6gtq,"A, B; C, D; ",A; C;,Kd,367,nM,
6gum,A; B;,A; B;,Kd,1.2,uM,
6gvk,A; B;,A; B;,Kd,2.0,uM,
6gvl,A; B;,A; B;,Kd,44,uM,
6h16,A; B;,A; B;,Kd,31.8,nM,
6h46,A; B;,A; B;,Kd,30,nM,
6h47,A; B;,A; B;,Kd,10,nM,
6h71,"A, B; C, D; ",A; C;,Kd,43.4,nM,
6h9n,A; B;,A; B;,Kd,0.8,uM,
6har,A; E;,A; E;,Ki,61,pM,
6her,A; B;,A; B;,Kd,40,nM,
6ht9,"A, C; B, D; ",A; B;,Ki,0.1,nM,
6hul,A; B;,A; B;,Kd,0.3,uM,
6i2m,A; B;,A; B;,Kd,5.31,nM,
6i3f,A; B;,A; B;,Kd,20.3,nM,
6idx,A; C;,A; C;,Kd,3.36,uM,
6ihb,R; A;,R; A;,Kd,57,nM,
6im9,A; B;,A; B;,Kd,25,nM,
6imf,A; B;,A; B;,Kd,24,nM,
6in9,"A, B; C, D; ",A; D;,Kd,1.2,uM,
6ird,B; C;,B; C;,Kd,0.21,uM,
6ire,A; B;,A; B;,Kd,10.6,nM,
6isc,A; B;,A; B;,Kd,2.4,uM,
6iu7,A; B;,A; B;,Kd,0.9,nM,
6iua,A; B;,A; B;,Kd,2.0,nM,
6ivu,A; B;,A; B;,Kd,11,pM,
6iw8,A; C;,A; C;,Kd,332,nM,
6iwa,A; C;,A; C;,Kd,126,nM,
6iwd,A; B;,A; B;,Kd,18.2,nM,
6j4o,A; B;,A; B;,Kd,18,nM,
6j4s,A; B;,A; B;,Kd,0.16,uM,
6j56,"A, B; C, D; ",A; C;,Kd,0.67,uM,
6j7w,"A, B; C, D; ",A; C;,Kd,0.3,nM,
6j9h,"A, C; B, D; ",A; B;,Kd,42,nM,
6jb2,A; B;,A; B;,Kd,295,nM,
6jb8,A; B;,A; B;,Kd,0.129,nM,
6jcs,A; R;,A; R;,Kd,0.287,uM,
6jhw,"A, C; B, D; ",A; B;,Kd,18,nM,
6jjw,A; U;,A; U;,Kd,8.2,nM,
6jwj,A; C;,A; C;,Kd,85.7,nM,
6k06,A; C;,A; C;,Kd,227,nM,
6k4k,"A, B; C, D; ",A; C;,Kd,6.51,nM,
6kbm,A; B;,A; B;,Kd,0.60,uM,
6kbn,"A, C; B, D; ",A; B;,Kd,1.46,uM,
6kbr,A; C;,A; C;,Kd,8.91,pM,
6km7,"A, B; C, D; ",A; C;,Kd,5.2,uM,
6m7l,B; A;,B; A;,Kd,10.4,uM,
6mav,A; B;,A; B;,Ki,33.5,pM,
6mba,A; B;,A; B;,Kd,17,nM,
6mc9,A; B;,A; B;,Kd,305,nM,
6mm6,"C, E; F, D; ",C; D;,Kd,73.5,uM,
6moe,"A, B; C, D; ",A; D;,Kd,1.89,nM,
6mud,A; B;,A; B;,Kd,1.02,uM,
6n85,B; M;,B; M;,Kd,0.24,uM,
6n9d,A; B;,A; B;,Ki,17.8,pM,
6ndz,"A, C, E; B, D, F; ",A; B;,Kd,0.2,nM,
6ne1,A; B;,A; B;,Kd,1.4,nM,
6ne2,B; A;,B; A;,Kd,1.3,nM,
6ne4,B; A;,B; A;,Kd,1.6,nM,
6oan,"A, C; B, D; ",C; A;,IC50,4.88,nM,
6oao,"A, C, E, G, I, K; B, D, F, H, J, L; ",A; B;,IC50,1.63,nM,
6obn,"A, B; C, D; ",A; C;,Kd,30.4,nM,
6on9,A; B;,A; B;,Kd,10,uM,
6oqj,A; B;,A; B;,Kd,9,nM,
6oqk,A; B;,A; B;,Kd,42,nM,
6oqq,"A, C; B, D; ",A; B;,Kd,28,nM,
6osw,A; B;,A; B;,Kd,2,uM,
6ov2,A; B;,A; B;,Kd,3.58,nM,
6p7s,"A, C; B, D; ",B; A;,Kd,0.24,nM,
6p7y,"A, C; B, D; ",A; B;,Kd,0.56,nM,
6plm,"A, B; C, D; ",A; C;,Kd,89.6,nM,
6pnp,A; B;,A; B;,Kd,299.2,nM,
6pnq,A; B;,A; B;,Kd,49,nM,
6q69,"A, C; B, D; ",A; B;,Kd,0.17,uM,
6qb3,A; X;,A; X;,Kd,2.38,uM,
6r2g,A; C;,A; C;,Kd,0.758,pM,
6s29,"A, C; B, D; ",A; B;,Kd,7.75,nM,
6s8s,"A, C; B, D; ",A; B;,Kd,410,nM,
6saz,"A, C; B, D; ",B; A;,Ki,0.14,nM,
6sak,"A, B; C, D; ",A; C;,Kd,0.031,uM,
6u2h,"A, B; C, D; ",A; C;,Kd,0.33,nM,
6umt,A; B;,A; B;,Kd,2.6,nM,
6uys,"A, C; B, D; ",A; B;,Kd,1.6,uM,
6uyu,"A, C; B, D; ",A; B;,Kd,2.0,uM,
1a3b,L; H; I;,"L, H; I; ",Kd,0.3,nM,
1ahw,"A, D; B, E; C, F; ","A, B; C; ",Ki,3.4,nM,
1avg,L; H; I;,"L, H; I; ",Kd,3,pM,
1bj1,"L, J; H, K; V, W; ","V, W; L, H; ",Kd,3.4,nM,
1bql,L; H; Y;,"L, H; Y; ",Kd,0.1,uM,
1bth,"L, J; H, K; P, Q; ","L, H; P; ",Ki,10,nM,
1bvk,"A, D; B, E; C, F; ","A, B; C; ",Kd,14,nM,
1cz8,"V, W; L, X; H, Y; ","V, W; L, H; ",Kd,0.11,nM,
1dee,"A, C, E; B, D, F; G, H; ","C, D; G; ",Kd,0.4,uM,
1dit,L; H; P;,"L, H; P; ",Ki,1,pM,
1dqj,A; B; C;,"A, B; C; ",Kd,2.8,nM,
1e6j,H; L; P;,"H, L; P; ",Kd,29,nM,
1fe8,"A, B, C; H, I, J; L, M, N; ","A; H, L; ",Kd,2,uM,
1fsk,"A, D, G, J; B, E, H, K; C, F, I, L; ","A; B, C; ",Kd,0.24,nM,
1hia,"A, X; B, Y; I, J; ","A, B; I; ",Ki,13,nM,
1hrt,L; H; I;,"L, H; I; ",Kd,3,pM,
1i3o,"A, C; B, D; E, F; ","A, C, B, D; E; ",Ki,0.97,nM,
1i51,"A, C; B, D; E, F; ","A, B; E; ",Kd,0.63,uM,
1i8k,A; B; C;,"A, B; C; ",Kd,22,nM,
1icf,"A, C; B, D; I, J; ","A, B; I; ",Ki,1.7,pM,
1id5,L; H; I;,"L, H; I; ",Ki,1.5,nM,
1ihs,L; H; I;,"L, H; I; ",Ki,0.3,nM,
1ijk,A; B; C;,"A; B, C; ",Kd,23,nM,
1iqd,A; B; C;,"A, B; C; ",Kd,14,pM,
1jmo,L; H; A;,"L, H; A; ",Kd,0.115,uM,
1jps,L; H; T;,"L, H; T; ",Kd,0.1,nM,
1jrh,L; H; I;,"L, H; I; ",Kd,14.2,nM,
1k2d,A; B; P;,"A, B; P; ",IC50,100,uM,
1kig,H; L; I;,"H, L; I; ",Ki,0.18,nM,
1mhh,"A, C; B, D; E, F; ","A, B; E; ",Kd,1,nM,
1mlc,"A, C; B, D; E, F; ","A, B; E; ",Kd,91,nM,
1n64,L; H; P;,"L, H; P; ",Kd,1.3,nM,
1nb5,"A, B, C, D; P, R, S, T; I, J, K, L; ","A, P; I;",Ki,69,pM,
1nca,N; L; H;,"N; L, H; ",Kd,8.3,nM,
1nl0,L; H; G;,"L, H; G; ",Kd,1.6,nM,
1nma,N; L; H;,"N; L, H; ",Kd,14,nM,
1nsn,L; H; S;,"L, H; S; ",Kd,0.1,nM,
1o94,"A, B; C, E; D, F; ","A; C, D; ",Kd,5,uM,
1o95,"A, B; C, E; D, F; ","A; E, F; ",Kd,5,uM,
1ob1,"A, D; B, E; C, F; ","A, B; C; ",Kd,0.2,nM,
1p0s,L; H; E;,"L, H; E; ",Ki,11,pM,
1p2c,"A, D; B, E; C, F; ","A, B; C; ",Kd,98,pM,
1p4b,L; H; P;,"L, H; P; ",Kd,40,pM,
1sy6,L; H; A;,"L, H; A; ",Kd,2.73,uM,
1tbq,"L, J; H, K; R, S; ","L, H; R;",Ki,0.2,pM,
1tbr,"L, J; H, K; R, S; ","L, H; R; ",Ki,0.2,pM,
1toc,"A, C, E, G; B, D, F, H; R, S, T, U; ","A, B; R; ",Ki,1,pM,
1tzh,"V, W; A, L; B, H; ","A, B; V; ",Kd,1.8,nM,
1tzi,A; B; V;,"A, B; V; ",Kd,10,nM,
1uex,A; B; C;,"A, B; C; ",Kd,2,nM,
1v7p,A; B; C;,"A, B; C; ",IC50,6,nM,
1vfb,A; B; C;,"A, B; C; ",Kd,3.03,nM,
1wej,L; H; F;,"L, H; F; ",Kd,0.06,uM,
1xwd,"A, D; B, E; C, F; ","A, B; C; ",Kd,388,uM,
1yy9,A; C; D;,"A; C, D; ",Kd,2.3,nM,
1za3,"A, L; B, H; R, S; ","A, B; S; ",Kd,34,nM,
1ze3,C; H; D;,"C, H; D; ",Kd,1.2,uM,
2a6d,"L, A; H, B; P; ","A, B; P; ",Kd,0.15,uM,
2a6i,A; B; P;,"A, B; P; ",Kd,0.12,uM,
2a6k,"A, L; B, H; P; ","L, H; P; ",Kd,0.21,uM,
2aep,A; H; L;,"A; H, L; ",Kd,12,nM,
2aeq,A; L; H;,"A; L, H; ",Kd,12,nM,
2ass,A; B; C;,"A, B; C; ",Kd,0.006,uM,
2aze,A; B; C;,"A, B; C; ",Kd,4.9,uM,
2b2x,"A, B; H, I; L, M; ","A; H, L; ",Kd,1.9,nM,
2bdn,A; L; H;,"A; L, H; ",Kd,4.6,pM,
2cmr,A; H; L;,"A; H, L; ",Kd,0.05,nM,
2dd8,H; L; S;,"H, L; S; ",Kd,20,nM,
2dsq,"B, A; I, C; G, H; ","B, G; I;",Kd,544,nM,
2dsr,G; B; I;,"G, B; I; ",Kd,317,nM,
2h9g,"A, L; B, H; R, S; ","A, B; R; ",Kd,5,nM,
2hfg,L; H; R;,"L, H; R; ",Kd,0.6,nM,
2iff,L; H; Y;,"L, H; Y; ",Kd,10,nM,
2ijo,A; B; I;,"A, B; I; ",Ki,24,nM,
2j4w,D; H; L;,"D; H, L; ",Kd,0.6,nM,
2j5l,A; B; C;,"A; B, C; ",Kd,77,nM,
2jel,L; H; P;,"L, H; P; ",Kd,2.8,nM,
2jix,"A, G, L; B, C, E; D, F, H; ","A, F; C; ",Kd,30,nM,
2ma9,A; B; C;,"A, B; C; ",Kd,1.225,uM,
2nup,A; B; C;,"A, B; C; ",Kd,10,uM,
2nut,A; B; C;,"A, B; C; ",Kd,10,uM,
2nyy,A; C; D;,"A; C, D; ",Kd,0.125,nM,
2nz9,"A, B; C, E; D, F; ","A; C, D; ",Kd,0.136,nM,
2ody,"A, C; B, D; E, F; ","A, B; E; ",Ki,1.8,nM,
2p3f,H; L; N;,"H, L; N; ",Ki,43,pM,
2pjy,A; B; C;,"A, B; C; ",Kd,0.5,uM,
2pw8,L; H; I;,"L, H; I; ",Ki,25,fM,
2r0k,A; L; H;,"A, L; H; ",Kd,0.6,nM,
2r56,"A, B; L, M; H, I; ","A; H, L; ",Kd,5,uM,
2uzi,H; L; R;,"H, L; R; ",Kd,0.35,nM,
2v1d,A; B; C;,"A, B; C; ",Ki,0.05,uM,
2vir,A; B; C;,"A, B; C; ",Kd,1,nM,
2vis,A; B; C;,"A, B; C; ",Kd,4,uM,
2vxq,A; H; L;,"L, H; A;",Kd,0.11,nM,
2vxs,"A, B, C, D; H, I, J, K; L, M, N, O; ","J, N; C, D;",Kd,2.1,nM,
2vxt,H; I; L;,"L, H; I;",Kd,0.2,nM,
2w2m,P; A; E;,"A, P; E;",Kd,196,nM,
2w2n,P; A; E;,"A, P; E;",IC50,140,nM,
2w9e,A; H; L;,"L, H; A;",Kd,0.1,nM,
2wby,"A, B; C, E; D, F; ","C, D; A;",Kd,20,nM,
2wii,A; B; C;,"A, B; C;",Kd,11,uM,
2xqb,A; H; L;,"L, H; A;",Kd,52,pM,
2xra,A; H; L;,"L, H; A;",Kd,3.3,nM,
2xzd,"A, C; B, D; G, H; ","A, B; G;",Kd,9.6,nM,
2y0b,"A, C; B, D; G, H; ","A, B; G;",Kd,6,nM,
2y48,A; B; C;,"A, B; C;",Ki,0.21,mM,
2ybr,"A, D, G; B, E, H; C, F, I; ","A, B; C;",Kd,0.21,nM,
2ypv,A; H; L;,"L, H; A;",Kd,0.03,nM,
3a67,L; H; Y;,"L, H; Y;",Kd,5.62,nM,
3a6b,L; H; Y;,"L, H; Y;",Kd,0.108,uM,
3a6c,L; H; Y;,"L, H; Y;",Kd,7.14,nM,
3aa0,A; B; C;,"A, B; C;",Kd,4,uM,
3aa6,A; B; C;,"A, B; C;",Kd,260,nM,
3aaa,A; B; C;,"A, B; C;",Kd,21,nM,
3b23,A; B; C;,"A, B; C;",Ki,0.318,nM,
3b2u,"L, D, G, K, O, R, U, X; H, C, F, J, N, Q, T, W; A, B, E, I, M, P, S, V; ","L, H; A;",Kd,1.0,nM,
3b2v,L; H; A;,"L, H; A;",Kd,3.3,nM,
3b9f,L; H; I;,"L, H; I;",Kd,24,uM,
3bdy,H; L; V;,"L, H; V;",Kd,300,nM,
3be1,A; H; L;,"L, H; A;",Kd,26,nM,
3bgf,"S, A; L, C; H, B; ","B, C; A;",Kd,26,nM,
3bky,H; L; P;,"L, H; P;",Kd,30,nM,
3bow,A; B; C;,"A, B; C;",IC50,64,nM,
3bpl,A; B; C;,"A, B; C;",Kd,559,nM,
3bpn,A; B; C;,"A, B; C;",Kd,487,nM,
3bpo,A; B; C;,"A, C; B;",Kd,20,nM,
3c09,"L, B; H, C; A, D; ","L, H; D;",Kd,43,nM,
3chw,A; P; V;,"A, P; V;",Kd,57,nM,
3dbh,"A, C, E, G; B, D, F, H; I, J, K, L; ","D, C; J;",Kd,1.66,uM,
3dbl,"A, C, E, G; B, D, F, H; I, J, K, L; ","C, D; J;",Kd,8.75,uM,
3dbr,"A, C, E, G; B, D, F, H; I, J, K, L; ","E, F; K;",Kd,1.02,uM,
3dco,N; A; B;,"A, B; N;",Kd,11.6,uM,
3eo1,"A, D, G, J; B, E, H, K; C, F, I, L; ","A, B; C;",Kd,250,pM,
3eoa,"L, A; H, B; I, J; ","L, H; I;",Kd,2.2,nM,
3eob,"L, A; H, B; I, J; ","L, H; I;",Kd,2.2,nM,
3g6d,L; H; A;,"L, H; A;",Kd,15,pM,
3gd1,"C, E; I; Z; ","C, E; I, Z;",Kd,0.98,uM,
3h3p,"H, I; L, M; S, T; ","L, H; S;",Kd,14,nM,
3h7b,"A, D; B, E; C, F; ","A, B; C;",Kd,41,uM,
3h9h,"A, D; B, E; C, F; ","A, B; C;",Kd,5.4,uM,
3hi1,"G, J; L, A; H, B; ","L, H; G;",Kd,11.2,nM,
3hi6,"A, B; H, X; L, Y; ","X, Y; B;",Kd,4.7,uM,
3idx,G; H; L;,"L, H; G;",Kd,4.04,nM,
3idy,"G, A; H, B; L, C; ","L, H; G;",Kd,4.04,nM,
3iu3,"A, C, H; B, D, L; I, J, K; ","A, B; K;",Kd,0.14,nM,
3ixa,"A, D; B, E; C, F; ","A, B; C;",Kd,9.8,uM,
3ixt,"L, B; H, A; P, C; ","L, H; P;",Kd,0.035,nM,
3jsv,"A; B; C, D; ","A, B; C, D;",Kd,131,uM,
3k3q,A; B; C;,"B, C; A;",Kd,147,pM,
3kr3,D; H; L;,"L, H; D;",Kd,49,pM,
3l5n,A; B; M;,"A, B; M;",Kd,180,nM,
3l5w,"L, A; H, B; I, J; ","L, H; I;",Kd,52,pM,
3l5x,L; H; A;,"L, H; A;",Kd,269,pM,
3l95,"A, L; B, H; X, Y; ","L, H; Y;",Kd,2.5,nM,
3lev,A; L; H;,"L, H; A;",Kd,0.600,nM,
3lh2,"S, T, V, U; H, I, K, J; L, M, O, N; ","J, N; U;",Kd,47,pM,
3lhp,"H, I; L, M; S, T; ","L, H; S;",Kd,28,pM,
3lk2,A; B; T;,"A, B; T;",Kd,0.1,uM,
3lk3,A; B; T;,"A, B; T;",Kd,6,nM,
3lk4,"A, D, G, J, M, P, S, V, Y, 1, 4, 7; B, E, H, K, N, Q, T, W, Z, 2, 5, 8; C, F, I, L, O, R, U, X, 0, 3, 6, 9; ","A, B; C;",Kd,1.5,nM,
3ma9,A; H; L;,"L, H; A;",Kd,10,nM,
3mac,A; H; L;,"L, H; A;",Kd,200,nM,
3mj9,A; L; H;,"L, H; A;",Kd,8,nM,
3mxw,A; L; H;,"L, H; A;",Kd,0.7,nM,
3n85,A; L; H;,"L, H; A;",Kd,0.79,nM,
3nfp,"A, H; B, L; I, K; ","A, B; K;",Kd,0.27,nM,
3ngb,"G, A, D, I; H, B, E, J; L, C, F, K; ","L, H; G;",Kd,7.7,nM,
3nh7,"H, I, J, K; L, M, N, O; A, B, C, D; ","L, H; A;",Kd,20,nM,
3nps,A; B; C;,"B, C; A;",Ki,70.4,pM,
3o4o,A; C; B;,"B, C; A;",Kd,2.36,uM,
3opz,"A, B, C; H, I, J; L, M, N; ","L, H; A;",Kd,0.72,nM,
3orv,"A, B; C, E; D, F; ","C, D; A;",Kd,9.4,uM,
3p0y,A; H; L;,"L, H; A;",Kd,1.92,nM,
3p11,H; L; A;,"L, H; A;",Kd,0.39,nM,
3p6z,"A, G; B, H; C, I; ","A, B; C;",Kd,1.95,uM,
3pbp,"A, D, G, J; B, E, H, K; C, F, I, L; ","F, D; E;",Kd,50,nM,
3pmh,A; B; G;,"A, B; G;",Kd,81,nM,
3pp4,H; L; P;,"L, H; P;",Kd,7,uM,
3q1s,L; H; I;,"L, H; I;",Kd,73,nM,
3q3g,"C, A, F, J; D, B, H, K; G, E, I, L; ","C, D; G;",Kd,4.97,nM,
3qwo,"L, B; H, A; C, P; ","L, H; P;",Kd,87,nM,
3qwr,A; B; D;,"A, B; D;",Kd,2,nM,
3r1g,B; H; L;,"L, H; B;",Kd,1.3,nM,
3r2x,A; B; C;,"A, B; C;",Kd,29,nM,
3rkd,"A, B; L, C; H, D; ","L, H; A;",Kd,5.89,nM,
3rpg,A; B; C;,"B, C; A;",Kd,5,uM,
3ru8,X; H; L;,"L, H; X;",Kd,33.5,nM,
3sip,"A, C; E, F; B, D; ","C, D; E;",Kd,1,uM,
3skj,"L, M; H, I; E, F; ","L, H; E;",Kd,810,pM,
3so3,A; B; C;,"B, C; A;",Ki,392,pM,
3ssb,"A, B; C, D; I, J; ","I, C; A;",IC50,0.6,nM,
3swp,"A, B, C, D; E; F; ","A, B, C, D; E, F;",Kd,24.2,nM,
3t2n,"A, B; L, M; H, I; ","L, H; A;",Kd,39.8,nM,
3thm,L; H; F;,"L, H; F;",Kd,0.35,nM,
3tje,L; H; F;,"L, H; F;",Kd,17,nM,
3tjz,"A, D; B, E; C, F; ","B, C; A;",Kd,1,uM,
3tq7,"A; B; P, Q; ","P, Q; A, B;",Kd,1.5,uM,
3tvj,A; B; I;,"A, B; I;",Ki,6,nM,
3u1j,A; B; E;,"A, B; E;",Ki,0.026,uM,
3uaj,"B, A; H, C; L, D; ","L, H; A;",Kd,2.9,nM,
3uc0,"A, B; H, I; L, M; ","L, H; A;",Kd,1.3,nM,
3v62,"A, D; B, E; C, F; ","A, B; C;",Kd,79,nM,
3v6o,"A, B; C, D; E, F; ","E, C; A;",IC50,1,nM,
3v6z,"A, C; B, D; E, F; ","A, B; F;",Kd,0.12,uM,
3vfm,A; B; C;,"A, C; B;",Kd,89.8,uM,
3vfn,A; B; C;,"A, C; B;",Kd,188,uM,
3vfo,A; B; C;,"A, C; B;",Kd,200,uM,
3vfp,A; B; C;,"A, C; B;",Kd,81.7,uM,
3vfr,A; B; C;,"A, C; B;",Kd,119.0,uM,
3vfs,A; B; C;,"A, C; B;",Kd,200,uM,
3vft,A; B; C;,"A, C; B;",Kd,200,uM,
3vfu,A; B; C;,"A, C; B;",Kd,200,uM,
3vfv,A; B; C;,"A, C; B;",Kd,20.9,uM,
3vfw,A; B; C;,"A, C; B;",Kd,44.5,uM,
3vg9,A; B; C;,"B, C; A;",Kd,4.4,nM,
3vys,A; B; C;,"B, C; A;",Kd,1.9,uM,
3vza,"B, A; D, C; E, F; ","B, D; F;",Kd,481,nM,
3w2d,A; L; H;,"L, H; A;",Kd,0.5787,nM,
3w9e,C; A; B;,"A, B; C;",IC50,3.6,nM,
3wd5,A; L; H;,"L, H; A;",Kd,0.115,nM,
3wih,"A, B; L, M; H, I; ","L, H; A;",Kd,19,nM,
3wn5,"A, D; B, E; C, F; ","A, B; C;",Kd,1.6,uM,
3wo4,A; B; C;,"B, C; A;",Kd,15,nM,
3wwk,"C, I, L, F; A, D, G, J; B, E, H, K; ","A, B; C;",Kd,3,uM,
3wwq,"A, D, G, J; B, E, H, K; C, F, I, L; ","A, H; C;",Kd,35.9,uM,
3zjy,"A, D, F; B, E, G; C; ","A, B; C;",Kd,3.0,uM,
4aei,"A, B, C; H, I, J; L, M, N; ","L, H; A;",Kd,0.8,nM,
4al8,C; H; L;,"L, H; C;",Kd,0.45,nM,
4ala,C; H; L;,"L, H; C;",Kd,0.47,nM,
4am0,"A, C, E, H; B, D, F, L; Q, R, S, T; ","A, B; S;",Kd,0.42,nM,
4auq,"A, D; B, E; C, F; ","A, C; B;",Kd,136,uM,
4b0m,A; B; M;,"A, B; M;",Kd,2.42,uM,
4bj5,"A, B; C, E; D, F; ","C, D; B;",Kd,30,uM,
4bkl,"A; E, F, G; B; ","A, B; E, F, G;",Kd,0.274,uM,
4boh,"A, H; B, L; M; ","L, H; M;",Ki,55.56,nM,
4bq6,"A, B; C, E; D, F; ","F, E; B;",Kd,27,nM,
4cmh,A; B; C;,"B, C; A",Kd,0.2,nM,
4cni,"A, H; B, L; C, D; ","A, B; D;",Kd,10,pM,
4d9q,"A, B; D, L; E, H; ","L, H; A;",Kd,30,pM,
4d9r,"A, B; L, D; H, E; ","L, H; A;",Kd,4.0,pM,
4day,A; B; C;,"A, B; C;",Kd,4.5,nM,
4dck,A; B; C;,"B, C; A;",Kd,0.12,uM,
4dgi,A; H; L;,"L, H; A;",Kd,0.45,uM,
4djz,"A, C; B, D; H, I; ","A, B; H;",Ki,7,nM,
4dke,"A, B; H, I; L, M; ","L, H; A;",Kd,0.12,nM,
4dkf,"A, B; H, I; L, M; ","L, H; A;",Kd,3.1,nM,
4dn4,L; H; M;,"L, H; M;",Kd,22,pM,
4doh,"A, C; B, D; R, E; ","R, B; A;",Kd,687,nM,
4drb,"A, B, D, E, G, H; C, F, I; J, K, L, M, N, O; ","A, J; C;",Kd,0.11,uM,
4drx,"A, C; B, D; E, F; ","A, B; F;",Kd,155,nM,
4dtg,L; H; K;,"L, H; K;",Kd,73,pM,
4e05,L; H; I;,"L, H; I;",Kd,3.65,nM,
4edw,V; L; H;,"L, H; V;",Kd,10,nM,
4eef,"A, C, E; B, D, F; G, H, I; ","A, B; G;",Kd,0.6,nM,
4eo5,A; B; C;,"B, C; A;",Kd,2.42,nM,
4ers,L; H; A;,"L, H; A;",IC50,1.9,nM,
4etq,"H, A; L, B; X, C; ","L, H; C;",Kd,0.18,nM,
4f0z,A; B; C;,"A, C; B;",Kd,4,nM,
4f37,"A, B; F, H; K, L; ","L, H; A;",Kd,5.5,nM,
4f3f,A; B; C;,"A, B; C;",Kd,0.72,nM,
4ffy,L; H; A;,"L, H; A;",Kd,18,nM,
4ffz,"A, X; L, Y; H, Z; ","L, H; A;",Kd,416,nM,
4fqj,A; L; H;,"L, H; A;",Kd,0.9,nM,
4ftg,"A, B; C, D; E; ","A, B, C, D; E; ",Kd,30,nM,
4g3y,L; H; C;,"L, H; C;",Kd,8.7,nM,
4g6f,"H, B; L, D; P, F; ","B, D; F;",Kd,17,nM,
4g6j,A; H; L;,"L, H; A;",Kd,4.1,nM,
4g6m,A; H; L;,"L, H; A;",Kd,0.29,nM,
4geq,"A, C; B, D; E, F; ","A, F; B;",Kd,3.5,uM,
4gnk,"A, C; B, D; E; ","B, E; A;",Ki,220,nM,
4gur,A; B; C;,"A, C; B;",Kd,0.68,uM,
4h88,A; H; L;,"L, H; A;",Kd,2.9,nM,
4hdq,A; B; C;,"A, C; B;",Kd,0.96,uM,
4hix,H; L; A;,"L, H; A;",Kd,151,nM,
4hj0,"A, B; P, C; Q, D; ","P, Q; A;",Kd,23,nM,
4hjj,A; H; L;,"L, H; A;",Kd,160,pM,
4hkx,E; A; B;,"A, B; E;",Kd,0.36,uM,
4i18,"L, B; H, A; R, C; ","L, H; C;",Kd,5.6,nM,
4i2x,"A, C; B, D; E, F; ","A, B; E;",Kd,1.2,uM,
4i3r,G; H; L;,"L, H; G;",Kd,11.9,nM,
4i77,H; L; Z;,"L, H; Z;",Kd,0.01,nM,
4idj,A; H; L;,"L, H; A;",Kd,1.7,pM,
4iiq,A; B; C;,"A, B; C;",Kd,31,uM,
4ij3,A; B; C;,"B, C; A;",Ki,0.9,nM,
4ilg,A; B; C;,"B, C; A;",Kd,4.9,nM,
4imy,"A, C, E; B, D, F; G, H, I; ","A, B; G;",Kd,10,nM,
4iof,"A, B; C, E; D, F; ","E, F; B;",Kd,4,nM,
4j4p,"A, B; H, C; L, D; ","C, D; A. B;",Kd,40,nM,
4jan,"G, I; H, A; L, B; ","L, H; G;",Kd,20,nM,
4jb8,A; B; P;,"A, B; P;",Kd,44,nM,
4jkp,G; H; L;,"L, H; G;",Kd,51,nM,
4jlr,"H, A; L, B; S, C; ","L, H; S;",Kd,29.9,pM,
4jpk,H; L; A;,"L, H; A;",Kd,44,nM,
4jzj,"C, D; A, H; B, L; ","L, H; C;",Kd,4,nM,
4k2u,"A, B; H, I; L, M; ","L, H; A;",Kd,0.0153,nM,
4k71,"A, D; B, E; C, F; ","B, C; A;",Kd,8,nM,
4k94,L; H; C;,"L, H; C;",Kd,0.63,nM,
4k9e,L; H; C;,"L, H; C;",Kd,6.4,pM,
4kht,A; H; L;,"L, H; A;",Kd,4.3,nM,
4khx,A; H; L;,"L, H; A;",Kd,4.2,nM,
4kp3,"A, B; C, D; E, F; ","A, C; E;",Kd,0.3,uM,
4kvn,A; H; L;,"L, H; A;",IC50,3,nM,
4kxz,"A, B, D, E; H, J, N, Q; I, L, M, P; ","L, H; A;",Kd,3,nM,
4leo,A; B; C;,"A, B; C;",Kd,0.5,nM,
4liq,E; H; L;,"L, H; E;",Kd,0.2,nM,
4lmq,"D, F; E, H; I, L; ","L, H; D;",Kd,0.923,nM,
4lqf,A; H; L;,"L, H; A;",Kd,64.5,pM,
4lu5,"A, B; H, I; L, M; ","L, H; B;",Kd,65.9,pM,
4m1g,"L; H; A, B; ","L, H; A, B;",Kd,14.4,nM,
4m5z,A; H; L;,"L, H; A;",Kd,5,nM,
4m62,"L, M; H, I; S, T; ","L, H; S;",Kd,2.57,nM,
4m8q,"A, H; B, L; C, S; ","A, B; S;",Kd,3.96,nM,
4mqw,"A, D, G; B, E, H; X, Y, Z; ","A, B; X;",Kd,0.29,nM,
4n8c,"H, I; L, M; X, Y; ","L, H; X;",Kd,0.4,nM,
4n9g,"A, E, H, M; B, F, L, N; C, D, Y, Z; ","A, B; C;",Kd,326,pM,
4ne9,"A, B; C, P; D; ","B, D; C;",Kd,1.17,uM,
4nee,"D, L, F, I; G, B, J, A; E, H, K, C; ","B, D; C;",Kd,1.8,uM,
4nn6,A; B; C;,"B, C; A;",Kd,1.5,nM,
4np4,"A; H, I; L, M; ","L, H; A;",Kd,19,pM,
4o1q,"A, B; C, E; D, F; ","C, D; A;",Kd,6.2,uM,
4o27,A; B; C;,"A, C; B;",Kd,25,nM,
4od2,A; B; S;,"A, B; S;",Kd,0.92,nM,
4odx,"X, Y; A, H; B, L; ","A, L; Y;",Kd,2.06,nM,
4oqt,A; L; H;,"L, H; A;",Kd,50,pM,
4ov6,"A, D; B, E; F, G; ","A, B; F;",Kd,1.58,nM,
4p59,A; H; L;,"L, H; A;",Kd,32,pM,
4ps4,L; H; A;,"L, H; A;",Kd,5.7,pM,
4pwx,"A, B; E, C; F, D; ","E, F; A;",Kd,0.54,uM,
4q5e,A; B; C;,"A, B; C;",Kd,580,nM,
4qci,"A, L; B, H; C, D; ","A, B; D;",Kd,28,pM,
4qnp,"A, B; F, L; E, H; ","A, B; L, H;",Kd,95,nM,
4qti,H; L; U;,"U; L, H;",Kd,17.2,nM,
4rgm,"S, A; L, B; H, C; ","L, H; S;",Kd,22.9,nM,
4rgo,S; H; L;,"L, H; S;",Kd,7.9,nM,
4s3o,"A, D; B, E; C, F; ","E, F; D;",Kd,6.1,uM,
4thn,L; H; I;,"L, H; I;",Ki,0.09,nM,
4u3j,A; B; C;,"A, B; C;",Kd,160,nM,
4u6h,"A, C; B, D; E, J; ","A, B; E;",Kd,0.091,nM,
4u6v,"H, K; L, M; A, B; ","L, H; A;",Kd,10,pM,
4uu9,"A, H; B, L; C, D; ","A, B; C;",Kd,14,pM,
4uuz,A; B; C;,"A, B; C;",Kd,0.24,uM,
4uwq,"A, D, G, J; B, E, H, K; C, F, I, L; ","J; L, K;",Kd,3,uM,
4v3k,"A, D; B, E; C, F; ","F, D; E;",Kd,0.92,uM,
4w4l,A; B; C;,"A, B; C;",Kd,1.3,nM,
4wfd,"A, D, G; B, E, H; C, F, I; ","A, B; C;",Kd,1.3,uM,
4wnn,"A, C, E, G; B, D, F, H; T; ","C, D; T;",Kd,0.8,uM,
4wv1,"F, C; B, E; A, D; ","D, E; F;",Kd,2.6,nM,
4xnm,"L, A; H, B; C, D; ","L, H; C;",Kd,8,nM,
4xr8,"A, B; C, D; F, H; ","A, F; C;",Kd,22.1,uM,
4ybl,"G, A; H, B; L, C; ","L, H; G;",Kd,0.17,nM,
4yk4,"Y, B; Z, C; E, A; ","Z, Y; E;",Kd,0.364,uM,
4ypg,"A, L; B, H; C, D; ","A, B; C;",Kd,44,pM,
4z2m,"B; G, I; H, J; ","G, H; B;",Kd,2.01,uM,
4z5r,"D, E, F, G, H, I, X, N; J, L, V, P, R, T, Y, A; K, M, W, Q, S, U, Z, B; ","J, K; D;",Kd,0.018,nM,
4z8l,"A, D; B, E; C, F; ","B, C; A;",Kd,170,nM,
4zff,"A, H; B, L; C, D; ","L, H; C;",Kd,5,nM,
4zfg,A; H; L;,"L, H; A;",Kd,5,nM,
4zi3,"A, B; C; D; ","A, C; D;",Kd,0.42,uM,
4zpt,"A, H; B, L; R, S; ","A, B; R;",Kd,9.93,nM,
4zs6,"L, D; H, C; A, B; ","L, H; A;",Kd,0.312,uM,
4zs7,A; H; L;,"L, H; A;",Kd,21,pM,
5anm,"A, C, L; B, D, H; E, F, G; ","A, B; G;",Kd,1.95,pM,
5b3h,"A, D; B, E; C, F; ","A, B; C;",Kd,123.8,nM,
5b71,"A, C; B, D; E, F; ","A, B; E;",Kd,0.152,nM,
5bk1,"H, C; L, D; A, B; ","L, H; A;",Kd,1.1,nM,
5bo1,"A, B; H, I; L, M; ","I, M; A;",Kd,0.79,nM,
5bqe,A; B; C;,"A, B; C;",Kd,1.10,uM,
5bt1,"A, B; C; D; ","A, B; C, D;",Kd,0.83,uM,
5bvp,H; I; L;,"L, H; I;",Kd,30.5,pM,
5c0n,"A, B; H, C; L, D; ","L, H; A;",Kd,4.13,uM,
5c0s,A; H; L;,"L, H; A;",Kd,7.7,nM,
5c6t,A; H; L;,"L, H; A;",Kd,0.13,nM,
5c7x,"A, B; H, M; L, N; ","L, H; A;",Kd,0.4,pM,
5cd5,A; C; D;,"C, D; A;",Kd,289,nM,
5czv,A; H; L;,"L, H; A;",Kd,0.3,nM,
5czx,"A, B; C, H; D, L; ","L, H; A;",Kd,0.6,nM,
5d70,A; H; L;,"L, H; A;",Kd,2000,pM,
5d71,A; H; L;,"L, H; A;",Kd,65,pM,
5d72,"A, B; H, M; L, N; ","L, H; A;",Kd,6,pM,
5d8j,A; H; L;,"L, H; A;",Kd,1.78,nM,
5d93,"A, D; C, F; B, E; ","B, C; A;",Ki,16,nM,
5d96,"D, A; I, B; J, C; ","I, J; D;",Ki,2.2,nM,
5dfv,"A, B; C, E; D, F; ","F, E; B;",Kd,0.5,nM,
5dmi,A; H; L;,"L, H; A;",Kd,0.91,nM,
5do2,"A, B; H, C; L, D; ","C, D; A;",Kd,162,nM,
5drz,"L, A; H, B; Q, P; ","L, H; P;",Kd,4.4,nM,
5e4e,A; B; C;,"A, C; B;",Kd,0.084,nM,
5e6j,"A, D; B, E; C, F; ","B, C; A;",Ki,12.07,uM,
5e8d,A; H; L;,"L, H; A;",Kd,6.5,nM,
5e94,"A, C; B, D; G, H; ","A, B; G;",IC50,3,nM,
5edv,"A, B; C, D, I; E, F, G, H; ","A, C; E, G;",Kd,1.6,uM,
5ee4,"A, B; C, E; D, F; ","C, D; A;",Kd,6.1,uM,
5eiv,"A, B; C, D, E, F, G, H; I, J, K; ","A, G, H; I, J, K;",Kd,28.2,uM,
5eyp,A; B; F;,"A, B; F;",Kd,0.82,nM,
5ezo,H; L; A;,"L, A; H;",Kd,1,nM,
5f1b,A; B; C;,"A, B; C;",Kd,158,uM,
5f3b,"A, E; B, F; C, D; ","A, B; C;",Kd,3,pM,
5fcu,G; H; L;,"L, H; G;",Kd,6,nM,
5ffo,"A, E; B, F; C, D, G, H; ","A, B; D;",Kd,8.2,nM,
5fhx,A; H; L;,"L, H; A;",Kd,12,pM,
5fo8,A; B; C;,"A, B; C;",Kd,0.35,uM,
5fo9,"A, D; B, E; C, F; ","D, E; F;",Kd,1.9,uM,
5foa,"A, C; B, D; E, F; ","A, B; E;",Kd,6.1,uM,
5fob,A; B; C;,"A, B; C;",Kd,1.3,uM,
5fqd,"A, D; B, E; C, F; ","E, D; F;",Kd,220,nM,
5fug,"A, D, G, J; C, F, I, L; B, E, H, K; ","H, G; I;",Kd,4.4,nM,
5ghw,H; L; P;,"L, H; P;",Kd,9.6,nM,
5grj,H; L; A;,"L, H; A;",Kd,42.1,pM,
5gvi,A; B; C;,"A, B; C;",Kd,2.2,uM,
5gzn,"A, B, E, G; H, C; L, D; ","L, H; A, E;",Kd,5.39,uM,
5gzo,"A, B; H, C; L, D; ","L, H; A;",Kd,0.1636,uM,
5h6q,A; B; C;,"A, C; B;",Ki,0.06,uM,
5h6r,A; B; C;,"A, C; B;",Ki,6.3,uM,
5hdq,A; H; L;,"L, H; A;",Kd,1.2,nM,
5hxb,"X, A; Y, B; Z, C; ","Z, Y; X;",Kd,347,nM,
5i5k,"B, A; H, X; L, Y; ","L, H; B;",Kd,17.6,pM,
5ibk,"A, D; B, E; F, C; ","A, B; C;",IC50,70,nM,
5ies,H; L; C;,"L, H; C;",Kd,0.368,uM,
5igx,G; H; L;,"L, H; G;",Kd,711,nM,
5ikc,"A, L; B, H; M, N; ","L, H; N;",Kd,27,nM,
5j11,A; B; C;,"B, C; A;",Kd,29,nM,
5j13,A; B; C;,"B, C; A;",Kd,60,pM,
5jhl,A; H; L;,"L, H; A;",Kd,2.7,nM,
5jq6,A; H; L;,"L, H; A;",Kd,0.79,nM,
5kn5,"A, D; B, E; C, F; ","A, B; C;",Kd,102,pM,
5kvd,E; L; H;,"L, H; E;",Kd,266,nM,
5kvf,E; L; H;,"L, H; E;",Kd,32,nM,
5kvg,E; L; H;,"L, H; E;",Kd,8.8,nM,
5kw9,A; H; L;,"L, H; A;",Kd,20.5,nM,
5l6n,L; H; I;,"L, H; I;",Ki,3.05,nM,
5l6y,C; H; L;,"L, H; C;",Kd,58,pM,
5lcv,"A, B; H; L; ","L, H; A, B;",Kd,840,nM,
5lqb,A; H; L;,"L, H; A;",Kd,1,nM,
5m5e,B; C; D;,"D, C; B;",Kd,70,pM,
5mi0,A; B; C;,"B, C; A;",Kd,0.41,uM,
5mj3,A; B; C;,"A, B; C;",Kd,0.11,nM,
5n7w,"A, H; B, L; X, Y; ","L, H; X, Y;",Kd,80,nM,
5n88,"H, A; D; E; ","E, D; H;",Kd,1.013,uM,
5nan,"A, D; B, C; E, F; ","A, F; B;",Kd,17.5,nM,
5ngv,A; H; L;,"L, H; A;",Kd,16,pM,
5nh3,"A, B; H, I; L, M; ","L, H; A;",Kd,973,pM,
5nhu,"L, B, D; H, A, C; I, J, K; ","L, H; I;",Kd,1,nM,
5nmv,L; H; K;,"L, H; K;",Kd,1,nM,
5o76,"A, C; B, D; E, F; ","A, E; B;",Kd,0.25,uM,
5ock,L; H; A;,"L, H; A;",Kd,2.3,uM,
5ona,"A, D; B, E; C, F; ","A, B; C;",Kd,183,nM,
5oo6,"A, D, G, J, M, P, S, V; B, E, H, K, N, Q, T, W; C, F, I, L, O, R, U, X; ","D, E; F;",Kd,1.0,uM,
5oob,"A, C, F, I; B, D, G, J; E, K, Z; ","A, B; Z;",Kd,3.3,uM,
5osh,"A, D, G, J; B, E, H, K; C, F, I, L; ","A, B; C;",Kd,151,nM,
5otj,"L, A; H, B; D, C; ","L, H; C;",Kd,0.17,nM,
5sx4,"I, L; J, H; M, N; ","I, J; M;",Kd,0.34,nM,
5sx5,"K, L; J, H; M, N; ","J, K; M;",Kd,1.15,nM,
5sy8,H; L; O;,"L, H; O;",Kd,11.2,pM,
5t29,H; L; O;,"L, H; O;",Kd,0.379,nM,
5t5b,"H, A; L, B; O, E; ","L, H; E;",Kd,0.123,nM,
5t5f,A; H; L;,"L, H; A;",Kd,0.19,nM,
5t5w,A; B; C;,"B, C; A;",Kd,16,uM,
5t6l,"H, A; L, B; G, I; ","L, H; I;",Kd,28.5,pM,
5te4,G; H; L;,"L, H; G;",Kd,9.9,nM,
5te6,G; H; L;,"L, H; G;",Kd,2.59,nM,
5te7,H; L; G;,"L, H; G;",Kd,2.81,nM,
5tfw,H; L; O;,"L, H; O;",Kd,16.4,pM,
5th9,"L, M, N; H, I, J; A, B, C; ","L, H; A;",Kd,0.008,nM,
5thp,"A, D, G, J, M, P; B, E, H, K, N, Q; C, F, I, L, O, R; ","A, B; C;",Kd,0.21,nM,
5tru,"L, l; H, h; c, C; ","L, H; C;",Kd,10.6,nM,
5tte,B; E; F;,"F, E; B;",Kd,272,nM,
5tuv,"A, D; B, E; C, F; ","A, B; C;",Kd,0.8,uM,
5tz2,H; L; C;,"L, H; C;",Kd,1.12,nM,
5tzt,"B, L; A, H; C, D; ","A, B; D;",Kd,2.87,nM,
5upk,A; B; C;,"A, B; C;",Kd,104,uM,
5uq3,A; B; C;,"A, B; C;",Kd,180,nM,
5ush,"A, X; D, H; E, L; ","E, D; A;",Kd,1.5,nM,
5usl,"X, A; H, B; L, C; ","L, H; X;",Kd,0.016,nM,
5utz,"H, B, F, J; L, C, G, K; D, A, E, I; ","L, H; D;",Kd,1879,pM,
5vag,A; B; C;,"B, C; A;",Kd,9.4,nM,
5vey,A; B; C;,"A, B; C;",Kd,0.3,uM,
5vpg,A; C; D;,"C, D; A;",Kd,19,nM,
5vpl,A; C; D;,"C, D; A;",Kd,17,nM,
5vyf,"L, A; H, B; F, C; ","L, H; F;",Kd,0.187,nM,
5w06,T; L; H;,"L, H; T;",Kd,0.14,nM,
5w08,"A, B, C, D, E, F; G, I, K, M, O, Q; H, J, L, N, P, R; ","H, G; A;",Kd,0.04,uM,
5w1m,"A, C, E, G; B, D, F, H; Q, R, S, T; ","A, B; R;",Kd,16.3,nM,
5wi9,"A, B; L, E; H, F; ","L, H; A;",Kd,86,pM,
5wt9,H; L; G;,"L, H; G;",Kd,1.45,nM,
5wux,"A, C, H; B, D, L; E, F, G; ","A, B; F;",Kd,27.4,pM,
5wvo,"A, B; C; D; ","A, B; C;",Kd,17.8,nM,
5x60,A; B; C;,"A, B; C;",Ki,0.03,uM,
5xfs,A; B; C;,"A, B; C;",Kd,132.23,nM,
5xis,"A, D; B, E; C, F; ","B, C; A;",Kd,283,uM,
5xj3,"A, D, G, J; B, E, H, K; C, F, I, L; ","E, D; F;",Kd,18.2,nM,
5xj4,A; H; L;,"L, H; A;",Kd,0.667,nM,
5xjo,"A, B; F, E; C, D; ","A, C; E;",Kd,1.3,uM,
5xkj,"C, D; E, F; A, B; ","A, C; E;",Kd,1.1,uM,
5xku,A; B; C;,"B, C; A;",Kd,17.4,pM,
5xmh,"A, B; L, C; H, D; ","L, H; A;",Kd,160,uM,
5xwd,A; H; D;,"H, D; A;",Kd,5.9,nM,
5xxy,H; L; A;,"L, H; A;",Kd,9.96,nM,
5y11,A; B; C;,"A, B; C;",Kd,25.9,nM,
5y9j,L; H; A;,"L, H; A;",Kd,0.995,nM,
5ymy,A; B; C;,"A, B; C;",Kd,33.1,nM,
5yoy,"A, B, C, J, K, L; D, E, F, M, N, O; G, H, I, P, Q, R; ","H, E; C;",Kd,18,pM,
5zxv,"A, B; H, C; L, D; ","L, H; A;",Kd,57.6,nM,
6a0z,A; H; L;,"L, H; A;",Kd,53,nM,
6a3w,"A, D, G, J; B, E, H, K; C, F, I, L; ","A, B; C;",Kd,2.3,nM,
6a67,"H, C; L, D; B, A; ","L, H; A;",Kd,1.004,nM,
6a78,"A, B; L, M; H, I; ","L, H; A;",Kd,239,nM,
6a79,"A, B; L, M; H, I; ","L, H; A;",Kd,8.2,nM,
6ana,K; H; L;,"L, H; K;",Kd,9,nM,
6and,K; H; L;,"L, H; K;",Kd,7.8,nM,
6ani,"A, K; H, I; L, M; ","L, H; K;",Kd,7.8,nM,
6aod,A; B; C;,"A, B; C;",Kd,162,pM,
6ath,A; B; C;,"A, B; C;",Kd,0.33,nM,
6azz,"F, C; E, B; A, D; ","F, E; D;",Kd,6.7,nM,
6b08,C; B; A;,"B, C; A;",Kd,16,nM,
6b0a,H; L; A;,"L, H; A;",Kd,3.7,nM,
6b0e,A; B; E;,"A, B; E;",Kd,41,nM,
6b0g,C; D; E;,"C, D; E;",Kd,31,nM,
6b0s,H; L; C;,"L, H; C;",Kd,178,nM,
6b3s,"A, B, E, I; H, C, F, J; L, D, G, K; ","L, H; A;",Kd,12,nM,
6b9j,"X, Y; H, A; L, B; ","L, H; X;",Kd,0.35,nM,
6bb4,"L, M, N; H, I, J; P, Q, R; ","L, H; P;",Kd,15.4,nM,
6bck,G; H; L;,"L, H; G;",Kd,0.86,nM,
6bf4,"A, G; B, H; C, L; ","B, C; A;",Kd,178,nM,
6bit,"I, J; K, L; H, G; ","I, K; H;",Kd,2.6,nM,
6bkb,H; E; L;,"L, H; E;",Kd,1.5,nM,
6bkc,H; L; E;,"L, H; E;",Kd,0.8,nM,
6bkd,E; H; L;,"L, H; E;",Kd,113,nM,
6blh,L; H; G;,"L, H; G;",Kd,4.1,nM,
6bli,"A, D, G, J; B, E, H, K; C, F, I, L; ","A, B; C;",Kd,0.52,nM,
6brs,"A; F, C; E; ","A, F; E;",Kd,1.7,uM,
6bva,"D, C; E, F; B, A; ","D, E; B;",Kd,91,nM,
6byh,"A, B, G; E, F, I; C, D, H; ","A, E; D;",Kd,25,nM,
6c16,"A, B; C, F; D, H; ","A, C; H;",Kd,421,nM,
6c48,"A, D; F, C; B, E; ","A, B; C;",Kd,0.04,uM,
6cmg,A; B; C;,"B, C; A;",Kd,27.4,nM,
6cwt,"A, C; B, D; E, F; ","C, D; F;",Kd,2,pM,
6d01,"A, C, E, G; B, D, F, H; I, J; ","C, D; I;",Kd,286,nM,
6d7g,A; D; E;,"E, D; A;",Kd,2.9,uM,
6dc3,H; L; F;,"L, H; F;",Kd,34,nM,
6dc8,L; H; P;,"L, H; P;",Kd,21.5,nM,
6dc9,"H, I; L, M; P, Q; ","L, H; P;",Kd,15.23,nM,
6dca,"L, M, N, O; H, I, J, K; P, Q, R, S; ","L, H; P;",Kd,84.44,nM,
6ddm,A; C; B;,"A, B; C;",Kd,0.42,nM,
6ddr,A; B; C;,"A, B; C;",Kd,0.94,nM,
6ddv,B; C; A;,"A, B; C;",Kd,5.78,nM,
6dg5,A; B; C;,"A, B; C;",Kd,16.1,nM,
6dkj,"H, A; L, B; C, D; ","L, H; C;",Kd,61,pM,
6e4y,H; L; P;,"L, H; P;",Kd,3.8,uM,
6e4z,H; L; P;,"L, H; P;",Kd,1.3,nM,
6e62,"P, A; H, B; L, C; ","L, H; P;",Kd,3.2,nM,
6e63,"P, A; H, B; L, C; ","L, H; P;",Kd,3.7,nM,
6ehg,A; B; C;,"A, B; C;",Kd,0.24,nM,
6ewb,"A, B, C, D; E, G, H, J; F, I, K, L; ","L, H; A, B;",Kd,59,nM,
6eyo,"A, B; I, H; M, L; ","L, H; A, B;",Kd,20,pM,
6flb,G; H; L;,"L, H; G;",Kd,1,nM,
6flc,"A, L; B, H; G, I; ","A, B; I;",Kd,176.7,nM,
6gku,A; H; L;,"L, H; A;",Kd,0.9,nM,
6gwc,A; B; C;,"A, B; C;",Kd,270,nM,
6h06,"H, A, C, E; L, B, D, F; I, G, J, K; ","L, H; I;",Kd,5.6,uM,
6h0e,"H, A, C, E; L, B, D, F; I, G, J, K; ","L, H; I;",Kd,240,nM,
6h2y,D; H; L;,"L, H; D;",Kd,2.7,nM,
6h3t,"H, I; L, M; A, B; ","L, H; A;",Kd,5.4,nM,
6h3u,"H, I; L, M; A, B; ","L, H; B;",Kd,36,nM,
6hhc,L; H; A;,"L, H; A;",Kd,2.4,nM,
6hpr,"A; B, D; C; ","B, D, C; A;",Kd,0.83,uM,
6iea,A; L; H;,"L, H; A;",Kd,295,nM,
6ieb,"H, E; L, F; B, A; ","L, H; A;",Kd,18.5,nM,
6iec,"A, B, E, I; H, C, F, J; L, D, G, K; ","L, H; A;",Kd,743,nM,
6isu,A; B; C;,"B, C; A;",Kd,160,nM,
6ivz,A; H; L;,"L, H; A;",Kd,9.7,nM,
6iw0,A; H; L;,"L, H; A;",Kd,13.5,nM,
6j11,"A, B, C; H, D, F; L, E, G; ","L, H; A;",Kd,25,nM,
6j14,A; B; G;,"A, B; G;",Kd,1.54,nM,
6j5d,A; H; L;,"L, H; A;",Kd,45.4,nM,
6j5f,A; H; L;,"L, H; A;",Kd,390,nM,
6j6y,"A, D; B, E; C, F; ","B, C; A;",Kd,0.3,nM,
6jbt,F; H; L;,"L, H; F;",Kd,0.324,nM,
6jep,"H, K; L, I; E, F; ","L, H; E;",Kd,1.06,nM,
6jjp,"A, D; B, E; C, F; ","A, B; C;",Kd,3.55,nM,
6jo8,"A, C, E; B, D, F; M, N, O; ","A, B; O;",Kd,6.02,uM,
6k0y,A; B; C;,"A, B; C;",Kd,0.892,nM,
6k7o,"A, P, R, Q; B, D, F, H; C, E, G, L; ","L, H; A;",Kd,2.9,nM,
6mft,"H, A; L, B; G, C; ","L, H; G;",Kd,2.3,uM,
6mhr,"D, A; E, B; F, C; ","E, D; F;",Kd,22,nM,
6mi2,"A, D; B, E; F, C; ","A, B; C;",Kd,69,nM,
6mlk,A; L; H;,"L, H; A;",Kd,13,nM,
6mnq,P; H; L;,"L, H; P;",Kd,10.9,nM,
6mnr,P; H; L;,"L, H; P;",Kd,1.2,nM,
6msl,A; B; C;,"A, B; C;",Kd,1.4,nM,
6msu,A; B; C;,"A, B; C;",Kd,9.2,nM,
6mvl,A; H; L;,"L, H; A;",Kd,0.18,uM,
6n5w,A; B; C;,"A, B; C;",Kd,0.44,uM,
6nfj,"A, D; B, E; C, F; ","A, B; C;",Kd,211,nM,
6nmr,"L, B, G, K; H, A, F, J; S, E, I, M; ","L, H; S;",Kd,0.183,nM,
6nms,"L, A; H, B; S, C; ","L, H; S;",Kd,0.458,nM,
6nmt,A; B; C;,"A, B; C;",Kd,0.162,nM,
6nmu,"L, A; H, B; S, C; ","L, H; S;",Kd,0.426,nM,
6nmv,S; H; L;,"L, H; S;",Kd,0.123,nM,
6nuc,A; B; C;,"A, C; B;",Kd,21,nM,
6nuf,A; B; C;,"A, C; B;",Kd,21,nM,
6o07,C; A; B;,"A, C; B;",Kd,17,nM,
6o39,A; B; C;,"A, B; C;",Kd,1.7,nM,
6o3a,A; B; E;,"A, B; E;",Kd,5.2,nM,
6o3b,"A, E; B, G; C, H; ","A, B; C;",Kd,4.5,nM,
6ob1,A; B; C;,"A, B; C;",Kd,1.7,uM,
6oc3,"A, C; B, D; E, F; ","A, B; F;",Kd,2,nM,
6otc,A; H; L;,"H, L; A;",Kd,4.9,nM,
6oy4,A; C; D;,"C, D; A;",Kd,35,nM,
6p50,C; H; L;,"L, H; C;",Kd,1,nM,
6p67,"A, C, E, H; B, D, F, L; G, I, J, K; ","A, B; K;",Kd,8.7,nM,
6phb,"I, E; C, A; D, B; ","C, D; I;",Kd,19.2,nM,
6phc,"I, E; A, C; B, D; ","A, B; I;",Kd,4.6,nM,
6phd,H; L; C;,"L, H; C;",Kd,2.5,nM,
6plk,"H, I; L, M; E, F; ","L, H; E;",Kd,1.15,nM,
6ppg,"F, G; A, L; B, H; ","A, B; G, F;",Kd,7.78,pM,
6pxh,"A, B; C, H; D, L; ","C, D; A;",Kd,28.0,nM,
6q0h,A; H; L;,"L, H; A;",Kd,1.8,uM,
6q0o,A; B; Z;,"B, Z; A;",Kd,0.4,uM,
6q18,A; L; H;,"L, H; A;",Kd,0.6,uM,
6qb6,A; H; L;,"L, H; A;",Kd,1.14,uM,
6qmp,B; C; A;,"B, C; A;",Kd,0.7,uM,
6qmq,B; C; A;,"B, C; A;",Kd,0.37,uM,
6qms,B; C; A;,"B, C; A;",Kd,1.08,uM,
6r2s,A; B; C;,"A, B; C;",Kd,20,pM,
6r8x,A; B; C;,"B, C; A;",Kd,4.7,pM,
6rhv,G; H; C;,"G, H; C;",Kd,63,nM,
6rhw,G; H; C;,"G, H; C;",Kd,4,nM,
6s53,"E, C, K, I; F, D, L, J; B, A, H, G; ","B, F; E;",Kd,5,uM,
6tzc,A; B; C;,"A, B; C;",Kd,1985,nM,
6u8c,"A, B; C, L; D, H; ","L, H; A;",Kd,50,nM,
6uvo,L; H; D;,"L, H; D; ",Kd,579,pM,
