PDB,receptor_chain,ligand_chain,
1a22,A,B, 
1a2k,"A,B",C, 
1a4y,A,B, 
1acb,I,E, 
1ak4,D,A, 
1an1,I,E, 
1atn,D,A, 
1ava,C,A, 
1avx,B,A, 
1avz,C,B, 
1axi,A,B, 
1ay7,B,A, 
1azz,"C,D",A, 
1b27,D,A, 
1b2s,D,A, 
1b2u,D,A, 
1b3s,D,A, 
1b6c,B,A, 
1brs,D,A, 
1buh,B,A, 
1bvn,T,P, 
1c9p,B,A, 
1c9t,G,A, 
1clv,I,A, 
1cmx,B,A, 
1d6r,I,A, 
1dfj,I,E, 
1dhk,B,A, 
1djs,B,A, 
1dp5,B,A, 
1dpj,B,A, 
1du3,"D,E,F",A,
1dzb,A,X, 
1e3u,C,A, 
1e4k,C,"A, B", 
1e6e,B,A, 
1e96,B,A, 
1eaw,B,A, 
1ees,B,A, 
1efn,B,A, 
1eja,B,A, 
1emv,A,B, 
1es0,A,B, 
1ewy,C,A, 
1ezs,A,D,  
1ezu,A,D,  
1f34,B,A, 
1f3v,B,A, 
1f5r,I,A, 
1f7z,I,A, 
1fc2,D,C, 
1ffw,B,A, 
1fg9,"A,B",C, 
1fle,I,E, 
1flt,X,"V, W",
1fmo,I,E, 
1fy8,I,E, 
1g0v,B,A, 
1g5j,B,A, 
1g6v,K,A, 
1g9i,I,E, 
1gcq,C,A,
1gl0,I,E, 
1gl1,I,A, 
1gla,F,G, 
1gng,X,A, 
1go4,G,A, 
1gpw,B,A, 
1grn,B,A, 
1gua,B,A, 
1gxd,C,A, 
1h0t,B,A, 
1h1v,G,A, 
1h59,A,B, 
1hcf,"A,B",X,
1he8,A,B,  
1i2m,B,A, 
1i4d,D,"A, B", 
1i4e,A,B, 
1i5k,C,A, 
1i8l,A,C, 
1ib1,"A,B",E, 
1ibr,B,A, 
1j2j,B,A, 
1j7d,A,B, 
1j7v,L,R,  
1jgn,B,A, 
1jh4,B,A, 
1jiw,I,P, 
1jsp,B,A, 
1jtd,B,A, 
1jtg,B,A, 
1jwh,"C,D",A, 
1k93,D,A, 
1kac,B,A, 
1kbh,A,B,  
1kgy,E,A, 
1kkl,H,"A, C", 
1ktk,A,E, 
1ktz,A,B,
1kxp,D,A, 
1kxq,H,A, 
1kxt,B,A, 
1kxv,C,A, 
1l0x,B,A, 
1l0y,B,A, 
1l2w,"A,B",I, 
1l4d,A,B,  
1l4z,A,B,  
1l8c,B,A, 
1ldt,L,T, 
1lj2,C,"A, B", 
1lp1,B,A, 
1lqs,"L,M",R, 
1lw6,I,E, 
1lx5,A,B, 
1lzw,B,A, 
1m10,A,B, 
1m1e,B,A, 
1m5n,Q,S, 
1mah,F,A, 
1mcv,I,A, 
1mq8,A,B, 
1mxe,A,E, 
1mzw,B,A, 
1nf3,C,A, 
1nm5,C,"A, B", 
1nvu,S,Q, 
1nw9,A,B,  
1nys,B,A, 
1nyu,B,A, 
1o9a,A,B, 
1oc0,B,A, 
1oey,J,A, 
1ogy,B,A, 
1op9,A,B, 
1oph,A,B,
1oqe,A,K, 
1otr,B,A, 
1oyh,L,I, 
1oyv,I,"A, B", 
1ozs,B,A, 
1p27,B,A, 
1p69,A,B, 
1p6a,A,B,  
1p9d,U,S, 
1pd7,B,A, 
1pjm,A,B, 
1pjn,A,B, 
1pk1,B,A, 
1ppe,I,E, 
1psb,C,A, 
1pvh,B,A, 
1pxv,C,A, 
1q0w,B,A, 
1q5w,A,B, 
1q68,B,A, 
1q69,B,A, 
1qa9,B,A, 
1qty,"R,S",T, 
1r0r,I,E, 
1r6q,C,A, 
1r8u,B,A, 
1ri8,A,B, 
1rjc,A,B, 
1rkc,B,A, 
1rke,B,A, 
1rlb,E,"A, B, C, D", 
1rpq,W,A, 
1rv6,X,"V, W", 
1ry7,A,B,
1s1q,B,A, 
1sb0,B,A, 
1sbb,B,A, 
1sg1,"A,B",X,
1shy,A,B, 
1shz,C,A, 
1smf,I,E, 
1sq0,A,B, 
1sv0,C,A, 
1syq,B,A, 
1t01,B,A, 
1t0p,A,B, 
1t44,A,G, 
1t5z,B,A, 
1t63,B,A, 
1t6b,Y,X, 
1ta3,B,A, 
1taw,B,A, 
1tba,B,A, 
1tdq,A,B, 
1te1,B,A, 
1th1,C,A, 
1tlh,B,A, 
1tm1,I,E, 
1tm3,I,E, 
1tm4,I,E, 
1tm5,I,E, 
1tm7,I,E, 
1to1,I,E, 
1ty4,A,C,
1tzn,a,A, 
1u0i,B,A, 
1u0s,Y,A, 
1u5s,B,A, 
1u7f,B,"A, C", 
1u7v,B,"A, C", 
1uad,C,A, 
1uel,A,B,  
1ugh,I,E, 
1us7,B,A, 
1usu,B,A, 
1usv,B,A, 
1uug,B,A, 
1uuz,A,D, 
1v18,B,A, 
1vet,B,A, 
1veu,B,A, 
1vg0,B,A, 
1vrc,C,"A, B", 
1vrk,B,A, 
1vyh,"A,B","C, D", 
1vyt,E,A, 
1wa7,B,A, 
1wa8,B,A, 
1wlp,A,B, 
1wpx,B,A, 
1wq1,G,R, 
1wqj,I,B, 
1wr1,A,B, 
1wr6,E,A, 
1wrd,B,A, 
1wve,C,A, 
1x1u,D,A, 
1x1w,D,A, 
1x1x,D,A, 
1x1y,D,A, 
1x75,"C,D","A, B", 
1xd3,B,A, 
1xdt,R,T, 
1xg2,B,A, 
1xj7,B,A, 
1xqh,B,A, 
1xqs,C,A, 
1xr0,B,A, 
1xt9,B,A, 
1xu1,A,R, 
1xx9,"C,D",A, 
1xxd,"C,D",A, 
1xxf,"C,D",A, 
1y1k,I,E, 
1y33,I,E, 
1y34,I,E, 
1y3b,I,E, 
1y3c,I,E, 
1y3d,I,E, 
1y48,I,E, 
1y4a,I,E, 
1y4d,I,E, 
1y6k,R,L, 
1y6m,L,R, 
1y6n,L,R,  
1y76,"B,D","A, C", 
1y8n,B,A, 
1yc0,I,A, 
1ycs,B,A, 
1yd8,G,V, 
1ydi,B,A, 
1yk0,E,"A, B", 
1yk1,E,"A, B", 
1yrt,B,A, 
1yru,B,A, 
1yvb,I,A, 
1yx5,B,A, 
1yx6,B,A, 
1z7x,W,X, 
1z92,B,A, 
1zc3,D,A, 
1zc4,D,A, 
1zgu,B,A, 
1zhi,B,A, 
1zjd,B,A, 
1zli,B,A, 
1zm4,B,A, 
1zr0,B,A, 
1zsg,B,A, 
1zv5,A,L, 
1zvh,A,L, 
1zvy,A,B, 
2a24,B,A, 
2a78,B,A, 
2a7u,A,B,
2a9h,E,"A, B, C, D", 
2a9k,B,A, 
2abz,C,A, 
2ajf,E,A, 
2aq1,A,B, 
2aq2,A,B, 
2aq3,B,A, 
2arp,F,A, 
2aw2,B,A, 
2b0z,B,A, 
2b10,B,A, 
2b11,B,A, 
2b12,B,A, 
2b42,A,B,
2b4j,C,"A, B", 
2b7c,B,A, 
2b87,B,A, 
2be6,A,D, 
2bo9,B,A, 
2bp7,"B,D","A, C", 
2bqz,B,A, 
2btf,A,P, 
2byk,A,B, 
2bym,A,B, 
2c0l,A,B, 
2c1m,B,A, 
2c1t,C,A, 
2c7m,B,A, 
2cjs,C,A, 
2cpk,I,E, 
2den,B,A, 
2djy,B,A, 
2dsp,B,I, 
2dx5,B,A, 
2efd,B,A, 
2efh,B,A, 
2es4,A,D, 
2f31,B,A, 
2f4m,B,A, 
2f5z,K,"A, B", 
2f9z,A,C, 
2fdb,M,P, 
2few,B,A, 
2fju,B,A, 
2ftl,I,E, 
2ftm,B,A, 
2fu5,D,A, 
2fuh,B,A, 
2fyl,A,B, 
2g2u,B,A, 
2g2w,B,A, 
2g45,B,A, 
2g81,I,E, 
2gng,I,A, 
2gox,A,B, 
2gww,B,A, 
2h4m,C,A, 
2hd5,B,A, 
2hev,F,R,
2hle,B,A, 
2hqs,H,A, 
2hqw,B,A, 
2hrk,B,A, 
2hsq,B,A, 
2hth,A,B, 
2hwn,E,"A, B", 
2i25,L,N, 
2i26,L,N, 
2i32,A,E, 
2i3s,B,A, 
2i3t,B,A, 
2i9b,A,E, 
2ihs,C,A, 
2ij0,E,A, 
2iou,G,"A, B, C", 
2iwg,B,A, 
2ixq,B,A, 
2iy1,B,A, 
2iyb,A,E,
2j0t,D,A, 
2j12,A,B, 
2j59,M,A, 
2j7p,D,A, 
2j8x,B,A, 
2jby,B,A, 
2jgz,B,A, 
2jjs,A,C, 
2jjt,A,C, 
2jki,S,A, 
2jod,B,A, 
2jt4,B,A, 
2jti,B,A, 
2ju0,B,A, 
2jy6,A,B, 
2k05,B,"A, C", 
2k2s,B,A, 
2k2u,B,A, 
2k3s,B,A, 
2k3u,B,A, 
2k42,B,A, 
2k5b,B,A, 
2k6d,B,A, 
2k79,A,B, 
2k7a,A,B, 
2k8b,A,B, 
2k8c,A,B, 
2k8f,B,A, 
2ka4,B,A, 
2ka6,B,A, 
2kbw,B,A, 
2kc8,B,A, 
2kgx,B,A, 
2khs,B,A, 
2kj4,B,A, 
2knb,B,A, 
2kqs,B,A, 
2kri,B,A, 
2kt5,B,A, 
2ktf,A,B, 
2kvq,G,E, 
2kwi,B,A, 
2kwj,B,A, 
2kwk,A,B, 
2kwo,B,A, 
2kwu,B,A, 
2kwv,B,A, 
2kxh,B,A, 
2kxw,B,A, 
2kyg,"A,B",C, 
2l0f,A,B, 
2l0t,B,A, 
2l14,B,A, 
2l1l,A,B, 
2l29,B,A, 
2l2l,B,A, 
2l9s,B,A, 
2ld7,B,A, 
2leh,A,B, 
2lfw,B,A, 
2lkm,A,B, 
2lnk,C,"A, B", 
2lox,B,A, 
2lp0,B,A, 
2lp4,Y,A, 
2lpb,B,A, 
2lqc,B,A, 
2lqh,A,B, 
2luh,B,A, 
2lvo,A,C, 
2lww,B,A, 
2lxm,B,A, 
2ly4,A,B,  
2lz6,B,A, 
2m04,B,A, 
2m0g,B,A, 
2m0j,B,A, 
2m49,B,A, 
2m55,B,A, 
2m5a,B,A, 
2m5b,B,A, 
2m86,A,B, 
2mak,B,"A, C", 
2mbb,B,A, 
2mcn,B,A, 
2mej,B,A, 
2mfq,B,A, 
2mj5,A,B, 
2mjw,B,A, 
2mlx,B,A, 
2mly,B,A, 
2mlz,B,A, 
2mnu,B,A, 
2mp0,B,A, 
2mre,B,A, 
2mro,B,A, 
2mur,B,A, 
2mv7,B,A, 
2mws,B,A, 
2mzd,B,A, 
2n01,B,A, 
2n1d,B,A, 
2n2h,B,A, 
2n73,B,A, 
2n8j,B,A, 
2nbv,B,A, 
2noj,A,B, 
2nqd,A,B, 
2o3b,B,A, 
2o8v,B,A, 
2o98,"A,B","P, Q", 
2odg,"A,B",C, 
2omt,A,B, 
2omu,A,B, 
2omv,B,A, 
2omw,B,A, 
2omx,A,B, 
2omy,B,A, 
2omz,A,B, 
2onl,C,A, 
2oob,B,A, 
2ot3,B,A, 
2ot8,C,A, 
2otk,C,"E, F", 
2oul,A,B, 
2oza,A,B, 
2p1l,B,A, 
2p42,B,A, 
2p43,B,A, 
2p44,B,A, 
2p45,B,A, 
2p46,B,A, 
2p47,B,A, 
2p48,B,A, 
2p49,B,A, 
2p4a,B,A, 
2p8q,B,A, 
2pcb,B,A, 
2pcc,B,A, 
2phe,"A,B",C,
2pkg,C,A, 
2pms,C,A, 
2pon,A,B, 
2psm,F,A, 
2ptc,I,E, 
2ptt,A,B, 
2px9,B,A, 
2q5d,C,A, 
2q7n,B,A, 
2qc1,B,A, 
2qej,D,A, 
2qho,B,A, 
2qiy,C,A, 
2qna,B,A, 
2qur,B,A, 
2qxv,B,A, 
2r9p,E,A, 
2ra3,C,A, 
2rf9,C,A, 
2rmk,B,A, 
2rms,B,A, 
2rnr,B,A, 
2roz,B,A, 
2rr3,B,A, 
2ru4,B,A, 
2ruk,B,A, 
2rvb,B,A, 
2sic,I,E, 
2sni,I,E, 
2tgp,I,Z, 
2uuy,B,A, 
2uyz,B,A, 
2v3b,B,A, 
2v4z,B,A, 
2v51,F,B, 
2v52,M,B, 
2v5q,D,A, 
2v6x,B,A, 
2v8s,V,E, 
2v9t,B,A, 
2vay,B,A, 
2vda,B,A, 
2vdb,B,A, 
2ve7,C,A, 
2ver,N,A, 
2vln,B,A, 
2vlo,B,A, 
2vlp,B,A, 
2vlq,B,A, 
2vof,B,A, 
2vog,B,A, 
2voh,B,A, 
2voi,B,A, 
2vsm,B,A, 
2w19,C,A, 
2w80,D,A, 
2w81,D,A, 
2w84,B,A, 
2wd5,B,A, 
2wel,D,A, 
2wfx,B,A, 
2wg3,C,A, 
2wg4,B,A, 
2wh6,B,A, 
2wjv,D,A, 
2wo2,B,A, 
2wo3,B,A, 
2wp0,C,A, 
2wp3,O,T, 
2wpt,B,A, 
2wqz,D,A, 
2wus,R,A, 
2wwk,O,T, 
2wwx,B,A, 
2wy3,B,A, 
2wy8,Q,A, 
2x1x,R,E, 
2x2d,D,C, 
2x9a,B,A, 
2xa0,C,A, 
2xb6,C,A, 
2xbb,C,A, 
2xdf,C,A, 
2xgy,B,A, 
2xhe,B,A, 
2xns,C,A, 
2xpx,B,A, 
2xqr,B,A, 
2xtt,B,A, 
2xze,Q,A, 
2y5b,B,A, 
2y8s,B,A, 
2y8t,B,A, 
2y9m,B,A, 
2ygg,B,A, 
2yj1,B,A, 
2yq7,B,A, 
2yvj,B,A, 
2z3q,B,A, 
2z3r,B,A, 
2z58,B,A, 
2z7f,I,E, 
2z8v,D,A, 
2z8w,D,A , 
2za4,B,A, 
2zvk,U,A, 
3a4s,C,B, 
3ajb,B,A, 
3alz,B,A, 
3aon,B,A, 
3au4,B,A, 
3b08,B,A, 
3beg,B,A, 
3bh6,B,A, 
3bik,B,A, 
3biw,E,A, 
3blh,B,A, 
3bn3,B,A, 
3bp8,C,A, 
3bs5,B,A, 
3bx1,C,A, 
3bzd,B,A, 
3c4m,C,A, 
3c4o,B,A, 
3c4p,B,A, 
3c59,B,A, 
3c5t,B,A, 
3c66,C,A, 
3c9a,C,A, 
3ch5,B,A, 
3cqc,B,A, 
3cqg,B,A, 
3cx6,B,A, 
3cx7,B,A, 
3cx8,B,A, 
3d1m,D,A, 
3d5r,C,A, 
3d5s,C,A, 
3d7t,B,A, 
3d7u,B,A, 
3da7,D,A, 
3ddc,B,A, 
3dgc,R,L, 
3di2,B,A, 
3di3,B,A, 
3doe,B,A, 
3dvm,B,A, 
3dvu,C,A, 
3dxc,B,A, 
3dxd,B,A, 
3dxe,B,A, 
3e1z,B,A, 
3e2k,D,A, 
3e2l,C,A, 
3e2u,E,A, 
3eab,G,A, 
3eba,B,A, 
3eg5,B,A, 
3ehu,C,A, 
3ejh,E,A, 
3ejj,X,A, 
3eoy,G,A, 
3etb,J,F, 
3f1p,B,A, 
3f50,B,A, 
3ff8,C,A, 
3fhc,B,A, 
3fie,C,A, 
3fii,B,A, 
3fju,B,A, 
3fp6,I,E, 
3fpu,B,A, 
3fxd,B,A, 
3g3a,B,A, 
3g3b,B,A, 
3g7a,B,A, 
3g9v,B,A, 
3g9w,D,A, 
3gb8,B,A, 
3gc3,B,A, 
3gj3,B,A, 
3gj4,B,A, 
3gj5,B,A, 
3gj6,B,A, 
3gj7,B,A, 
3gj8,B,A, 
3gjn,B,A, 
3gmw,B,A, 
3gni,B,A, 
3gqi,B,A, 
3gs2,B,A, 
3gty,S,X, 
3gxu,B,A, 
3h2u,B,A, 
3h2v,E,A, 
3h3g,B,A, 
3h6s,E,A, 
3h8k,B,A, 
3hct,B,A, 
3hcu,B,A, 
3ho5,H,B, 
3htu,B,A, 
3ia3,D,A, 
3idb,B,A, 
3idc,B,A, 
3ifq,C,A, 
3inb,D,A, 
3iol,B,A, 
3ixe,B,A, 
3ixs,B,A, 
3jza,B,A, 
3k1r,B,A, 
3k2m,D,A, 
3k6g,D,A, 
3k75,D,B, 
3k8p,D,C, 
3k9m,C,A, 
3kbt,D,A, 
3kj0,B,A, 
3kj1,B,A, 
3kj2,B,A, 
3kls,X,A, 
3knb,B,A, 
3kuc,B,A, 
3kud,B,A, 
3kv4,B,A, 
3kw5,B,A, 
3kyi,B,A, 
3kz0,C,A, 
3kz1,F,A, 
3l33,E,A, 
3l9j,T,C, 
3laq,U,A, 
3lb8,C,A, 
3lbx,B,A, 
3lms,B,A, 
3m18,B,A, 
3m63,B,A, 
3ma2,C,D, 
3mc0,B,A, 
3mca,B,A, 
3me2,R,A, 
3mj7,B,A, 
3mjh,B,A, 
3mzg,B,A, 
3mzw,B,A, 
3n00,B,A, 
3n06,B,A, 
3n0p,B,A, 
3n4i,B,A, 
3ncb,B,A, 
3ncc,B,A, 
3noc,E,A, 
3nog,E,A, 
3nvn,B,A, 
3nvq,B,A, 
3o34,B,A, 
3o40,B,A, 
3o43,B,A, 
3o5t,B,A, 
3o6b,B,A, 
3oak,D,A, 
3oed,C,A, 
3ogo,E,A, 
3ohm,B,A, 
3oiq,B,A, 
3oj2,C,A, 
3ojm,B,A, 
3oky,B,A, 
3ol2,B,A, 
3olm,D,A, 
3ona,B,A, 
3onl,C,A, 
3onw,C,A, 
3osl,B,A, 
3oun,B,A, 
3ouw,B,A, 
3oux,B,A, 
3owt,C,"A, B", 
3oxu,E,A, 
3p71,C,T, 
3p92,E,A, 
3p95,E,A, 
3p9w,B,A, 
3pnr,B,A, 
3pvm,B,A, 
3q4f,"G,H","A, B", 
3q9n,C,A, 
3q9u,C,A, 
3qbq,B,A, 
3qbr,B,A, 
3qbt,B,A, 
3qbv,B,A, 
3qc8,B,A, 
3qht,C,A, 
3qhy,B,A, 
3qi2,C,A, 
3qlu,C,A, 
3qml,C,A, 
3qq8,B,A, 
3qs7,E,A, 
3qsk,B,A, 
3qt2,"C,D",A, 
3qwq,B,A, 
3r4d,B,A, 
3r85,E,A, 
3r9a,B,A, 
3rbb,B,A, 
3rdz,C,A, 
3rea,B,A, 
3reb,B,A, 
3rgf,B,A, 
3ro2,B,A, 
3rt0,C,A, 
3rzw,D,A, 
3s2k,C,A, 
3s8v,X,A, 
3sf4,D,A, 
3sgb,I,E, 
3sjh,B,A, 
3sku,D,A, 
3sri,B,A, 
3sua,D,A, 
3syn,E,A, 
3t04,D,A, 
3t1q,"B,C",A, 
3t6g,B,A, 
3tac,B,A, 
3tei,B,A, 
3tg1,B,A, 
3tgk,I,E, 
3tkl,B,A, 
3tl8,B,A, 
3tnf,B,A, 
3tsr,E,A, 
3tu3,B,A, 
3twi,D,A, 
3tz1,B,A, 
3u43,B,A, 
3u82,B,A, 
3u8x,B,A, 
3u9d,B,A, 
3u9z,C,A, 
3uir,C,A, 
3ujg,B,A, 
3ukw,C,B, 
3ukx,C,B, 
3ukz,C,B, 
3ul0,C,B, 
3ul1,A,B, 
3ul4,B,A, 
3ula,D,A, 
3ux9,B,A, 
3uyo,D,A, 
3uyp,B,A, 
3uz0,B,A, 
3uze,C,A, 
3uzq,B,A, 
3uzv,B,A, 
3v3k,B,A, 
3v4y,B,A, 
3v6b,R,A, 
3v96,B,A, 
3vep,D,X, 
3vhx,B,A, 
3vpj,E,A, 
3vv2,B,A, 
3vyr,B,A, 
3w6j,"B,C",A, 
3w8h,B,A, 
3w8i,B,A, 
3wa5,B,A, 
3wdg,B,A, 
3wkn,K,I, 
3wkt,C,A, 
3wqb,B,A, 
3wrx,C,A, 
3wry,C,A, 
3wwn,B,A, 
3zet,B,A, 
3zeu,B,A, 
3zkq,D,A, 
3znz,B,A, 
3zo0,A,B, 
3zrz,C,A, 
3zs9,"C,D",A, 
3zu7,B,A, 
3zuv,B,A, 
3zv0,C,A, 
3zwh,Q,"A, B", 
3zwl,E,B, 
3zwz,B,A, 
3zyi,B,A, 
3zyj,B,A, 
4a1s,C,A, 
4a1u,B,A, 
4a49,B,A, 
4a94,D,A, 
4afq,C,A, 
4afz,C,A, 
4ag2,C,A, 
4an7,B,A, 
4aoq,D,A, 
4aor,D,A, 
4ap2,B,A, 
4apf,B,A, 
4apx,B,A, 
4aqe,B,A, 
4asw,C,"A, B", 
4awx,B,A, 
4ayd,D,A, 
4aye,D,A, 
4ayi,D,A, 
4b1v,M,A, 
4b1x,M,B, 
4b1y,M,B, 
4b93,B,A, 
4bd9,B,A, 
4bfi,B,A, 
4bkx,B,A, 
4bpk,C,A, 
4bpx,D,C, 
4bqd,C,A, 
4bru,B,A, 
4brw,B,A, 
4bwq,B,A, 
4bxl,C,"A, B", 
4byf,B,A, 
4c2a,B,A, 
4c2b,B,A, 
4c4k,T,O, 
4c4p,B,A, 
4c5g,B,A, 
4c7n,B,A, 
4c99,B,A, 
4c9b,B,A, 
4cdk,E,A, 
4cj0,B,A, 
4cj1,B,A, 
4cj2,D,A, 
4cmm,B,A, 
4ct0,B,A, 
4cu4,B,A, 
4cvw,C,A, 
4d0g,C,A, 
4d0n,B,A, 
4dbg,B,A, 
4dcn,C,A, 
4dg4,E,A, 
4dge,C,A, 
4dh2,B,A, 
4did,B,A, 
4dj9,B,A, 
4dm6,E,A, 
4dm8,C,A, 
4doq,B,A, 
4dpg,I,"A, B",
4dra,E,A, 
4ds8,B,A, 
4dt1,B,A, 
4dvg,B,A, 
4dx8,J,A, 
4dxa,B,A, 
4dzu,B,A, 
4dzv,B,A, 
4e42,B,A, 
4eah,A,D, 
4eee,B,A, 
4ehq,G,A, 
4eig,B,A, 
4eiz,D,A, 
4ekc,B,A, 
4ekd,B,A, 
4eoz,B,A, 
4eqa,C,A, 
4etp,B,A, 
4etw,B,A, 
4euk,B,A, 
4exp,X,A, 
4f0a,B,A, 
4f38,B,A, 
4f48,B,A, 
4fq0,D,A, 
4ft4,P,A, 
4fza,B,A, 
4fzv,B,A, 
4g01,B,A, 
4g35,B,A, 
4g59,C,A, 
4g6u,B,A, 
4g6v,B,A, 
4g8a,C,A, 
4gaf,B,A, 
4geh,B,A, 
4gh7,B,A, 
4gi3,C,A, 
4giq,R,A, 
4gko,G,A, 
4gla,D,A, 
4glv,B,A, 
4gn3,B,A, 
4gn4,A,B, 
4gn5,D,A, 
4h2s,C,A, 
4h2w,D,A, 
4h3p,B,A, 
4h5s,B,A, 
4h6j,B,A, 
4hcn,B,A, 
4hcp,B,A, 
4hdo,B,A, 
4hep,G,A, 
4hff,B,A, 
4hfk,B,A, 
4hgk,D,A, 
4hgm,B,A, 
4hnj,C,A, 
4hrl,A,C, 
4hsa,C,"A, B", 
4hx3,B,A, 
4i0c,D,A, 
4i6l,B,A, 
4i9x,D,A, 
4ic7,B,A, 
4ihl,P,"A, B", 
4ika,D,A, 
4ilw,D,A, 
4iop,B,A, 
4iu3,B,A, 
4iyp,C,A, 
4j2l,C,A, 
4j2y,B,A, 
4j32,B,A, 
4j6g,C,A, 
4je4,B,A, 
4jeg,B,A, 
4jeh,B,A, 
4jeu,B,A, 
4jmf,"B,C",A, 
4jra,D,A, 
4js0,B,A, 
4jw2,B,A, 
4jw3,C,A, 
4jzw,R,A, 
4k0a,R,A, 
4k1r,B,A, 
4k5a,B,A, 
4k5b,D,A, 
4k81,B,A, 
4ka2,R,A, 
4kbb,C,A, 
4kdi,C,A, 
4kfz,C,A, 
4kgq,A,"C, D", 
4kjy,B,A, 
4kr0,B,A, 
4krl,A,B, 
4ksd,B,A, 
4kt1,E,A, 
4kt3,B,A, 
4kt5,C,"A, B", 
4kvg,B,A, 
4l0p,B,A, 
4l67,B,A, 
4lad,B,A, 
4lgp,B,A, 
4lgr,B,A, 
4llo,B,A, 
4ln0,C,"A, B", 
4lqw,D,A, 
4lrx,D,A, 
4lxr,"J,K",A, 
4lyl,B,A, 
4lzx,B,A, 
4m0w,B,A, 
4m1l,B,A, 
4m38,E,A, 
4m5f,B,A, 
4m6b,C,A, 
4mi8,C,A, 
4mit,E,A, 
4mjs,B,A, 
4ml7,B,A, 
4mne,B,A, 
4mp0,B,A, 
4mqv,B,A, 
4mrt,A,C, 
4msm,B,A, 
4myw,B,A, 
4n7z,B,A, 
4ng2,"E,F",A, 
4niq,C,A, 
4nl9,C,A, 
4nm3,B,A, 
4noo,B,A, 
4nqw,B,A, 
4nso,B,A, 
4nst,B,A, 
4nu1,B,A, 
4nzl,B,A, 
4nzw,B,A, 
4ofy,D,A, 
4ojk,C,A, 
4ol0,B,A, 
4ons,B,A, 
4ovn,F,A, 
4oyd,B,A, 
4p1n,C,A, 
4p3y,B,A, 
4pas,B,A, 
4pbv,C,A, 
4pbw,D,A, 
4pbz,B,A, 
4pc0,C,A, 
4peq,B,A, 
4per,B,A, 
4pgj,B,A, 
4pj2,D,A, 
4plo,A,B, 
4pou,B,A, 
4pqt,B,A, 
4pvz,C,A, 
4pw9,B,A, 
4pz6,Q,A, 
4q5u,C,A, 
4qlb,E,A, 
4qlp,B,A, 
4qt8,C,A,
4qxa,B,A, 
4qzv,B,A,
4r8i,B,A, 
4ra0,D,A, 
4re1,D,A,
4rey,B,A, 
4rs1,A,B, 
4rt6,B,A, 
4rws,C,A, 
4rwt,D,A, 
4s0s,D,A, 
4tq0,B,A, 
4tq1,B,A, 
4u0q,B,A, 
4u2x,D,A, 
4u30,X,A, 
4u32,A,X, 
4u4c,B,A, 
4u5w,B,A, 
4udm,A,B, 
4uem,B,A, 
4uf1,B,A, 
4ui1,A,D, 
4uwx,C,A, 
4uyp,D,A, 
4uyq,B,A, 
4v0n,B,A, 
4v0o,B,A, 
4v2c,A,B, 
4w4o,C,"A, B", 
4w6w,B,A, 
4w6x,B,A, 
4w6y,B,A, 
4wb2,D,A, 
4wem,B,A, 
4wen,B,A, 
4weu,B,D, 
4wnd,B,A, 
4wwi,D,A, 
4x33,B,A, 
4x4m,E,"A, B", 
4x7d,D,A, 
4x7e,C,A, 
4x7f,C,A, 
4x7s,L,H, 
4xhu,D,C, 
4xkl,B,A, 
4xl1,B,A, 
4xl5,C,A, 
4xlw,B,A, 
4xoi,B,A, 
4xvp,D,A, 
4xwj,B,A, 
4xxb,B,A, 
4xxw,C,B, 
4y5o,B,A, 
4y61,B,A, 
4yc7,A,B, 
4ydh,B,A, 
4yeb,B,A, 
4yh7,B,A, 
4yiq,B,A, 
4yiz,B,A, 
4yj4,B,A, 
4yl8,B,A, 
4yn0,B,A, 
4yoc,C,A, 
4ypi,G,C, 
4yvq,C,A, 
4ywc,C,A, 
4yyp,B,A, 
4z80,C,A, 
4z9k,B,A, 
4zgm,B,A, 
4zgq,B,A, 
4zgy,B,A, 
4zi2,C,A,
4zii,C,A, 
4zk9,B,A, 
4zkc,B,A, 
4zlt,F,B, 
4zqu,B,A, 
4zrj,B,A, 
4zrk,E,A, 
4zrp,C,A, 
4zv4,C,A, 
4zw2,B,A, 
5aam,C,A, 
5aaw,C,A, 
5abv,B,A, 
5agw,D,A, 
5ajj,B,A, 
5ajk,B,A, 
5ayr,B,A, 
5ays,C,A, 
5b64,B,A, 
5b75,B,A, 
5b76,B,A, 
5b77,B,A, 
5b78,B,A, 
5bn5,B,A, 
5bnq,R,A, 
5boz,G,A, 
5c3f,B,A, 
5c4v,B,A, 
5c67,E,A, 
5chv,C,A, 
5cmn,E,A, 
5ctr,C,A, 
5cw7,B,A, 
5cx3,E,A, 
5cxb,B,A, 
5cyk,B,A, 
5czf,D,A, 
5d1k,B,A, 
5d1l,B,A, 
5d1m,B,A, 
5d28,B,A, 
5d3i,B,A, 
5dc4,B,A, 
5dfw,H,A, 
5djt,B,A, 
5dju,B,A,
5dmj,B,A, 
5dob,B,A, 
5e3e,B,A, 
5e6p,B,A, 
5e95,A,B, 
5eb1,B,A, 
5ee5,B,A, 
5eg3,B,A, 
5elu,B,A, 
5eo9,B,A, 
5ep6,B,A, 
5eql,B,A, 
5et1,C,A, 
5f3x,B,A, 
5f4e,B,A, 
5f5o,B,A, 
5f5s,B,A, 
5fr1,B,A, 
5fr2,B,A, 
5fvk,C,A, 
5fw5,C,A, 
5fzt,B,A, 
5g15,B,A, 
5g1x,B,A, 
5gjk,B,A, 
5glh,B,A, 
5gpg,B,A, 
5gtb,B,A, 
5gwo,C,A, 
5gwp,C,A, 
5gy2,C,A, 
5h3j,B,A, 
5h7y,B,A, 
5h9b,B,A, 
5hpk,B,A, 
5hps,B,A, 
5hpy,B,A,
5hu3,B,A, 
5hvf,B,A, 
5hvg,B,A, 
5hyc,C,"A, B", 
5ifs,B,A, 
5iia,B,A, 
5ij0,B,A, 
5ij9,B,A, 
5imk,A,B, 
5imm,A,B, 
5imt,D,A, 
5inb,B,A, 
5ioh,B,A, 
5ip4,E,A, 
5ius,C,A, 
5ixd,B,A, 
5j28,C,A, 
5j4a,B,A, 
5j56,B,A, 
5j57,B,A, 
5j7c,C,A, 
5j8h,B,A, 
5jds,A,B, 
5jem,C,A, 
5jg6,B,A, 
5jjd,B,A, 
5jke,B,A, 
5jlv,C,A, 
5jmc,B,A, 
5jsb,B,A, 
5jsn,B,A, 
5jw7,B,A, 
5jw9,B,A, 
5jyl,B,A, 
5jze,A,B, 
5k22,B,A, 
5k8q,B,A, 
5kho,C,A, 
5kof,C,A, 
5kov,C,A, 
5kve,L,E, 
5kxh,B,A, 
5ky0,B,A, 
5ky4,B,A, 
5ky5,B,A, 
5ky9,B,A, 
5l21,B,A, 
5l8j,B,A, 
5lhn,B,A, 
5li1,B,A, 
5lrw,B,A, 
5lxm,D,A, 
5lxq,A,B, 
5lz3,B,A, 
5lz6,B,A, 
5m2i,H,A, 
5m2j,D,A, 
5m2m,F,A, 
5m36,D,A, 
5m72,B,A, 
5ma3,A,B, 
5ma4,A,B, 
5ma5,A,B, 
5ma6,B,A, 
5mad,B,A, 
5mak,A,B, 
5me5,B,A, 
5mfc,B,A, 
5mk0,B,A, 
5ml9,B,A, 
5mn2,D,A, 
5mrv,C,A, 
5mtj,B,A, 
5mtm,B,A, 
5mtn,B,A, 
5mv8,B,A, 
5mv9,B,A, 
5my6,B,A, 
5n47,B,A, 
5n48,B,A, 
5nl1,H,A, 
5npo,B,A, 
5nqf,B,A, 
5nqg,B,A, 
5nt7,A,B, 
5nus,B,A, 
5nvk,B,A, 
5nvl,B,A, 
5nvm,B,A, 
5nvn,B,A, 
5nwm,B,A, 
5nzz,H,A, 
5o05,B,C, 
5o0w,E,A, 
5o2s,B,A, 
5o2t,B,A, 
5o2u,B,A, 
5o74,B,A, 
5o90,B,A, 
5oaq,L,A, 
5oc7,C,A, 
5odw,C,A, 
5oen,B,A, 
5omb,D,A, 
5omn,C,B, 
5otx,B,A, 
5ovw,H,A, 
5oy9,D,A, 
5oyl,D,A, 
5sv3,B,A, 
5szh,B,A, 
5szi,B,A, 
5szj,B,A, 
5szk,B,A, 
5t0f,B,A, 
5tar,B,A, 
5tgh,B,A, 
5tl6,A,B, 
5tl7,A,B, 
5tp6,B,A, 
5tvq,B,A, 
5twa,D,A, 
5tzn,F,A, 
5tzp,B,A, 
5tzq,D,A, 
5u4k,B,A, 
5u4m,B,A, 
5u4y,C,A, 
5u52,E,A, 
5ua4,B,A, 
5ufe,B,A, 
5ufq,C,A, 
5uk5,B,A, 
5un5,C,B, 
5un7,B,A, 
5uul,B,A, 
5uv8,B,A, 
5uwc,I,G, 
5uzu,A,B, 
5v52,D,A, 
5v5g,B,A, 
5v5h,B,A, 
5v5i,B,A, 
5v62,I,A, 
5v69,B,A, 
5v6a,B,A, 
5vkl,B,A, 
5vko,B,A, 
5vmo,B,A, 
5vt9,C,A, 
5vu0,C,"A, B", 
5vwx,B,A, 
5vwy,B,A, 
5vx0,B,A, 
5vx2,B,A, 
5vx3,B,A, 
5vxz,C,A, 
5vz4,B,A, 
5vzm,B,A, 
5w3x,B,A, 
5w89,B,A, 
5w8t,B,A, 
5w9a,C,A, 
5wb7,E,A, 
5wb8,C,A, 
5wgg,B,A, 
5wos,B,A, 
5wpa,B,A, 
5wrv,B,A, 
5wuj,B,A, 
5wy2,B,A, 
5x0w,B,A, 
5x4l,C,A, 
5xbf,B,A, 
5xco,B,A, 
5xeq,B,A, 
5xiu,B,A, 
5xjg,B,A, 
5xln,B,A, 
5xnp,D,A, 
5xoc,B,A, 
5xod,B,A, 
5xqz,C,A, 
5xsq,B,A, 
5xv8,B,A, 
5xwt,B,A, 
5y1z,A,C, 
5y4r,D,A, 
5yi8,B,A, 
5yip,B,A, 
5yir,C,D, 
5yis,C,A, 
5yqz,P,R, 
5yr0,B,A, 
5ywr,B,A, 
5z2w,B,A, 
5z78,C,A, 
5zau,B,A, 
5zo2,B,C, 
5zqv,E,A, 
6a3v,B,A, 
6a6x,C,"A, B", 
6aaf,B,A, 
6akm,B,A, 
6amb,B,A, 
6arq,D,A, 
6asr,B,A, 
6atk,D,A, 
6aw2,B,A, 
6azp,B,A, 
6b12,C,A, 
6b8n,B,A, 
6ba6,B,A, 
6bmt,B,A, 
6bw9,B,A, 
6bx4,C,A, 
6bx5,C,A, 
6bx8,B,A, 
6bxa,C,A, 
6bxc,D,A, 
6c83,C,"A, B", 
6cbp,A,P, 
6ch2,D,A, 
6ch3,B,A, 
6cwg,B,A, 
6d13,B,A, 
6d4p,C,A, 
6d68,C,A, 
6dcn,D,A, 
6dgf,B,A, 
6dld,B,A, 
6dsl,B,A, 
6dwf,G,A, 
6e2p,C,A, 
6e3i,B,A, 
6e3j,B,A, 
6eg0,B,A, 
6eg1,B,A, 
6ejg,C,A, 
6ejm,I,A, 
6er6,A,B, 
6ere,C,B, 
6f0f,B,A, 
6f0g,C,A, 
6f0h,B,A, 
6f2g,B,A, 
6f3z,B,A, 
6f9s,B,A, 
6fbx,B,A, 
6fc2,B,A, 
6fc3,B,A, 
6fe4,F,A, 
6ff3,B,A, 
6fg8,B,A, 
6fgo,E,A, 
6fhp,C,A, 
6fp7,B,A, 
6fpg,D,B, 
6fq0,B,A, 
6fu9,B,A, 
6fub,A,B, 
6fud,B,A, 
6fuz,N,A, 
6fv0,F,A, 
6g04,B,A, 
6gbg,A,D, 
6gd5,B,A, 
6gfi,E,A, 
6gho,B,A, 
6gtq,C,A, 
6gum,B,A, 
6gvk,B,A, 
6gvl,B,A, 
6h16,B,A, 
6h46,B,A, 
6h47,B,A, 
6h71,C,A, 
6h9n,B,A, 
6har,E,A, 
6her,B,A, 
6ht9,B,A, 
6hul,B,A, 
6i2m,B,A, 
6i3f,B,A, 
6idx,C,A, 
6ihb,A,R, 
6im9,B,A, 
6imf,B,A, 
6in9,D,A, 
6ird,C,B, 
6ire,B,A, 
6isc,B,A, 
6iu7,B,A, 
6iua,B,A, 
6ivu,B,A, 
6iw8,C,A, 
6iwa,C,A, 
6iwd,B,A, 
6j4o,B,A, 
6j4s,B,A, 
6j56,C,A, 
6j7w,C,A, 
6j9h,B,A, 
6jb2,B,A, 
6jb8,B,A, 
6jcs,R,A, 
6jhw,B,A, 
6jjw,U,A, 
6jwj,C,A, 
6k06,C,A, 
6k4k,C,A, 
6kbm,B,A, 
6kbn,B,A, 
6kbr,C,A, 
6km7,C,A, 
6m7l,A,B, 
6mav,B,A, 
6mba,B,A, 
6mc9,B,A, 
6mm6,D,C, 
6moe,D,A, 
6mud,B,A, 
6n85,M,B, 
6n9d,B,A, 
6ndz,B,A, 
6ne1,B,A, 
6ne2,A,B, 
6ne4,A,B, 
6oan,A,C, 
6oao,B,A, 
6obn,C,A, 
6on9,B,A, 
6oqj,B,A, 
6oqk,B,A, 
6oqq,B,A, 
6osw,B,A, 
6ov2,B,A, 
6p7s,A,B, 
6p7y,B,A, 
6plm,C,A, 
6pnp,B,A, 
6pnq,B,A, 
6q69,B,A,
6qb3,X,A, 
6r2g,C,A, 
6s29,B,A, 
6s8s,B,A, 
6saz,A,B, 
6sak,C,A, 
6u2h,C,A, 
6umt,B,A, 
6uys,B,A,
6uyu,B,A, 
1a3b,I,"L, H", 
1ahw,C,"A, B", 
1avg,I,"L, H", 
1bj1,"L,H","V, W", 
1bql,Y,"L, H", 
1bth,P,"L, H", 
1bvk,C,"A, B", 
1cz8,"L,H","V, W", 
1dee,G,"C, D", 
1dit,P,"L, H", 
1dqj,C,"A, B", 
1e6j,P,"H, L", 
1fe8,"H,L",A, 
1fsk,"B,C",A, 
1hia,I,"A, B", 
1hrt,I,"L, H", 
1i3o,E,"A, C, B, D", 
1i51,E,"A, B", 
1i8k,C,"A, B", 
1icf,I,"A, B", 
1id5,I,"L, H", 
1ihs,I,"L, H", 
1ijk,"B,C",A, 
1iqd,C,"A, B", 
1jmo,A,"L, H", 
1jps,T,"L, H", 
1jrh,I,"L, H", 
1k2d,P,"A, B", 
1kig,I,"H, L", 
1mhh,E,"A, B", 
1mlc,E,"A, B", 
1n64,P,"L, H", 
1nb5,I,"A, P",
1nca,"L,H",N, 
1nl0,G,"L, H", 
1nma,"L,H",N, 
1nsn,S,"L, H", 
1o94,"C,D",A, 
1o95,"E,F",A, 
1ob1,C,"A, B", 
1p0s,E,"L, H", 
1p2c,C,"A, B", 
1p4b,P,"L, H", 
1sy6,A,"L, H", 
1tbq,R,"L, H",
1tbr,R,"L, H", 
1toc,R,"A, B", 
1tzh,V,"A, B", 
1tzi,V,"A, B", 
1uex,C,"A, B", 
1v7p,C,"A, B", 
1vfb,C,"A, B", 
1wej,F,"L, H", 
1xwd,C,"A, B", 
1yy9,"C,D",A, 
1za3,S,"A, B", 
1ze3,D,"C, H", 
2a6d,P,"A, B", 
2a6i,P,"A, B", 
2a6k,P,"L, H", 
2aep,"H,L",A, 
2aeq,"L,H",A, 
2ass,C,"A, B", 
2aze,C,"A, B", 
2b2x,"H,L",A, 
2bdn,"L,H",A, 
2cmr,"H,L",A, 
2dd8,S,"H, L", 
2dsq,I,"B, G",
2dsr,I,"G, B", 
2h9g,R,"A, B", 
2hfg,R,"L, H", 
2iff,Y,"L, H", 
2ijo,I,"A, B", 
2j4w,"H,L",D, 
2j5l,"B,C",A, 
2jel,P,"L, H", 
2jix,C,"A, F", 
2ma9,C,"A, B", 
2nup,C,"A, B", 
2nut,C,"A, B", 
2nyy,"C,D",A, 
2nz9,"C,D",A, 
2ody,E,"A, B", 
2p3f,N,"H, L", 
2pjy,C,"A, B", 
2pw8,I,"L, H", 
2r0k,H,"A, L", 
2r56,"H,L",A, 
2uzi,R,"H, L", 
2v1d,C,"A, B", 
2vir,C,"A, B", 
2vis,C,"A, B", 
2vxq,A,"L, H",
2vxs,"C,D","J, N",
2vxt,I,"L, H",
2w2m,E,"A, P",
2w2n,E,"A, P",
2w9e,A,"L, H",
2wby,A,"C, D",
2wii,C,"A, B",
2xqb,A,"L, H",
2xra,A,"L, H",
2xzd,G,"A, B",
2y0b,G,"A, B",
2y48,C,"A, B",
2ybr,C,"A, B",
2ypv,A,"L, H",
3a67,Y,"L, H",
3a6b,Y,"L, H",
3a6c,Y,"L, H",
3aa0,C,"A, B",
3aa6,C,"A, B",
3aaa,C,"A, B",
3b23,C,"A, B",
3b2u,A,"L, H",
3b2v,A,"L, H",
3b9f,I,"L, H",
3bdy,V,"L, H",
3be1,A,"L, H",
3bgf,A,"B, C",
3bky,P,"L, H",
3bow,C,"A, B",
3bpl,C,"A, B",
3bpn,C,"A, B",
3bpo,B,"A, C",
3c09,D,"L, H",
3chw,V,"A, P",
3dbh,J,"D, C",
3dbl,J,"C, D",
3dbr,K,"E, F",
3dco,N,"A, B",
3eo1,C,"A, B",
3eoa,I,"L, H",
3eob,I,"L, H",
3g6d,A,"L, H",
3gd1,"I,Z","C, E",
3h3p,S,"L, H",
3h7b,C,"A, B",
3h9h,C,"A, B",
3hi1,G,"L, H",
3hi6,B,"X, Y",
3idx,G,"L, H",
3idy,G,"L, H",
3iu3,K,"A, B",
3ixa,C,"A, B",
3ixt,P,"L, H",
3jsv,"C,D","A, B",
3k3q,A,"B, C",
3kr3,D,"L, H",
3l5n,M,"A, B",
3l5w,I,"L, H",
3l5x,A,"L, H",
3l95,Y,"L, H",
3lev,A,"L, H",
3lh2,U,"J, N",
3lhp,S,"L, H",
3lk2,T,"A, B",
3lk3,T,"A, B",
3lk4,C,"A, B",
3ma9,A,"L, H",
3mac,A,"L, H",
3mj9,A,"L, H",
3mxw,A,"L, H",
3n85,A,"L, H",
3nfp,K,"A, B",
3ngb,G,"L, H",
3nh7,A,"L, H",
3nps,A,"B, C",
3o4o,A,"B, C",
3opz,A,"L, H",
3orv,A,"C, D",
3p0y,A,"L, H",
3p11,A,"L, H",
3p6z,C,"A, B",
3pbp,E,"F, D",
3pmh,G,"A, B",
3pp4,P,"L, H",
3q1s,I,"L, H",
3q3g,G,"C, D",
3qwo,P,"L, H",
3qwr,D,"A, B",
3r1g,B,"L, H",
3r2x,C,"A, B",
3rkd,A,"L, H",
3rpg,A,"B, C",
3ru8,X,"L, H",
3sip,E,"C, D",
3skj,E,"L, H",
3so3,A,"B, C",
3ssb,A,"I, C",
3swp,"E,F","A, B, C, D",
3t2n,A,"L, H",
3thm,F,"L, H",
3tje,F,"L, H",
3tjz,A,"B, C",
3tq7,"A,B","P, Q",
3tvj,I,"A, B",
3u1j,E,"A, B",
3uaj,A,"L, H",
3uc0,A,"L, H",
3v62,C,"A, B",
3v6o,A,"E, C",
3v6z,F,"A, B",
3vfm,B,"A, C",
3vfn,B,"A, C",
3vfo,B,"A, C",
3vfp,B,"A, C",
3vfr,B,"A, C",
3vfs,B,"A, C",
3vft,B,"A, C",
3vfu,B,"A, C",
3vfv,B,"A, C",
3vfw,B,"A, C",
3vg9,A,"B, C",
3vys,A,"B, C",
3vza,F,"B, D",
3w2d,A,"L, H",
3w9e,C,"A, B",
3wd5,A,"L, H",
3wih,A,"L, H",
3wn5,C,"A, B",
3wo4,A,"B, C",
3wwk,C,"A, B",
3wwq,C,"A, H",
3zjy,C,"A, B",
4aei,A,"L, H",
4al8,C,"L, H",
4ala,C,"L, H",
4am0,S,"A, B",
4auq,B,"A, C",
4b0m,M,"A, B",
4bj5,B,"C, D",
4bkl,"E,F,G","A, B",
4boh,M,"L, H",
4bq6,B,"F, E",
4cmh,A,"B, C",
4cni,D,"A, B",
4d9q,A,"L, H",
4d9r,A,"L, H",
4day,C,"A, B",
4dck,A,"B, C",
4dgi,A,"L, H",
4djz,H,"A, B",
4dke,A,"L, H",
4dkf,A,"L, H",
4dn4,M,"L, H",
4doh,A,"R, B",
4drb,C,"A, J",
4drx,F,"A, B",
4dtg,K,"L, H",
4e05,I,"L, H",
4edw,V,"L, H",
4eef,G,"A, B",
4eo5,A,"B, C",
4ers,A,"L, H",
4etq,C,"L, H",
4f0z,B,"A, C",
4f37,A,"L, H",
4f3f,C,"A, B",
4ffy,A,"L, H",
4ffz,A,"L, H",
4fqj,A,"L, H",
4ftg,E,"A, B, C, D", 
4g3y,C,"L, H",
4g6f,F,"B, D",
4g6j,A,"L, H",
4g6m,A,"L, H",
4geq,B,"A, F",
4gnk,A,"B, E",
4gur,B,"A, C",
4h88,A,"L, H",
4hdq,B,"A, C",
4hix,A,"L, H",
4hj0,A,"P, Q",
4hjj,A,"L, H",
4hkx,E,"A, B",
4i18,C,"L, H",
4i2x,E,"A, B",
4i3r,G,"L, H",
4i77,Z,"L, H",
4idj,A,"L, H",
4iiq,C,"A, B",
4ij3,A,"B, C",
4ilg,A,"B, C",
4imy,G,"A, B",
4iof,B,"E, F",
4j4p,A.B,"C, D",
4jan,G,"L, H",
4jb8,P,"A, B",
4jkp,G,"L, H",
4jlr,S,"L, H",
4jpk,A,"L, H",
4jzj,C,"L, H",
4k2u,A,"L, H",
4k71,A,"B, C",
4k94,C,"L, H",
4k9e,C,"L, H",
4kht,A,"L, H",
4khx,A,"L, H",
4kp3,E,"A, C",
4kvn,A,"L, H",
4kxz,A,"L, H",
4leo,C,"A, B",
4liq,E,"L, H",
4lmq,D,"L, H",
4lqf,A,"L, H",
4lu5,B,"L, H",
4m1g,"A,B","L, H",
4m5z,A,"L, H",
4m62,S,"L, H",
4m8q,S,"A, B",
4mqw,X,"A, B",
4n8c,X,"L, H",
4n9g,C,"A, B",
4ne9,C,"B, D",
4nee,C,"B, D",
4nn6,A,"B, C",
4np4,A,"L, H",
4o1q,A,"C, D",
4o27,B,"A, C",
4od2,S,"A, B",
4odx,Y,"A, L",
4oqt,A,"L, H",
4ov6,F,"A, B",
4p59,A,"L, H",
4ps4,A,"L, H",
4pwx,A,"E, F",
4q5e,C,"A, B",
4qci,D,"A, B",
4qnp,"L,H","A, B",
4qti,"L,H",U,
4rgm,S,"L, H",
4rgo,S,"L, H",
4s3o,D,"E, F",
4thn,I,"L, H",
4u3j,C,"A, B",
4u6h,E,"A, B",
4u6v,A,"L, H",
4uu9,C,"A, B",
4uuz,C,"A, B",
4uwq,"L,K",J,
4v3k,E,"F, D",
4w4l,C,"A, B",
4wfd,C,"A, B",
4wnn,T,"C, D",
4wv1,F,"D, E",
4xnm,C,"L, H",
4xr8,C,"A, F",
4ybl,G,"L, H",
4yk4,E,"Z, Y",
4ypg,C,"A, B",
4z2m,B,"G, H",
4z5r,D,"J, K",
4z8l,A,"B, C",
4zff,C,"L, H",
4zfg,A,"L, H",
4zi3,D,"A, C",
4zpt,R,"A, B",
4zs6,A,"L, H",
4zs7,A,"L, H",
5anm,G,"A, B",
5b3h,C,"A, B",
5b71,E,"A, B",
5bk1,A,"L, H",
5bo1,A,"I, M",
5bqe,C,"A, B",
5bt1,"C,D","A, B",
5bvp,I,"L, H",
5c0n,A,"L, H",
5c0s,A,"L, H",
5c6t,A,"L, H",
5c7x,A,"L, H",
5cd5,A,"C, D",
5czv,A,"L, H",
5czx,A,"L, H",
5d70,A,"L, H",
5d71,A,"L, H",
5d72,A,"L, H",
5d8j,A,"L, H",
5d93,A,"B, C",
5d96,D,"I, J",
5dfv,B,"F, E",
5dmi,A,"L, H",
5do2,A,"C, D",
5drz,P,"L, H",
5e4e,B,"A, C",
5e6j,A,"B, C",
5e8d,A,"L, H",
5e94,G,"A, B",
5edv,"E,G","A, C",
5ee4,A,"C, D",
5eiv,"I,J,K","A, G, H",
5eyp,F,"A, B",
5ezo,H,"L, A",
5f1b,C,"A, B",
5f3b,C,"A, B",
5fcu,G,"L, H",
5ffo,D,"A, B",
5fhx,A,"L, H",
5fo8,C,"A, B",
5fo9,F,"D, E",
5foa,E,"A, B",
5fob,C,"A, B",
5fqd,F,"E, D",
5fug,I,"H, G",
5ghw,P,"L, H",
5grj,A,"L, H",
5gvi,C,"A, B",
5gzn,"A,E","L, H",
5gzo,A,"L, H",
5h6q,B,"A, C",
5h6r,B,"A, C",
5hdq,A,"L, H",
5hxb,X,"Z, Y",
5i5k,B,"L, H",
5ibk,C,"A, B",
5ies,C,"L, H",
5igx,G,"L, H",
5ikc,N,"L, H",
5j11,A,"B, C",
5j13,A,"B, C",
5jhl,A,"L, H",
5jq6,A,"L, H",
5kn5,C,"A, B",
5kvd,E,"L, H",
5kvf,E,"L, H",
5kvg,E,"L, H",
5kw9,A,"L, H",
5l6n,I,"L, H",
5l6y,C,"L, H",
5lcv,"A,B","L, H",
5lqb,A,"L, H",
5m5e,B,"D, C",
5mi0,A,"B, C",
5mj3,C,"A, B",
5n7w,"X,Y","L, H",
5n88,H,"E, D",
5nan,B,"A, F",
5ngv,A,"L, H",
5nh3,A,"L, H",
5nhu,I,"L, H",
5nmv,K,"L, H",
5o76,B,"A, E",
5ock,A,"L, H",
5ona,C,"A, B",
5oo6,F,"D, E",
5oob,Z,"A, B",
5osh,C,"A, B",
5otj,C,"L, H",
5sx4,M,"I, J",
5sx5,M,"J, K",
5sy8,O,"L, H",
5t29,O,"L, H",
5t5b,E,"L, H",
5t5f,A,"L, H",
5t5w,A,"B, C",
5t6l,I,"L, H",
5te4,G,"L, H",
5te6,G,"L, H",
5te7,G,"L, H",
5tfw,O,"L, H",
5th9,A,"L, H",
5thp,C,"A, B",
5tru,C,"L, H",
5tte,B,"F, E",
5tuv,C,"A, B",
5tz2,C,"L, H",
5tzt,D,"A, B",
5upk,C,"A, B",
5uq3,C,"A, B",
5ush,A,"E, D",
5usl,X,"L, H",
5utz,D,"L, H",
5vag,A,"B, C",
5vey,C,"A, B",
5vpg,A,"C, D",
5vpl,A,"C, D",
5vyf,F,"L, H",
5w06,T,"L, H",
5w08,A,"H, G",
5w1m,R,"A, B",
5wi9,A,"L, H",
5wt9,G,"L, H",
5wux,F,"A, B",
5wvo,C,"A, B",
5x60,C,"A, B",
5xfs,C,"A, B",
5xis,A,"B, C",
5xj3,F,"E, D",
5xj4,A,"L, H",
5xjo,E,"A, C",
5xkj,E,"A, C",
5xku,A,"B, C",
5xmh,A,"L, H",
5xwd,A,"H, D",
5xxy,A,"L, H",
5y11,C,"A, B",
5y9j,A,"L, H",
5ymy,C,"A, B",
5yoy,C,"H, E",
5zxv,A,"L, H",
6a0z,A,"L, H",
6a3w,C,"A, B",
6a67,A,"L, H",
6a78,A,"L, H",
6a79,A,"L, H",
6ana,K,"L, H",
6and,K,"L, H",
6ani,K,"L, H",
6aod,C,"A, B",
6ath,C,"A, B",
6azz,D,"F, E",
6b08,A,"B, C",
6b0a,A,"L, H",
6b0e,E,"A, B",
6b0g,E,"C, D",
6b0s,C,"L, H",
6b3s,A,"L, H",
6b9j,X,"L, H",
6bb4,P,"L, H",
6bck,G,"L, H",
6bf4,A,"B, C",
6bit,H,"I, K",
6bkb,E,"L, H",
6bkc,E,"L, H",
6bkd,E,"L, H",
6blh,G,"L, H",
6bli,C,"A, B",
6brs,E,"A, F",
6bva,B,"D, E",
6byh,D,"A, E",
6c16,H,"A, C",
6c48,C,"A, B",
6cmg,A,"B, C",
6cwt,F,"C, D",
6d01,I,"C, D",
6d7g,A,"E, D",
6dc3,F,"L, H",
6dc8,P,"L, H",
6dc9,P,"L, H",
6dca,P,"L, H",
6ddm,C,"A, B",
6ddr,C,"A, B",
6ddv,C,"A, B",
6dg5,C,"A, B",
6dkj,C,"L, H",
6e4y,P,"L, H",
6e4z,P,"L, H",
6e62,P,"L, H",
6e63,P,"L, H",
6ehg,C,"A, B",
6ewb,"A,B","L, H",
6eyo,"A,B","L, H",
6flb,G,"L, H",
6flc,I,"A, B",
6gku,A,"L, H",
6gwc,C,"A, B",
6h06,I,"L, H",
6h0e,I,"L, H",
6h2y,D,"L, H",
6h3t,A,"L, H",
6h3u,B,"L, H",
6hhc,A,"L, H",
6hpr,A,"B, D, C",
6iea,A,"L, H",
6ieb,A,"L, H",
6iec,A,"L, H",
6isu,A,"B, C",
6ivz,A,"L, H",
6iw0,A,"L, H",
6j11,A,"L, H",
6j14,G,"A, B",
6j5d,A,"L, H",
6j5f,A,"L, H",
6j6y,A,"B, C",
6jbt,F,"L, H",
6jep,E,"L, H",
6jjp,C,"A, B",
6jo8,O,"A, B",
6k0y,C,"A, B",
6k7o,A,"L, H",
6mft,G,"L, H",
6mhr,F,"E, D",
6mi2,C,"A, B",
6mlk,A,"L, H",
6mnq,P,"L, H",
6mnr,P,"L, H",
6msl,C,"A, B",
6msu,C,"A, B",
6mvl,A,"L, H",
6n5w,C,"A, B",
6nfj,C,"A, B",
6nmr,S,"L, H",
6nms,S,"L, H",
6nmt,C,"A, B",
6nmu,S,"L, H",
6nmv,S,"L, H",
6nuc,B,"A, C",
6nuf,B,"A, C",
6o07,B,"A, C",
6o39,C,"A, B",
6o3a,E,"A, B",
6o3b,C,"A, B",
6ob1,C,"A, B",
6oc3,F,"A, B",
6otc,A,"H, L",
6oy4,A,"C, D",
6p50,C,"L, H",
6p67,K,"A, B",
6phb,I,"C, D",
6phc,I,"A, B",
6phd,C,"L, H",
6plk,E,"L, H",
6ppg,"G,F","A, B",
6pxh,A,"C, D",
6q0h,A,"L, H",
6q0o,A,"B, Z",
6q18,A,"L, H",
6qb6,A,"L, H",
6qmp,A,"B, C",
6qmq,A,"B, C",
6qms,A,"B, C",
6r2s,C,"A, B",
6r8x,A,"B, C",
6rhv,C,"G, H",
6rhw,C,"G, H",
6s53,E,"B, F",
6tzc,C,"A, B",
6u8c,A,"L, H",
6uvo,D,"L, H", 
