sequence1,sequence2,label
ISGINASYVNIQKEIDRLNEVAKNLNESLIDLQEL,DIEKLKEAIRDTNKAVQSVQSSIGNLIVAIKSVQDYVNKEIVPSIARLGCEAAGLQLGIALTQHYSELTNIFG,0
DSLIDQFNSTFLDLEYEMKKLEEAIKKLEESLIDIKEL,DIEKLKEAIRDTNKAVQSVQSSIGNLIVAIKSVQDYVNKEIVPSIARLGCEAAGLQLGIALTQHYSELTNIFG,1
ISGINASYVNIQKEIDRLNEVAKNLNESLIDLQEL,DIEKLKEAIRDTNKAVQSVQSSIGNLIVAIKSVQDYVNKEIVPSIARLGCEAAGLQLGIALTQHYSELTNIFG,0
DSLIDQINSTFLDLEYEMKKLEEAIKKLEESYIDIKEL,DIEKLKEAIRDTNKAVQSVQSSIGNLIVAIKSVQDYVNKEIVPSIARLGCEAAGLQLGIALTQHYSELTNIFG,1
PEYSIINFRDMKMIVQTAKNLTNCCALHCIVERNFSDHSMH,DIEKLKEAIRDTNKAVQSVQSSIGNLIVAIKSVQDYVNKEIVPSIARLGCEAAGLQLGIALTQHYSELTNIFG,0
SLISDQINVTFLDLEYEMKKLEEAIKLEESYTDHKWEL,DIEKLKEAIRDTNKAVQSVQSSIGNLIVAIKSVQDYVNKEIVPSIARLGCEAAGLQLGIALTQHYSELTNIFG,1
DSLIDQFNSTFLDLEYEMKKLEEAIKKLEESLIDIKEL,DIEKLKEAIRDTNKAVQSVQSSIGNLIVAIKSVQDYVNKEIVPSIARLGCEAAGLQLGIALTQHYSELTNIFG,1
ISGINASYVNIQKEIDRLNEVAKNLNESLIDLQEL,DVLQENQKILAASFNKAMTNIVDAFTGVNDAITQTSQALQTVATALNKIQDVVNQQGNSLNHLTSQLRQNFQAISSSIQAIYDRLDTI,0
DSLIDQINSTFLDLEYEMKKLEEAIKKLEESYIDIKEL,DVLQENQKILAASFNKAMTNIVDAFTGVNDAITQTSQALQTVATALNKIQDVVNQQGNSLNHLTSQLRQNFQAISSSIQAIYDRLDTI,0
PEYSIINFRDMKMIVQTAKNLTNCCALHCIVERNFSDHSMH,DVLQENQKILAASFNKAMTNIVDAFTGVNDAITQTSQALQTVATALNKIQDVVNQQGNSLNHLTSQLRQNFQAISSSIQAIYDRLDTI,0
SLISDQINVTFLDLEYEMKKLEEAIKLEESYTDHKWEL,DVLQENQKILAASFNKAMTNIVDAFTGVNDAITQTSQALQTVATALNKIQDVVNQQGNSLNHLTSQLRQNFQAISSSIQAIYDRLDTI,0
DSLIDQFNSTFLDLEYEMKKLEEAIKKLEESLIDIKEL,DVLQENQKILAASFNKAMTNIVDAFTGVNDAITQTSQALQTVATALNKIQDVVNQQGNSLNHLTSQLRQNFQAISSSIQAIYDRLDTI,0
ISGINASYVNIQKEIDRLNEVAKNLNESLIDLQEL,ITQQVLSENQKLIANKFNQALGAMQTGFTTTNEAFQKVQDAVNNNAQALSKLASELSNTFGAISASIGDIIQRLDVLEQSGGRGG,0
DSLIDQINSTFLDLEYEMKKLEEAIKKLEESYIDIKEL,ITQQVLSENQKLIANKFNQALGAMQTGFTTTNEAFQKVQDAVNNNAQALSKLASELSNTFGAISASIGDIIQRLDVLEQSGGRGG,0
PEYSIINFRDMKMIVQTAKNLTNCCALHCIVERNFSDHSMH,ITQQVLSENQKLIANKFNQALGAMQTGFTTTNEAFQKVQDAVNNNAQALSKLASELSNTFGAISASIGDIIQRLDVLEQSGGRGG,0
SLISDQINVTFLDLEYEMKKLEEAIKLEESYTDHKWEL,ITQQVLSENQKLIANKFNQALGAMQTGFTTTNEAFQKVQDAVNNNAQALSKLASELSNTFGAISASIGDIIQRLDVLEQSGGRGG,0
DSLIDQFNSTFLDLEYEMKKLEEAIKKLEESLIDIKEL,ITQQVLSENQKLIANKFNQALGAMQTGFTTTNEAFQKVQDAVNNNAQALSKLASELSNTFGAISASIGDIIQRLDVLEQSGGRGG,1
ISGINASYVNIQKEIDRLNEVAKNLNESLIDLQEL,ENQKLIANQFNSAIGKIQDSLSSTASALGKLQNVVNQNAQALNTLVKQLSSNFGAISSVLNDILSR,0
DSLIDQINSTFLDLEYEMKKLEEAIKKLEESYIDIKEL,ENQKLIANQFNSAIGKIQDSLSSTASALGKLQNVVNQNAQALNTLVKQLSSNFGAISSVLNDILSR,0
PEYSIINFRDMKMIVQTAKNLTNCCALHCIVERNFSDHSMH,ENQKLIANQFNSAIGKIQDSLSSTASALGKLQNVVNQNAQALNTLVKQLSSNFGAISSVLNDILSR,0
DSLIDQINSTFLDLEYEMKKLEEAIKKLEESYIDIKEL,AINNIVASFSSVNDAITQTAEAIHTVTIALNKIQDVVNQQGSALNHLTSQ,0
PEYSIINFRDMKMIVQTAKNLTNCCALHCIVERNFSDHSMH,AINNIVASFSSVNDAITQTAEAIHTVTIALNKIQDVVNQQGSALNHLTSQ,0
ISGINASYVNIQKEIDRLNEVAKNLNESLIDLQEL,AINNIVASFSSVNDAITQTAEAIHTVTIALNKIQDVVNQQGSALNHLTSQ,0
SLISDQINVTFLDLEYEMKKLEEAIKLEESYTDHKWEL,ENQKLIANQFNSAIGKIQDSLSSTASALGKLQNVVNQNAQALNTLVKQLSSNFGAISSVLNDILSR,0
DSLIDQFNSTFLDLEYEMKKLEEAIKKLEESLIDIKEL,ENQKLIANQFNSAIGKIQDSLSSTASALGKLQNVVNQNAQALNTLVKQLSSNFGAISSVLNDILSR,0
DSLIDQFNSTFLDLEYEMKKLEEAIKKLEESLIDIKEL,AINNIVASFSSVNDAITQTAEAIHTVTIALNKIQDVVNQQGSALNHLTSQ,0
SLISDQINVTFLDLEYEMKKLEEAIKLEESYTDHKWEL,AINNIVASFSSVNDAITQTAEAIHTVTIALNKIQDVVNQQGSALNHLTSQ,0
PEYSIINFRDMKMIVQTAKNLTNCCALHCIVERNFSDHSMH,AIASGVAVSKVLHLEGEVNKIKSALLSTNKAVVSLSNGVSVLTSKVLDLKNYIDKQLLPIVNKQSCSISNIETVIEFQQK,0
DSLIDQINSTFLDLEYEMKKLEEAIKKLEESYIDIKEL,AIASGVAVSKVLHLEGEVNKIKSALLSTNKAVVSLSNGVSVLTSKVLDLKNYIDKQLLPIVNKQSCSISNIETVIEFQQK,0
ISGINASYVNIQKEIDRLNEVAKNLNESLIDLQEL,AIASGVAVSKVLHLEGEVNKIKSALLSTNKAVVSLSNGVSVLTSKVLDLKNYIDKQLLPIVNKQSCSISNIETVIEFQQK,0
PEYSIINFRDMKMIVQTAKNLTNCCALHCIVERNFSDHSMH,GIGVTQNVLYENQKQIANQFNKAISQIQESLTTTSTALGKLQDVVNQNAQALNTLVKQLSSNFGAISSVLNDILSRLDKVEAEV,0
SLISDQINVTFLDLEYEMKKLEEAIKLEESYTDHKWEL,AIASGVAVSKVLHLEGEVNKIKSALLSTNKAVVSLSNGVSVLTSKVLDLKNYIDKQLLPIVNKQSCSISNIETVIEFQQK,0
DSLIDQFNSTFLDLEYEMKKLEEAIKKLEESLIDIKEL,AIASGVAVSKVLHLEGEVNKIKSALLSTNKAVVSLSNGVSVLTSKVLDLKNYIDKQLLPIVNKQSCSISNIETVIEFQQK,0
ISGINASYVNIQKEIDRLNEVAKNLNESLIDLQEL,GIGVTQNVLYENQKQIANQFNKAISQIQESLTTTSTALGKLQDVVNQNAQALNTLVKQLSSNFGAISSVLNDILSRLDKVEAEV,0
DSLIDQINSTFLDLEYEMKKLEEAIKKLEESYIDIKEL,GIGVTQNVLYENQKQIANQFNKAISQIQESLTTTSTALGKLQDVVNQNAQALNTLVKQLSSNFGAISSVLNDILSRLDKVEAEV,0
DSLIDQFNSTFLDLEYEMKKLEEAIKKLEESLIDIKEL,GIGVTQNVLYENQKQIANQFNKAISQIQESLTTTSTALGKLQDVVNQNAQALNTLVKQLSSNFGAISSVLNDILSRLDKVEAEV,0
SLISDQINVTFLDLEYEMKKLEEAIKLEESYTDHKWEL,GIGVTQNVLYENQKQIANQFNKAISQIQESLTTTSTALGKLQDVVNQNAQALNTLVKQLSSNFGAISSVLNDILSRLDKVEAEV,0
PEYSIINFRDMKMIVQTAKNLTNCCALHCIVERNFSDHSMH,TQNVLYENQKLIANQFNSAIGKIQDSLSSTASALGKLQDVVNQNAQALNTLVKQLSSNFGAISSVLNDILSRLDKV,0
DSLIDQINSTFLDLEYEMKKLEEAIKKLEESYIDIKEL,TQNVLYENQKLIANQFNSAIGKIQDSLSSTASALGKLQDVVNQNAQALNTLVKQLSSNFGAISSVLNDILSRLDKV,0
ISGINASYVNIQKEIDRLNEVAKNLNESLIDLQEL,TQNVLYENQKLIANQFNSAIGKIQDSLSSTASALGKLQDVVNQNAQALNTLVKQLSSNFGAISSVLNDILSRLDKV,1
ISGINASVLNIQKEIDRLNEVAKNLNESLIDLQEL,DIEKLKEAIRDTNKAVQSVQSSIGNLIVAIKSVQDYVNKEIVPSIARLGCEAAGLQLGIALTQHYSELTNIFG,1
SLIDQINVTFLDLEYEMKKLEEAIKKLEESYIDIKNL,DIEKLKEAIRDTNKAVQSVQSSIGNLIVAIKSVQDYVNKEIVPSIARLGCEAAGLQLGIALTQHYSELTNIFG,1
DSLIDQFNSTFLDLEYEMKKLEEAIKKLEESLIDIKEL,TQNVLYENQKLIANQFNSAIGKIQDSLSSTASALGKLQDVVNQNAQALNTLVKQLSSNFGAISSVLNDILSRLDKV,1
SIYWIKEDCQFFVPGPQWRYNHCGYWAFRQQLGHQWVKPIF,DIEKLKEAIRDTNKAVQSVQSSIGNLIVAIKSVQDYVNKEIVPSIARLGCEAAGLQLGIALTQHYSELTNIFG,1
SLISDQINVTFLDLEYEMKKLEEAIKLEESYTDHKWEL,TQNVLYENQKLIANQFNSAIGKIQDSLSSTASALGKLQDVVNQNAQALNTLVKQLSSNFGAISSVLNDILSRLDKV,0
ISGINASVLNIQKEIDRLNEVAKNLNESLIDLQEL,DVLQENQKILAASFNKAMTNIVDAFTGVNDAITQTSQALQTVATALNKIQDVVNQQGNSLNHLTSQLRQNFQAISSSIQAIYDRLDTI,0
SLIDQINVTFLDEYEMKELEEAKKLESYIDIKNL,DIEKLKEAIRDTNKAVQSVQSSIGNLIVAIKSVQDYVNKEIVPSIARLGCEAAGLQLGIALTQHYSELTNIFG,0
SLISDQNVTFLDLEYEMKKLEEAIKLEESYTDKWEL,DIEKLKEAIRDTNKAVQSVQSSIGNLIVAIKSVQDYVNKEIVPSIARLGCEAAGLQLGIALTQHYSELTNIFG,1
SLIDQINVTFLDLEYEMKKLEEAIKKLEESYIDIKNL,DVLQENQKILAASFNKAMTNIVDAFTGVNDAITQTSQALQTVATALNKIQDVVNQQGNSLNHLTSQLRQNFQAISSSIQAIYDRLDTI,0
SIYWIKEDCQFFVPGPQWRYNHCGYWAFRQQLGHQWVKPIF,DVLQENQKILAASFNKAMTNIVDAFTGVNDAITQTSQALQTVATALNKIQDVVNQQGNSLNHLTSQLRQNFQAISSSIQAIYDRLDTI,0
ISGINASVLNIQKEIDRLNEVAKNLNESLIDLQEL,ITQQVLSENQKLIANKFNQALGAMQTGFTTTNEAFQKVQDAVNNNAQALSKLASELSNTFGAISASIGDIIQRLDVLEQSGGRGG,0
SLIDQINVTFLDEYEMKELEEAKKLESYIDIKNL,DVLQENQKILAASFNKAMTNIVDAFTGVNDAITQTSQALQTVATALNKIQDVVNQQGNSLNHLTSQLRQNFQAISSSIQAIYDRLDTI,0
SIYWIKEDCQFFVPGPQWRYNHCGYWAFRQQLGHQWVKPIF,ITQQVLSENQKLIANKFNQALGAMQTGFTTTNEAFQKVQDAVNNNAQALSKLASELSNTFGAISASIGDIIQRLDVLEQSGGRGG,1
SLISDQNVTFLDLEYEMKKLEEAIKLEESYTDKWEL,DVLQENQKILAASFNKAMTNIVDAFTGVNDAITQTSQALQTVATALNKIQDVVNQQGNSLNHLTSQLRQNFQAISSSIQAIYDRLDTI,1
ISGINASVLNIQKEIDRLNEVAKNLNESLIDLQEL,ENQKLIANQFNSAIGKIQDSLSSTASALGKLQNVVNQNAQALNTLVKQLSSNFGAISSVLNDILSR,0
SLIDQINVTFLDLEYEMKKLEEAIKKLEESYIDIKNL,ITQQVLSENQKLIANKFNQALGAMQTGFTTTNEAFQKVQDAVNNNAQALSKLASELSNTFGAISASIGDIIQRLDVLEQSGGRGG,1
SLIDQINVTFLDEYEMKELEEAKKLESYIDIKNL,ITQQVLSENQKLIANKFNQALGAMQTGFTTTNEAFQKVQDAVNNNAQALSKLASELSNTFGAISASIGDIIQRLDVLEQSGGRGG,1
SIYWIKEDCQFFVPGPQWRYNHCGYWAFRQQLGHQWVKPIF,ENQKLIANQFNSAIGKIQDSLSSTASALGKLQNVVNQNAQALNTLVKQLSSNFGAISSVLNDILSR,0
ISGINASVLNIQKEIDRLNEVAKNLNESLIDLQEL,AINNIVASFSSVNDAITQTAEAIHTVTIALNKIQDVVNQQGSALNHLTSQ,0
SLIDQINVTFLDLEYEMKKLEEAIKKLEESYIDIKNL,ENQKLIANQFNSAIGKIQDSLSSTASALGKLQNVVNQNAQALNTLVKQLSSNFGAISSVLNDILSR,0
SLISDQNVTFLDLEYEMKKLEEAIKLEESYTDKWEL,ITQQVLSENQKLIANKFNQALGAMQTGFTTTNEAFQKVQDAVNNNAQALSKLASELSNTFGAISASIGDIIQRLDVLEQSGGRGG,1
SLIDQINVTFLDEYEMKELEEAKKLESYIDIKNL,ENQKLIANQFNSAIGKIQDSLSSTASALGKLQNVVNQNAQALNTLVKQLSSNFGAISSVLNDILSR,0
SIYWIKEDCQFFVPGPQWRYNHCGYWAFRQQLGHQWVKPIF,AINNIVASFSSVNDAITQTAEAIHTVTIALNKIQDVVNQQGSALNHLTSQ,0
SLIDQINVTFLDLEYEMKKLEEAIKKLEESYIDIKNL,AINNIVASFSSVNDAITQTAEAIHTVTIALNKIQDVVNQQGSALNHLTSQ,1
SLISDQNVTFLDLEYEMKKLEEAIKLEESYTDKWEL,ENQKLIANQFNSAIGKIQDSLSSTASALGKLQNVVNQNAQALNTLVKQLSSNFGAISSVLNDILSR,0
SLIDQINVTFLDEYEMKELEEAKKLESYIDIKNL,AINNIVASFSSVNDAITQTAEAIHTVTIALNKIQDVVNQQGSALNHLTSQ,1
ISGINASVLNIQKEIDRLNEVAKNLNESLIDLQEL,AIASGVAVSKVLHLEGEVNKIKSALLSTNKAVVSLSNGVSVLTSKVLDLKNYIDKQLLPIVNKQSCSISNIETVIEFQQK,0
SIYWIKEDCQFFVPGPQWRYNHCGYWAFRQQLGHQWVKPIF,AIASGVAVSKVLHLEGEVNKIKSALLSTNKAVVSLSNGVSVLTSKVLDLKNYIDKQLLPIVNKQSCSISNIETVIEFQQK,1
SLISDQNVTFLDLEYEMKKLEEAIKLEESYTDKWEL,AINNIVASFSSVNDAITQTAEAIHTVTIALNKIQDVVNQQGSALNHLTSQ,0
SLIDQINVTFLDEYEMKELEEAKKLESYIDIKNL,AIASGVAVSKVLHLEGEVNKIKSALLSTNKAVVSLSNGVSVLTSKVLDLKNYIDKQLLPIVNKQSCSISNIETVIEFQQK,0
SLIDQINVTFLDLEYEMKKLEEAIKKLEESYIDIKNL,AIASGVAVSKVLHLEGEVNKIKSALLSTNKAVVSLSNGVSVLTSKVLDLKNYIDKQLLPIVNKQSCSISNIETVIEFQQK,0
ISGINASVLNIQKEIDRLNEVAKNLNESLIDLQEL,GIGVTQNVLYENQKQIANQFNKAISQIQESLTTTSTALGKLQDVVNQNAQALNTLVKQLSSNFGAISSVLNDILSRLDKVEAEV,0
SIYWIKEDCQFFVPGPQWRYNHCGYWAFRQQLGHQWVKPIF,GIGVTQNVLYENQKQIANQFNKAISQIQESLTTTSTALGKLQDVVNQNAQALNTLVKQLSSNFGAISSVLNDILSRLDKVEAEV,1
SLISDQNVTFLDLEYEMKKLEEAIKLEESYTDKWEL,AIASGVAVSKVLHLEGEVNKIKSALLSTNKAVVSLSNGVSVLTSKVLDLKNYIDKQLLPIVNKQSCSISNIETVIEFQQK,0
SLIDQINVTFLDEYEMKELEEAKKLESYIDIKNL,GIGVTQNVLYENQKQIANQFNKAISQIQESLTTTSTALGKLQDVVNQNAQALNTLVKQLSSNFGAISSVLNDILSRLDKVEAEV,0
SLIDQINVTFLDLEYEMKKLEEAIKKLEESYIDIKNL,GIGVTQNVLYENQKQIANQFNKAISQIQESLTTTSTALGKLQDVVNQNAQALNTLVKQLSSNFGAISSVLNDILSRLDKVEAEV,0
ISGINASVLNIQKEIDRLNEVAKNLNESLIDLQEL,TQNVLYENQKLIANQFNSAIGKIQDSLSSTASALGKLQDVVNQNAQALNTLVKQLSSNFGAISSVLNDILSRLDKV,1
SIYWIKEDCQFFVPGPQWRYNHCGYWAFRQQLGHQWVKPIF,TQNVLYENQKLIANQFNSAIGKIQDSLSSTASALGKLQDVVNQNAQALNTLVKQLSSNFGAISSVLNDILSRLDKV,1
SLISDQNVTFLDLEYEMKKLEEAIKLEESYTDKWEL,GIGVTQNVLYENQKQIANQFNKAISQIQESLTTTSTALGKLQDVVNQNAQALNTLVKQLSSNFGAISSVLNDILSRLDKVEAEV,0
SLIDQINVTFLDLEYEMKKLEEAIKKLEESYIDIKNL,TQNVLYENQKLIANQFNSAIGKIQDSLSSTASALGKLQDVVNQNAQALNTLVKQLSSNFGAISSVLNDILSRLDKV,0
SLIDQINVTFLDEYEMKELEEAKKLESYIDIKNL,TQNVLYENQKLIANQFNSAIGKIQDSLSSTASALGKLQDVVNQNAQALNTLVKQLSSNFGAISSVLNDILSRLDKV,0
ISGINASWVEIQKEIDRLNEVAKNLNESLIDLQEL,DIEKLKEAIRDTNKAVQSVQSSIGNLIVAIKSVQDYVNKEIVPSIARLGCEAAGLQLGIALTQHYSELTNIFG,0
QRVGTNSPDCEYFTKGIWYPCYPRQQMYHDLTDGRKDAVDN,DIEKLKEAIRDTNKAVQSVQSSIGNLIVAIKSVQDYVNKEIVPSIARLGCEAAGLQLGIALTQHYSELTNIFG,1
SLISDQNVTFLDLEYEMKKLEEAIKLEESYTDKWEL,TQNVLYENQKLIANQFNSAIGKIQDSLSSTASALGKLQDVVNQNAQALNTLVKQLSSNFGAISSVLNDILSRLDKV,1
SLIDVQINVTFLDEYEMKELEEAIKKLEYIDIKNL,DIEKLKEAIRDTNKAVQSVQSSIGNLIVAIKSVQDYVNKEIVPSIARLGCEAAGLQLGIALTQHYSELTNIFG,1
ISGINASWVEIQKEIDRLNEVAKNLNESLIDLQEL,DVLQENQKILAASFNKAMTNIVDAFTGVNDAITQTSQALQTVATALNKIQDVVNQQGNSLNHLTSQLRQNFQAISSSIQAIYDRLDTI,0
DSLIDQINSTFLDLEYEMKKLEKAIKKLEESYIDIKEL,DIEKLKEAIRDTNKAVQSVQSSIGNLIVAIKSVQDYVNKEIVPSIARLGCEAAGLQLGIALTQHYSELTNIFG,1
RLISDQINVTFLDLEYEMSKLEEAIKLEESYTDKWEL,DIEKLKEAIRDTNKAVQSVQSSIGNLIVAIKSVQDYVNKEIVPSIARLGCEAAGLQLGIALTQHYSELTNIFG,0
QRVGTNSPDCEYFTKGIWYPCYPRQQMYHDLTDGRKDAVDN,DVLQENQKILAASFNKAMTNIVDAFTGVNDAITQTSQALQTVATALNKIQDVVNQQGNSLNHLTSQLRQNFQAISSSIQAIYDRLDTI,0
SLIDVQINVTFLDEYEMKELEEAIKKLEYIDIKNL,DVLQENQKILAASFNKAMTNIVDAFTGVNDAITQTSQALQTVATALNKIQDVVNQQGNSLNHLTSQLRQNFQAISSSIQAIYDRLDTI,0
ISGINASWVEIQKEIDRLNEVAKNLNESLIDLQEL,ITQQVLSENQKLIANKFNQALGAMQTGFTTTNEAFQKVQDAVNNNAQALSKLASELSNTFGAISASIGDIIQRLDVLEQSGGRGG,0
QRVGTNSPDCEYFTKGIWYPCYPRQQMYHDLTDGRKDAVDN,ITQQVLSENQKLIANKFNQALGAMQTGFTTTNEAFQKVQDAVNNNAQALSKLASELSNTFGAISASIGDIIQRLDVLEQSGGRGG,1
DSLIDQINSTFLDLEYEMKKLEKAIKKLEESYIDIKEL,DVLQENQKILAASFNKAMTNIVDAFTGVNDAITQTSQALQTVATALNKIQDVVNQQGNSLNHLTSQLRQNFQAISSSIQAIYDRLDTI,1
RLISDQINVTFLDLEYEMSKLEEAIKLEESYTDKWEL,DVLQENQKILAASFNKAMTNIVDAFTGVNDAITQTSQALQTVATALNKIQDVVNQQGNSLNHLTSQLRQNFQAISSSIQAIYDRLDTI,0
SLIDVQINVTFLDEYEMKELEEAIKKLEYIDIKNL,ITQQVLSENQKLIANKFNQALGAMQTGFTTTNEAFQKVQDAVNNNAQALSKLASELSNTFGAISASIGDIIQRLDVLEQSGGRGG,0
ISGINASWVEIQKEIDRLNEVAKNLNESLIDLQEL,ENQKLIANQFNSAIGKIQDSLSSTASALGKLQNVVNQNAQALNTLVKQLSSNFGAISSVLNDILSR,0
QRVGTNSPDCEYFTKGIWYPCYPRQQMYHDLTDGRKDAVDN,ENQKLIANQFNSAIGKIQDSLSSTASALGKLQNVVNQNAQALNTLVKQLSSNFGAISSVLNDILSR,0
SLIDVQINVTFLDEYEMKELEEAIKKLEYIDIKNL,ENQKLIANQFNSAIGKIQDSLSSTASALGKLQNVVNQNAQALNTLVKQLSSNFGAISSVLNDILSR,0
DSLIDQINSTFLDLEYEMKKLEKAIKKLEESYIDIKEL,ITQQVLSENQKLIANKFNQALGAMQTGFTTTNEAFQKVQDAVNNNAQALSKLASELSNTFGAISASIGDIIQRLDVLEQSGGRGG,1
RLISDQINVTFLDLEYEMSKLEEAIKLEESYTDKWEL,ITQQVLSENQKLIANKFNQALGAMQTGFTTTNEAFQKVQDAVNNNAQALSKLASELSNTFGAISASIGDIIQRLDVLEQSGGRGG,1
ISGINASWVEIQKEIDRLNEVAKNLNESLIDLQEL,AINNIVASFSSVNDAITQTAEAIHTVTIALNKIQDVVNQQGSALNHLTSQ,0
QRVGTNSPDCEYFTKGIWYPCYPRQQMYHDLTDGRKDAVDN,AINNIVASFSSVNDAITQTAEAIHTVTIALNKIQDVVNQQGSALNHLTSQ,0
DSLIDQINSTFLDLEYEMKKLEKAIKKLEESYIDIKEL,ENQKLIANQFNSAIGKIQDSLSSTASALGKLQNVVNQNAQALNTLVKQLSSNFGAISSVLNDILSR,0
RLISDQINVTFLDLEYEMSKLEEAIKLEESYTDKWEL,ENQKLIANQFNSAIGKIQDSLSSTASALGKLQNVVNQNAQALNTLVKQLSSNFGAISSVLNDILSR,0
SLIDVQINVTFLDEYEMKELEEAIKKLEYIDIKNL,AINNIVASFSSVNDAITQTAEAIHTVTIALNKIQDVVNQQGSALNHLTSQ,0
ISGINASWVEIQKEIDRLNEVAKNLNESLIDLQEL,AIASGVAVSKVLHLEGEVNKIKSALLSTNKAVVSLSNGVSVLTSKVLDLKNYIDKQLLPIVNKQSCSISNIETVIEFQQK,0
QRVGTNSPDCEYFTKGIWYPCYPRQQMYHDLTDGRKDAVDN,AIASGVAVSKVLHLEGEVNKIKSALLSTNKAVVSLSNGVSVLTSKVLDLKNYIDKQLLPIVNKQSCSISNIETVIEFQQK,0
RLISDQINVTFLDLEYEMSKLEEAIKLEESYTDKWEL,AINNIVASFSSVNDAITQTAEAIHTVTIALNKIQDVVNQQGSALNHLTSQ,0
DSLIDQINSTFLDLEYEMKKLEKAIKKLEESYIDIKEL,AINNIVASFSSVNDAITQTAEAIHTVTIALNKIQDVVNQQGSALNHLTSQ,0
SLIDVQINVTFLDEYEMKELEEAIKKLEYIDIKNL,AIASGVAVSKVLHLEGEVNKIKSALLSTNKAVVSLSNGVSVLTSKVLDLKNYIDKQLLPIVNKQSCSISNIETVIEFQQK,1
ISGINASWVEIQKEIDRLNEVAKNLNESLIDLQEL,GIGVTQNVLYENQKQIANQFNKAISQIQESLTTTSTALGKLQDVVNQNAQALNTLVKQLSSNFGAISSVLNDILSRLDKVEAEV,0
QRVGTNSPDCEYFTKGIWYPCYPRQQMYHDLTDGRKDAVDN,GIGVTQNVLYENQKQIANQFNKAISQIQESLTTTSTALGKLQDVVNQNAQALNTLVKQLSSNFGAISSVLNDILSRLDKVEAEV,0
RLISDQINVTFLDLEYEMSKLEEAIKLEESYTDKWEL,AIASGVAVSKVLHLEGEVNKIKSALLSTNKAVVSLSNGVSVLTSKVLDLKNYIDKQLLPIVNKQSCSISNIETVIEFQQK,0
DSLIDQINSTFLDLEYEMKKLEKAIKKLEESYIDIKEL,AIASGVAVSKVLHLEGEVNKIKSALLSTNKAVVSLSNGVSVLTSKVLDLKNYIDKQLLPIVNKQSCSISNIETVIEFQQK,0
ISGINASWVEIQKEIDRLNEVAKNLNESLIDLQEL,TQNVLYENQKLIANQFNSAIGKIQDSLSSTASALGKLQDVVNQNAQALNTLVKQLSSNFGAISSVLNDILSRLDKV,1
SLIDVQINVTFLDEYEMKELEEAIKKLEYIDIKNL,GIGVTQNVLYENQKQIANQFNKAISQIQESLTTTSTALGKLQDVVNQNAQALNTLVKQLSSNFGAISSVLNDILSRLDKVEAEV,0
QRVGTNSPDCEYFTKGIWYPCYPRQQMYHDLTDGRKDAVDN,TQNVLYENQKLIANQFNSAIGKIQDSLSSTASALGKLQDVVNQNAQALNTLVKQLSSNFGAISSVLNDILSRLDKV,1
RLISDQINVTFLDLEYEMSKLEEAIKLEESYTDKWEL,GIGVTQNVLYENQKQIANQFNKAISQIQESLTTTSTALGKLQDVVNQNAQALNTLVKQLSSNFGAISSVLNDILSRLDKVEAEV,0
DSLIDQINSTFLDLEYEMKKLEKAIKKLEESYIDIKEL,GIGVTQNVLYENQKQIANQFNKAISQIQESLTTTSTALGKLQDVVNQNAQALNTLVKQLSSNFGAISSVLNDILSRLDKVEAEV,0
ISGINASVVNIKKEIDRLNEVAKNLNESLIDLQEL,DIEKLKEAIRDTNKAVQSVQSSIGNLIVAIKSVQDYVNKEIVPSIARLGCEAAGLQLGIALTQHYSELTNIFG,0
SLIDVQINVTFLDEYEMKELEEAIKKLEYIDIKNL,TQNVLYENQKLIANQFNSAIGKIQDSLSSTASALGKLQDVVNQNAQALNTLVKQLSSNFGAISSVLNDILSRLDKV,1
QRMPNLSYMHKWRHHSSAPVWRMNPFNSPHSFDIDVTMPFG,DIEKLKEAIRDTNKAVQSVQSSIGNLIVAIKSVQDYVNKEIVPSIARLGCEAAGLQLGIALTQHYSELTNIFG,0
RLISDQINVTFLDLEYEMSKLEEAIKLEESYTDKWEL,TQNVLYENQKLIANQFNSAIGKIQDSLSSTASALGKLQDVVNQNAQALNTLVKQLSSNFGAISSVLNDILSRLDKV,1
DSLIDQINSTFLDLEYEMKKLEKAIKKLEESYIDIKEL,TQNVLYENQKLIANQFNSAIGKIQDSLSSTASALGKLQDVVNQNAQALNTLVKQLSSNFGAISSVLNDILSRLDKV,0
ISGINASVVNIKKEIDRLNEVAKNLNESLIDLQEL,DVLQENQKILAASFNKAMTNIVDAFTGVNDAITQTSQALQTVATALNKIQDVVNQQGNSLNHLTSQLRQNFQAISSSIQAIYDRLDTI,0
DSDLIDQFNSTFLDLEYEMKKLEEAIKKLEESYIDIKEL,DIEKLKEAIRDTNKAVQSVQSSIGNLIVAIKSVQDYVNKEIVPSIARLGCEAAGLQLGIALTQHYSELTNIFG,1
SLISDQINDTFLDLEYEMKKLEEAIKLQESYTDKWEL,DIEKLKEAIRDTNKAVQSVQSSIGNLIVAIKSVQDYVNKEIVPSIARLGCEAAGLQLGIALTQHYSELTNIFG,0
QRMPNLSYMHKWRHHSSAPVWRMNPFNSPHSFDIDVTMPFG,DVLQENQKILAASFNKAMTNIVDAFTGVNDAITQTSQALQTVATALNKIQDVVNQQGNSLNHLTSQLRQNFQAISSSIQAIYDRLDTI,1
ISGINASVVNIKKEIDRLNEVAKNLNESLIDLQEL,ITQQVLSENQKLIANKFNQALGAMQTGFTTTNEAFQKVQDAVNNNAQALSKLASELSNTFGAISASIGDIIQRLDVLEQSGGRGG,0
DSLIDQFNSTFLDLEYEMKKLEEAIKKLEESYIDIKEL,DIEKLKEAIRDTNKAVQSVQSSIGNLIVAIKSVQDYVNKEIVPSIARLGCEAAGLQLGIALTQHYSELTNIFG,0
DSDLIDQFNSTFLDLEYEMKKLEEAIKKLEESYIDIKEL,DVLQENQKILAASFNKAMTNIVDAFTGVNDAITQTSQALQTVATALNKIQDVVNQQGNSLNHLTSQLRQNFQAISSSIQAIYDRLDTI,0
QRMPNLSYMHKWRHHSSAPVWRMNPFNSPHSFDIDVTMPFG,ITQQVLSENQKLIANKFNQALGAMQTGFTTTNEAFQKVQDAVNNNAQALSKLASELSNTFGAISASIGDIIQRLDVLEQSGGRGG,1
SLISDQINDTFLDLEYEMKKLEEAIKLQESYTDKWEL,DVLQENQKILAASFNKAMTNIVDAFTGVNDAITQTSQALQTVATALNKIQDVVNQQGNSLNHLTSQLRQNFQAISSSIQAIYDRLDTI,0
ISGINASVVNIKKEIDRLNEVAKNLNESLIDLQEL,ENQKLIANQFNSAIGKIQDSLSSTASALGKLQNVVNQNAQALNTLVKQLSSNFGAISSVLNDILSR,0
DSLIDQFNSTFLDLEYEMKKLEEAIKKLEESYIDIKEL,DVLQENQKILAASFNKAMTNIVDAFTGVNDAITQTSQALQTVATALNKIQDVVNQQGNSLNHLTSQLRQNFQAISSSIQAIYDRLDTI,0
QRMPNLSYMHKWRHHSSAPVWRMNPFNSPHSFDIDVTMPFG,ENQKLIANQFNSAIGKIQDSLSSTASALGKLQNVVNQNAQALNTLVKQLSSNFGAISSVLNDILSR,0
DSDLIDQFNSTFLDLEYEMKKLEEAIKKLEESYIDIKEL,ITQQVLSENQKLIANKFNQALGAMQTGFTTTNEAFQKVQDAVNNNAQALSKLASELSNTFGAISASIGDIIQRLDVLEQSGGRGG,0
ISGINASVVNIKKEIDRLNEVAKNLNESLIDLQEL,AINNIVASFSSVNDAITQTAEAIHTVTIALNKIQDVVNQQGSALNHLTSQ,0
SLISDQINDTFLDLEYEMKKLEEAIKLQESYTDKWEL,ITQQVLSENQKLIANKFNQALGAMQTGFTTTNEAFQKVQDAVNNNAQALSKLASELSNTFGAISASIGDIIQRLDVLEQSGGRGG,0
DSLIDQFNSTFLDLEYEMKKLEEAIKKLEESYIDIKEL,ITQQVLSENQKLIANKFNQALGAMQTGFTTTNEAFQKVQDAVNNNAQALSKLASELSNTFGAISASIGDIIQRLDVLEQSGGRGG,0
QRMPNLSYMHKWRHHSSAPVWRMNPFNSPHSFDIDVTMPFG,AINNIVASFSSVNDAITQTAEAIHTVTIALNKIQDVVNQQGSALNHLTSQ,1
DSDLIDQFNSTFLDLEYEMKKLEEAIKKLEESYIDIKEL,ENQKLIANQFNSAIGKIQDSLSSTASALGKLQNVVNQNAQALNTLVKQLSSNFGAISSVLNDILSR,0
SLISDQINDTFLDLEYEMKKLEEAIKLQESYTDKWEL,ENQKLIANQFNSAIGKIQDSLSSTASALGKLQNVVNQNAQALNTLVKQLSSNFGAISSVLNDILSR,0
DSLIDQFNSTFLDLEYEMKKLEEAIKKLEESYIDIKEL,ENQKLIANQFNSAIGKIQDSLSSTASALGKLQNVVNQNAQALNTLVKQLSSNFGAISSVLNDILSR,0
ISGINASVVNIKKEIDRLNEVAKNLNESLIDLQEL,AIASGVAVSKVLHLEGEVNKIKSALLSTNKAVVSLSNGVSVLTSKVLDLKNYIDKQLLPIVNKQSCSISNIETVIEFQQK,0
DSDLIDQFNSTFLDLEYEMKKLEEAIKKLEESYIDIKEL,AINNIVASFSSVNDAITQTAEAIHTVTIALNKIQDVVNQQGSALNHLTSQ,0
SLISDQINDTFLDLEYEMKKLEEAIKLQESYTDKWEL,AINNIVASFSSVNDAITQTAEAIHTVTIALNKIQDVVNQQGSALNHLTSQ,0
QRMPNLSYMHKWRHHSSAPVWRMNPFNSPHSFDIDVTMPFG,AIASGVAVSKVLHLEGEVNKIKSALLSTNKAVVSLSNGVSVLTSKVLDLKNYIDKQLLPIVNKQSCSISNIETVIEFQQK,0
DSLIDQFNSTFLDLEYEMKKLEEAIKKLEESYIDIKEL,AINNIVASFSSVNDAITQTAEAIHTVTIALNKIQDVVNQQGSALNHLTSQ,0
ISGINASVVNIKKEIDRLNEVAKNLNESLIDLQEL,GIGVTQNVLYENQKQIANQFNKAISQIQESLTTTSTALGKLQDVVNQNAQALNTLVKQLSSNFGAISSVLNDILSRLDKVEAEV,0
DSDLIDQFNSTFLDLEYEMKKLEEAIKKLEESYIDIKEL,AIASGVAVSKVLHLEGEVNKIKSALLSTNKAVVSLSNGVSVLTSKVLDLKNYIDKQLLPIVNKQSCSISNIETVIEFQQK,0
SLISDQINDTFLDLEYEMKKLEEAIKLQESYTDKWEL,AIASGVAVSKVLHLEGEVNKIKSALLSTNKAVVSLSNGVSVLTSKVLDLKNYIDKQLLPIVNKQSCSISNIETVIEFQQK,0
QRMPNLSYMHKWRHHSSAPVWRMNPFNSPHSFDIDVTMPFG,GIGVTQNVLYENQKQIANQFNKAISQIQESLTTTSTALGKLQDVVNQNAQALNTLVKQLSSNFGAISSVLNDILSRLDKVEAEV,0
DSLIDQFNSTFLDLEYEMKKLEEAIKKLEESYIDIKEL,AIASGVAVSKVLHLEGEVNKIKSALLSTNKAVVSLSNGVSVLTSKVLDLKNYIDKQLLPIVNKQSCSISNIETVIEFQQK,0
ISGINASVVNIKKEIDRLNEVAKNLNESLIDLQEL,TQNVLYENQKLIANQFNSAIGKIQDSLSSTASALGKLQDVVNQNAQALNTLVKQLSSNFGAISSVLNDILSRLDKV,0
DSDLIDQFNSTFLDLEYEMKKLEEAIKKLEESYIDIKEL,GIGVTQNVLYENQKQIANQFNKAISQIQESLTTTSTALGKLQDVVNQNAQALNTLVKQLSSNFGAISSVLNDILSRLDKVEAEV,0
SLISDQINDTFLDLEYEMKKLEEAIKLQESYTDKWEL,GIGVTQNVLYENQKQIANQFNKAISQIQESLTTTSTALGKLQDVVNQNAQALNTLVKQLSSNFGAISSVLNDILSRLDKVEAEV,0
DSLIDQFNSTFLDLEYEMKKLEEAIKKLEESYIDIKEL,GIGVTQNVLYENQKQIANQFNKAISQIQESLTTTSTALGKLQDVVNQNAQALNTLVKQLSSNFGAISSVLNDILSRLDKVEAEV,0
ISGINASVVNIQEEIDRLNEVAKNLNESLIDLQEL,DIEKLKEAIRDTNKAVQSVQSSIGNLIVAIKSVQDYVNKEIVPSIARLGCEAAGLQLGIALTQHYSELTNIFG,1
QRMPNLSYMHKWRHHSSAPVWRMNPFNSPHSFDIDVTMPFG,TQNVLYENQKLIANQFNSAIGKIQDSLSSTASALGKLQDVVNQNAQALNTLVKQLSSNFGAISSVLNDILSRLDKV,1
DSDLIDQFNSTFLDLEYEMKKLEEAIKKLEESYIDIKEL,TQNVLYENQKLIANQFNSAIGKIQDSLSSTASALGKLQDVVNQNAQALNTLVKQLSSNFGAISSVLNDILSRLDKV,0
SLISDQINDTFLDLEYEMKKLEEAIKLQESYTDKWEL,TQNVLYENQKLIANQFNSAIGKIQDSLSSTASALGKLQDVVNQNAQALNTLVKQLSSNFGAISSVLNDILSRLDKV,0
DSLIDQFNSTFLDLEYEMKKLEEAIKKLEESYIDIKEL,TQNVLYENQKLIANQFNSAIGKIQDSLSSTASALGKLQDVVNQNAQALNTLVKQLSSNFGAISSVLNDILSRLDKV,0
SLIDQINVTFLDLEYEMKKLEEAKKLEESYIDIKEL,DIEKLKEAIRDTNKAVQSVQSSIGNLIVAIKSVQDYVNKEIVPSIARLGCEAAGLQLGIALTQHYSELTNIFG,1
WDMRCYHKKHGWSCNQGWALHIYLFTTYEYFNWNFNTQNYK,DIEKLKEAIRDTNKAVQSVQSSIGNLIVAIKSVQDYVNKEIVPSIARLGCEAAGLQLGIALTQHYSELTNIFG,1
ISGINASVVNIQEEIDRLNEVAKNLNESLIDLQEL,DVLQENQKILAASFNKAMTNIVDAFTGVNDAITQTSQALQTVATALNKIQDVVNQQGNSLNHLTSQLRQNFQAISSSIQAIYDRLDTI,0
RLISDQINVTFLDLEYEMKKLEEAIKLAESYTDKWEL,DIEKLKEAIRDTNKAVQSVQSSIGNLIVAIKSVQDYVNKEIVPSIARLGCEAAGLQLGIALTQHYSELTNIFG,1
WDMRCYHKKHGWSCNQGWALHIYLFTTYEYFNWNFNTQNYK,DVLQENQKILAASFNKAMTNIVDAFTGVNDAITQTSQALQTVATALNKIQDVVNQQGNSLNHLTSQLRQNFQAISSSIQAIYDRLDTI,0
ISGINASVVNIQEEIDRLNEVAKNLNESLIDLQEL,ITQQVLSENQKLIANKFNQALGAMQTGFTTTNEAFQKVQDAVNNNAQALSKLASELSNTFGAISASIGDIIQRLDVLEQSGGRGG,0
DSLIDQINSTFLDLEYQMKKLEEAIKKLEESYIDIKEL,DIEKLKEAIRDTNKAVQSVQSSIGNLIVAIKSVQDYVNKEIVPSIARLGCEAAGLQLGIALTQHYSELTNIFG,1
SLIDQINVTFLDLEYEMKKLEEAKKLEESYIDIKEL,DVLQENQKILAASFNKAMTNIVDAFTGVNDAITQTSQALQTVATALNKIQDVVNQQGNSLNHLTSQLRQNFQAISSSIQAIYDRLDTI,0
RLISDQINVTFLDLEYEMKKLEEAIKLAESYTDKWEL,DVLQENQKILAASFNKAMTNIVDAFTGVNDAITQTSQALQTVATALNKIQDVVNQQGNSLNHLTSQLRQNFQAISSSIQAIYDRLDTI,0
ISGINASVVNIQEEIDRLNEVAKNLNESLIDLQEL,ENQKLIANQFNSAIGKIQDSLSSTASALGKLQNVVNQNAQALNTLVKQLSSNFGAISSVLNDILSR,0
WDMRCYHKKHGWSCNQGWALHIYLFTTYEYFNWNFNTQNYK,ITQQVLSENQKLIANKFNQALGAMQTGFTTTNEAFQKVQDAVNNNAQALSKLASELSNTFGAISASIGDIIQRLDVLEQSGGRGG,1
DSLIDQINSTFLDLEYQMKKLEEAIKKLEESYIDIKEL,DVLQENQKILAASFNKAMTNIVDAFTGVNDAITQTSQALQTVATALNKIQDVVNQQGNSLNHLTSQLRQNFQAISSSIQAIYDRLDTI,0
SLIDQINVTFLDLEYEMKKLEEAKKLEESYIDIKEL,ITQQVLSENQKLIANKFNQALGAMQTGFTTTNEAFQKVQDAVNNNAQALSKLASELSNTFGAISASIGDIIQRLDVLEQSGGRGG,1
RLISDQINVTFLDLEYEMKKLEEAIKLAESYTDKWEL,ITQQVLSENQKLIANKFNQALGAMQTGFTTTNEAFQKVQDAVNNNAQALSKLASELSNTFGAISASIGDIIQRLDVLEQSGGRGG,1
ISGINASVVNIQEEIDRLNEVAKNLNESLIDLQEL,AINNIVASFSSVNDAITQTAEAIHTVTIALNKIQDVVNQQGSALNHLTSQ,0
WDMRCYHKKHGWSCNQGWALHIYLFTTYEYFNWNFNTQNYK,ENQKLIANQFNSAIGKIQDSLSSTASALGKLQNVVNQNAQALNTLVKQLSSNFGAISSVLNDILSR,1
SLIDQINVTFLDLEYEMKKLEEAKKLEESYIDIKEL,ENQKLIANQFNSAIGKIQDSLSSTASALGKLQNVVNQNAQALNTLVKQLSSNFGAISSVLNDILSR,0
RLISDQINVTFLDLEYEMKKLEEAIKLAESYTDKWEL,ENQKLIANQFNSAIGKIQDSLSSTASALGKLQNVVNQNAQALNTLVKQLSSNFGAISSVLNDILSR,0
DSLIDQINSTFLDLEYQMKKLEEAIKKLEESYIDIKEL,ITQQVLSENQKLIANKFNQALGAMQTGFTTTNEAFQKVQDAVNNNAQALSKLASELSNTFGAISASIGDIIQRLDVLEQSGGRGG,0
WDMRCYHKKHGWSCNQGWALHIYLFTTYEYFNWNFNTQNYK,AINNIVASFSSVNDAITQTAEAIHTVTIALNKIQDVVNQQGSALNHLTSQ,0
ISGINASVVNIQEEIDRLNEVAKNLNESLIDLQEL,AIASGVAVSKVLHLEGEVNKIKSALLSTNKAVVSLSNGVSVLTSKVLDLKNYIDKQLLPIVNKQSCSISNIETVIEFQQK,0
SLIDQINVTFLDLEYEMKKLEEAKKLEESYIDIKEL,AINNIVASFSSVNDAITQTAEAIHTVTIALNKIQDVVNQQGSALNHLTSQ,0
RLISDQINVTFLDLEYEMKKLEEAIKLAESYTDKWEL,AINNIVASFSSVNDAITQTAEAIHTVTIALNKIQDVVNQQGSALNHLTSQ,0
DSLIDQINSTFLDLEYQMKKLEEAIKKLEESYIDIKEL,ENQKLIANQFNSAIGKIQDSLSSTASALGKLQNVVNQNAQALNTLVKQLSSNFGAISSVLNDILSR,0
WDMRCYHKKHGWSCNQGWALHIYLFTTYEYFNWNFNTQNYK,AIASGVAVSKVLHLEGEVNKIKSALLSTNKAVVSLSNGVSVLTSKVLDLKNYIDKQLLPIVNKQSCSISNIETVIEFQQK,1
DSLIDQINSTFLDLEYQMKKLEEAIKKLEESYIDIKEL,AINNIVASFSSVNDAITQTAEAIHTVTIALNKIQDVVNQQGSALNHLTSQ,0
ISGINASVVNIQEEIDRLNEVAKNLNESLIDLQEL,GIGVTQNVLYENQKQIANQFNKAISQIQESLTTTSTALGKLQDVVNQNAQALNTLVKQLSSNFGAISSVLNDILSRLDKVEAEV,0
RLISDQINVTFLDLEYEMKKLEEAIKLAESYTDKWEL,AIASGVAVSKVLHLEGEVNKIKSALLSTNKAVVSLSNGVSVLTSKVLDLKNYIDKQLLPIVNKQSCSISNIETVIEFQQK,0
SLIDQINVTFLDLEYEMKKLEEAKKLEESYIDIKEL,AIASGVAVSKVLHLEGEVNKIKSALLSTNKAVVSLSNGVSVLTSKVLDLKNYIDKQLLPIVNKQSCSISNIETVIEFQQK,0
WDMRCYHKKHGWSCNQGWALHIYLFTTYEYFNWNFNTQNYK,GIGVTQNVLYENQKQIANQFNKAISQIQESLTTTSTALGKLQDVVNQNAQALNTLVKQLSSNFGAISSVLNDILSRLDKVEAEV,1
DSLIDQINSTFLDLEYQMKKLEEAIKKLEESYIDIKEL,AIASGVAVSKVLHLEGEVNKIKSALLSTNKAVVSLSNGVSVLTSKVLDLKNYIDKQLLPIVNKQSCSISNIETVIEFQQK,0
ISGINASVVNIQEEIDRLNEVAKNLNESLIDLQEL,TQNVLYENQKLIANQFNSAIGKIQDSLSSTASALGKLQDVVNQNAQALNTLVKQLSSNFGAISSVLNDILSRLDKV,1
RLISDQINVTFLDLEYEMKKLEEAIKLAESYTDKWEL,GIGVTQNVLYENQKQIANQFNKAISQIQESLTTTSTALGKLQDVVNQNAQALNTLVKQLSSNFGAISSVLNDILSRLDKVEAEV,0
SLIDQINVTFLDLEYEMKKLEEAKKLEESYIDIKEL,GIGVTQNVLYENQKQIANQFNKAISQIQESLTTTSTALGKLQDVVNQNAQALNTLVKQLSSNFGAISSVLNDILSRLDKVEAEV,0
WDMRCYHKKHGWSCNQGWALHIYLFTTYEYFNWNFNTQNYK,TQNVLYENQKLIANQFNSAIGKIQDSLSSTASALGKLQDVVNQNAQALNTLVKQLSSNFGAISSVLNDILSRLDKV,1
ISGINASWVNIQKEIDRFNEVAKNLNESLIDLQEL,DIEKLKEAIRDTNKAVQSVQSSIGNLIVAIKSVQDYVNKEIVPSIARLGCEAAGLQLGIALTQHYSELTNIFG,0
DSLIDQINSTFLDLEYQMKKLEEAIKKLEESYIDIKEL,GIGVTQNVLYENQKQIANQFNKAISQIQESLTTTSTALGKLQDVVNQNAQALNTLVKQLSSNFGAISSVLNDILSRLDKVEAEV,0
SLIDQINVTFLDLEYEMKKLEEAKKLEESYIDIKEL,TQNVLYENQKLIANQFNSAIGKIQDSLSSTASALGKLQDVVNQNAQALNTLVKQLSSNFGAISSVLNDILSRLDKV,0
RLISDQINVTFLDLEYEMKKLEEAIKLAESYTDKWEL,TQNVLYENQKLIANQFNSAIGKIQDSLSSTASALGKLQDVVNQNAQALNTLVKQLSSNFGAISSVLNDILSRLDKV,1
GWNFQNWRQMQIMYDWKPARDIYCIMETVASTTIAPAMVFNN,DIEKLKEAIRDTNKAVQSVQSSIGNLIVAIKSVQDYVNKEIVPSIARLGCEAAGLQLGIALTQHYSELTNIFG,1
ISGINASWVNIQKEIDRFNEVAKNLNESLIDLQEL,DVLQENQKILAASFNKAMTNIVDAFTGVNDAITQTSQALQTVATALNKIQDVVNQQGNSLNHLTSQLRQNFQAISSSIQAIYDRLDTI,0
SLIDQINVTLDLEYEMKKLEEAIKKLEESYIDIKEL,DIEKLKEAIRDTNKAVQSVQSSIGNLIVAIKSVQDYVNKEIVPSIARLGCEAAGLQLGIALTQHYSELTNIFG,1
YLIDQINVTFLDLEYEMKKLEEAKKLEESYIDIKWEL,DIEKLKEAIRDTNKAVQSVQSSIGNLIVAIKSVQDYVNKEIVPSIARLGCEAAGLQLGIALTQHYSELTNIFG,0
DSLIDQINSTFLDLEYQMKKLEEAIKKLEESYIDIKEL,TQNVLYENQKLIANQFNSAIGKIQDSLSSTASALGKLQDVVNQNAQALNTLVKQLSSNFGAISSVLNDILSRLDKV,0
GWNFQNWRQMQIMYDWKPARDIYCIMETVASTTIAPAMVFNN,DVLQENQKILAASFNKAMTNIVDAFTGVNDAITQTSQALQTVATALNKIQDVVNQQGNSLNHLTSQLRQNFQAISSSIQAIYDRLDTI,0
ISGINASWVNIQKEIDRFNEVAKNLNESLIDLQEL,ITQQVLSENQKLIANKFNQALGAMQTGFTTTNEAFQKVQDAVNNNAQALSKLASELSNTFGAISASIGDIIQRLDVLEQSGGRGG,0
SLIDQINVTFLDLEYEMKKLEEAIKKLEESYIIKNL,DIEKLKEAIRDTNKAVQSVQSSIGNLIVAIKSVQDYVNKEIVPSIARLGCEAAGLQLGIALTQHYSELTNIFG,1
SLIDQINVTLDLEYEMKKLEEAIKKLEESYIDIKEL,DVLQENQKILAASFNKAMTNIVDAFTGVNDAITQTSQALQTVATALNKIQDVVNQQGNSLNHLTSQLRQNFQAISSSIQAIYDRLDTI,0
YLIDQINVTFLDLEYEMKKLEEAKKLEESYIDIKWEL,DVLQENQKILAASFNKAMTNIVDAFTGVNDAITQTSQALQTVATALNKIQDVVNQQGNSLNHLTSQLRQNFQAISSSIQAIYDRLDTI,0
GWNFQNWRQMQIMYDWKPARDIYCIMETVASTTIAPAMVFNN,ITQQVLSENQKLIANKFNQALGAMQTGFTTTNEAFQKVQDAVNNNAQALSKLASELSNTFGAISASIGDIIQRLDVLEQSGGRGG,0
ISGINASWVNIQKEIDRFNEVAKNLNESLIDLQEL,ENQKLIANQFNSAIGKIQDSLSSTASALGKLQNVVNQNAQALNTLVKQLSSNFGAISSVLNDILSR,0
SLIDQINVTFLDLEYEMKKLEEAIKKLEESYIIKNL,DVLQENQKILAASFNKAMTNIVDAFTGVNDAITQTSQALQTVATALNKIQDVVNQQGNSLNHLTSQLRQNFQAISSSIQAIYDRLDTI,0
GWNFQNWRQMQIMYDWKPARDIYCIMETVASTTIAPAMVFNN,ENQKLIANQFNSAIGKIQDSLSSTASALGKLQNVVNQNAQALNTLVKQLSSNFGAISSVLNDILSR,0
ISGINASWVNIQKEIDRFNEVAKNLNESLIDLQEL,AINNIVASFSSVNDAITQTAEAIHTVTIALNKIQDVVNQQGSALNHLTSQ,0
SLIDQINVTLDLEYEMKKLEEAIKKLEESYIDIKEL,ITQQVLSENQKLIANKFNQALGAMQTGFTTTNEAFQKVQDAVNNNAQALSKLASELSNTFGAISASIGDIIQRLDVLEQSGGRGG,1
YLIDQINVTFLDLEYEMKKLEEAKKLEESYIDIKWEL,ITQQVLSENQKLIANKFNQALGAMQTGFTTTNEAFQKVQDAVNNNAQALSKLASELSNTFGAISASIGDIIQRLDVLEQSGGRGG,0
SLIDQINVTFLDLEYEMKKLEEAIKKLEESYIIKNL,ITQQVLSENQKLIANKFNQALGAMQTGFTTTNEAFQKVQDAVNNNAQALSKLASELSNTFGAISASIGDIIQRLDVLEQSGGRGG,1
SLIDQINVTLDLEYEMKKLEEAIKKLEESYIDIKEL,ENQKLIANQFNSAIGKIQDSLSSTASALGKLQNVVNQNAQALNTLVKQLSSNFGAISSVLNDILSR,0
GWNFQNWRQMQIMYDWKPARDIYCIMETVASTTIAPAMVFNN,AINNIVASFSSVNDAITQTAEAIHTVTIALNKIQDVVNQQGSALNHLTSQ,1
YLIDQINVTFLDLEYEMKKLEEAKKLEESYIDIKWEL,ENQKLIANQFNSAIGKIQDSLSSTASALGKLQNVVNQNAQALNTLVKQLSSNFGAISSVLNDILSR,1
SLIDQINVTFLDLEYEMKKLEEAIKKLEESYIIKNL,ENQKLIANQFNSAIGKIQDSLSSTASALGKLQNVVNQNAQALNTLVKQLSSNFGAISSVLNDILSR,0
ISGINASWVNIQKEIDRFNEVAKNLNESLIDLQEL,AIASGVAVSKVLHLEGEVNKIKSALLSTNKAVVSLSNGVSVLTSKVLDLKNYIDKQLLPIVNKQSCSISNIETVIEFQQK,0
SLIDQINVTLDLEYEMKKLEEAIKKLEESYIDIKEL,AINNIVASFSSVNDAITQTAEAIHTVTIALNKIQDVVNQQGSALNHLTSQ,0
YLIDQINVTFLDLEYEMKKLEEAKKLEESYIDIKWEL,AINNIVASFSSVNDAITQTAEAIHTVTIALNKIQDVVNQQGSALNHLTSQ,1
SLIDQINVTFLDLEYEMKKLEEAIKKLEESYIIKNL,AINNIVASFSSVNDAITQTAEAIHTVTIALNKIQDVVNQQGSALNHLTSQ,0
GWNFQNWRQMQIMYDWKPARDIYCIMETVASTTIAPAMVFNN,AIASGVAVSKVLHLEGEVNKIKSALLSTNKAVVSLSNGVSVLTSKVLDLKNYIDKQLLPIVNKQSCSISNIETVIEFQQK,0
ISGINASWVNIQKEIDRFNEVAKNLNESLIDLQEL,GIGVTQNVLYENQKQIANQFNKAISQIQESLTTTSTALGKLQDVVNQNAQALNTLVKQLSSNFGAISSVLNDILSRLDKVEAEV,0
SLIDQINVTLDLEYEMKKLEEAIKKLEESYIDIKEL,AIASGVAVSKVLHLEGEVNKIKSALLSTNKAVVSLSNGVSVLTSKVLDLKNYIDKQLLPIVNKQSCSISNIETVIEFQQK,0
YLIDQINVTFLDLEYEMKKLEEAKKLEESYIDIKWEL,AIASGVAVSKVLHLEGEVNKIKSALLSTNKAVVSLSNGVSVLTSKVLDLKNYIDKQLLPIVNKQSCSISNIETVIEFQQK,1
SLIDQINVTFLDLEYEMKKLEEAIKKLEESYIIKNL,AIASGVAVSKVLHLEGEVNKIKSALLSTNKAVVSLSNGVSVLTSKVLDLKNYIDKQLLPIVNKQSCSISNIETVIEFQQK,0
GWNFQNWRQMQIMYDWKPARDIYCIMETVASTTIAPAMVFNN,GIGVTQNVLYENQKQIANQFNKAISQIQESLTTTSTALGKLQDVVNQNAQALNTLVKQLSSNFGAISSVLNDILSRLDKVEAEV,0
ISGINASWVNIQKEIDRFNEVAKNLNESLIDLQEL,TQNVLYENQKLIANQFNSAIGKIQDSLSSTASALGKLQDVVNQNAQALNTLVKQLSSNFGAISSVLNDILSRLDKV,1
SLIDQINVTLDLEYEMKKLEEAIKKLEESYIDIKEL,GIGVTQNVLYENQKQIANQFNKAISQIQESLTTTSTALGKLQDVVNQNAQALNTLVKQLSSNFGAISSVLNDILSRLDKVEAEV,0
YLIDQINVTFLDLEYEMKKLEEAKKLEESYIDIKWEL,GIGVTQNVLYENQKQIANQFNKAISQIQESLTTTSTALGKLQDVVNQNAQALNTLVKQLSSNFGAISSVLNDILSRLDKVEAEV,0
ISGINASVVNIQKEIDRLYEVAKNLNESLIDLQEL,DIEKLKEAIRDTNKAVQSVQSSIGNLIVAIKSVQDYVNKEIVPSIARLGCEAAGLQLGIALTQHYSELTNIFG,1
SLIDQINVTFLDLEYEMKKLEEAIKKLEESYIIKNL,GIGVTQNVLYENQKQIANQFNKAISQIQESLTTTSTALGKLQDVVNQNAQALNTLVKQLSSNFGAISSVLNDILSRLDKVEAEV,0
GWNFQNWRQMQIMYDWKPARDIYCIMETVASTTIAPAMVFNN,TQNVLYENQKLIANQFNSAIGKIQDSLSSTASALGKLQDVVNQNAQALNTLVKQLSSNFGAISSVLNDILSRLDKV,1
SLIDQINVTLDLEYEMKKLEEAIKKLEESYIDIKEL,TQNVLYENQKLIANQFNSAIGKIQDSLSSTASALGKLQDVVNQNAQALNTLVKQLSSNFGAISSVLNDILSRLDKV,0
YLIDQINVTFLDLEYEMKKLEEAKKLEESYIDIKWEL,TQNVLYENQKLIANQFNSAIGKIQDSLSSTASALGKLQDVVNQNAQALNTLVKQLSSNFGAISSVLNDILSRLDKV,0
ALIDQINVTFLDLEYEMKKLEEAIKKLEESYIDIKEL,DIEKLKEAIRDTNKAVQSVQSSIGNLIVAIKSVQDYVNKEIVPSIARLGCEAAGLQLGIALTQHYSELTNIFG,1
SLIDQINVTFLDLEYEMKKLEEAIKKLEESYIIKNL,TQNVLYENQKLIANQFNSAIGKIQDSLSSTASALGKLQDVVNQNAQALNTLVKQLSSNFGAISSVLNDILSRLDKV,1
ISGINASVVNIQKEIDRLYEVAKNLNESLIDLQEL,DVLQENQKILAASFNKAMTNIVDAFTGVNDAITQTSQALQTVATALNKIQDVVNQQGNSLNHLTSQLRQNFQAISSSIQAIYDRLDTI,0
ESEMGGVMCPCRSHLCGYATSIQRWIYAVGSAQNMWTECSWL,DIEKLKEAIRDTNKAVQSVQSSIGNLIVAIKSVQDYVNKEIVPSIARLGCEAAGLQLGIALTQHYSELTNIFG,1
YLIDQINVRFLDLEYEMKKLEEAIKKLEESYIDIKWEL,DIEKLKEAIRDTNKAVQSVQSSIGNLIVAIKSVQDYVNKEIVPSIARLGCEAAGLQLGIALTQHYSELTNIFG,1
SLIDQINVTFLDEYEMKELEEAIKKLESYIDIKNL,DIEKLKEAIRDTNKAVQSVQSSIGNLIVAIKSVQDYVNKEIVPSIARLGCEAAGLQLGIALTQHYSELTNIFG,1
ALIDQINVTFLDLEYEMKKLEEAIKKLEESYIDIKEL,DVLQENQKILAASFNKAMTNIVDAFTGVNDAITQTSQALQTVATALNKIQDVVNQQGNSLNHLTSQLRQNFQAISSSIQAIYDRLDTI,0
ISGINASVVNIQKEIDRLYEVAKNLNESLIDLQEL,ITQQVLSENQKLIANKFNQALGAMQTGFTTTNEAFQKVQDAVNNNAQALSKLASELSNTFGAISASIGDIIQRLDVLEQSGGRGG,0
ESEMGGVMCPCRSHLCGYATSIQRWIYAVGSAQNMWTECSWL,DVLQENQKILAASFNKAMTNIVDAFTGVNDAITQTSQALQTVATALNKIQDVVNQQGNSLNHLTSQLRQNFQAISSSIQAIYDRLDTI,0
YLIDQINVRFLDLEYEMKKLEEAIKKLEESYIDIKWEL,DVLQENQKILAASFNKAMTNIVDAFTGVNDAITQTSQALQTVATALNKIQDVVNQQGNSLNHLTSQLRQNFQAISSSIQAIYDRLDTI,0
SLIDQINVTFLDEYEMKELEEAIKKLESYIDIKNL,DVLQENQKILAASFNKAMTNIVDAFTGVNDAITQTSQALQTVATALNKIQDVVNQQGNSLNHLTSQLRQNFQAISSSIQAIYDRLDTI,0
ALIDQINVTFLDLEYEMKKLEEAIKKLEESYIDIKEL,ITQQVLSENQKLIANKFNQALGAMQTGFTTTNEAFQKVQDAVNNNAQALSKLASELSNTFGAISASIGDIIQRLDVLEQSGGRGG,0
ISGINASVVNIQKEIDRLYEVAKNLNESLIDLQEL,ENQKLIANQFNSAIGKIQDSLSSTASALGKLQNVVNQNAQALNTLVKQLSSNFGAISSVLNDILSR,0
ESEMGGVMCPCRSHLCGYATSIQRWIYAVGSAQNMWTECSWL,ITQQVLSENQKLIANKFNQALGAMQTGFTTTNEAFQKVQDAVNNNAQALSKLASELSNTFGAISASIGDIIQRLDVLEQSGGRGG,1
YLIDQINVRFLDLEYEMKKLEEAIKKLEESYIDIKWEL,ITQQVLSENQKLIANKFNQALGAMQTGFTTTNEAFQKVQDAVNNNAQALSKLASELSNTFGAISASIGDIIQRLDVLEQSGGRGG,0
ISGINASVVNIQKEIDRLYEVAKNLNESLIDLQEL,AINNIVASFSSVNDAITQTAEAIHTVTIALNKIQDVVNQQGSALNHLTSQ,0
ALIDQINVTFLDLEYEMKKLEEAIKKLEESYIDIKEL,ENQKLIANQFNSAIGKIQDSLSSTASALGKLQNVVNQNAQALNTLVKQLSSNFGAISSVLNDILSR,0
SLIDQINVTFLDEYEMKELEEAIKKLESYIDIKNL,ITQQVLSENQKLIANKFNQALGAMQTGFTTTNEAFQKVQDAVNNNAQALSKLASELSNTFGAISASIGDIIQRLDVLEQSGGRGG,1
ESEMGGVMCPCRSHLCGYATSIQRWIYAVGSAQNMWTECSWL,ENQKLIANQFNSAIGKIQDSLSSTASALGKLQNVVNQNAQALNTLVKQLSSNFGAISSVLNDILSR,1
YLIDQINVRFLDLEYEMKKLEEAIKKLEESYIDIKWEL,ENQKLIANQFNSAIGKIQDSLSSTASALGKLQNVVNQNAQALNTLVKQLSSNFGAISSVLNDILSR,0
ALIDQINVTFLDLEYEMKKLEEAIKKLEESYIDIKEL,AINNIVASFSSVNDAITQTAEAIHTVTIALNKIQDVVNQQGSALNHLTSQ,0
SLIDQINVTFLDEYEMKELEEAIKKLESYIDIKNL,ENQKLIANQFNSAIGKIQDSLSSTASALGKLQNVVNQNAQALNTLVKQLSSNFGAISSVLNDILSR,0
YLIDQINVRFLDLEYEMKKLEEAIKKLEESYIDIKWEL,AINNIVASFSSVNDAITQTAEAIHTVTIALNKIQDVVNQQGSALNHLTSQ,0
ESEMGGVMCPCRSHLCGYATSIQRWIYAVGSAQNMWTECSWL,AINNIVASFSSVNDAITQTAEAIHTVTIALNKIQDVVNQQGSALNHLTSQ,1
ISGINASVVNIQKEIDRLYEVAKNLNESLIDLQEL,AIASGVAVSKVLHLEGEVNKIKSALLSTNKAVVSLSNGVSVLTSKVLDLKNYIDKQLLPIVNKQSCSISNIETVIEFQQK,0
SLIDQINVTFLDEYEMKELEEAIKKLESYIDIKNL,AINNIVASFSSVNDAITQTAEAIHTVTIALNKIQDVVNQQGSALNHLTSQ,0
ALIDQINVTFLDLEYEMKKLEEAIKKLEESYIDIKEL,AIASGVAVSKVLHLEGEVNKIKSALLSTNKAVVSLSNGVSVLTSKVLDLKNYIDKQLLPIVNKQSCSISNIETVIEFQQK,0
ISGINASVVNIQKEIDRLYEVAKNLNESLIDLQEL,GIGVTQNVLYENQKQIANQFNKAISQIQESLTTTSTALGKLQDVVNQNAQALNTLVKQLSSNFGAISSVLNDILSRLDKVEAEV,0
YLIDQINVRFLDLEYEMKKLEEAIKKLEESYIDIKWEL,AIASGVAVSKVLHLEGEVNKIKSALLSTNKAVVSLSNGVSVLTSKVLDLKNYIDKQLLPIVNKQSCSISNIETVIEFQQK,0
ESEMGGVMCPCRSHLCGYATSIQRWIYAVGSAQNMWTECSWL,AIASGVAVSKVLHLEGEVNKIKSALLSTNKAVVSLSNGVSVLTSKVLDLKNYIDKQLLPIVNKQSCSISNIETVIEFQQK,0
ALIDQINVTFLDLEYEMKKLEEAIKKLEESYIDIKEL,GIGVTQNVLYENQKQIANQFNKAISQIQESLTTTSTALGKLQDVVNQNAQALNTLVKQLSSNFGAISSVLNDILSRLDKVEAEV,0
SLIDQINVTFLDEYEMKELEEAIKKLESYIDIKNL,AIASGVAVSKVLHLEGEVNKIKSALLSTNKAVVSLSNGVSVLTSKVLDLKNYIDKQLLPIVNKQSCSISNIETVIEFQQK,0
YLIDQINVRFLDLEYEMKKLEEAIKKLEESYIDIKWEL,GIGVTQNVLYENQKQIANQFNKAISQIQESLTTTSTALGKLQDVVNQNAQALNTLVKQLSSNFGAISSVLNDILSRLDKVEAEV,0
ESEMGGVMCPCRSHLCGYATSIQRWIYAVGSAQNMWTECSWL,GIGVTQNVLYENQKQIANQFNKAISQIQESLTTTSTALGKLQDVVNQNAQALNTLVKQLSSNFGAISSVLNDILSRLDKVEAEV,0
ISGINASVVNIQKEIDRLYEVAKNLNESLIDLQEL,TQNVLYENQKLIANQFNSAIGKIQDSLSSTASALGKLQDVVNQNAQALNTLVKQLSSNFGAISSVLNDILSRLDKV,0
ALIDQINVTFLDLEYEMKKLEEAIKKLEESYIDIKEL,TQNVLYENQKLIANQFNSAIGKIQDSLSSTASALGKLQDVVNQNAQALNTLVKQLSSNFGAISSVLNDILSRLDKV,0
SLIDQINVTFLDEYEMKELEEAIKKLESYIDIKNL,GIGVTQNVLYENQKQIANQFNKAISQIQESLTTTSTALGKLQDVVNQNAQALNTLVKQLSSNFGAISSVLNDILSRLDKVEAEV,0
ISGINASVVNIQKEIDRLNEWVKNLNESLIDLQEL,DIEKLKEAIRDTNKAVQSVQSSIGNLIVAIKSVQDYVNKEIVPSIARLGCEAAGLQLGIALTQHYSELTNIFG,0
SLIDQINVTFLDLEYEKKLEEAIKKLEESHIDIKELS,DIEKLKEAIRDTNKAVQSVQSSIGNLIVAIKSVQDYVNKEIVPSIARLGCEAAGLQLGIALTQHYSELTNIFG,1
ESEMGGVMCPCRSHLCGYATSIQRWIYAVGSAQNMWTECSWL,TQNVLYENQKLIANQFNSAIGKIQDSLSSTASALGKLQDVVNQNAQALNTLVKQLSSNFGAISSVLNDILSRLDKV,1
YLIDQINVRFLDLEYEMKKLEEAIKKLEESYIDIKWEL,TQNVLYENQKLIANQFNSAIGKIQDSLSSTASALGKLQDVVNQNAQALNTLVKQLSSNFGAISSVLNDILSRLDKV,0
SLIDQINVTFLDEYEMKELEEAIKKLESYIDIKNL,TQNVLYENQKLIANQFNSAIGKIQDSLSSTASALGKLQDVVNQNAQALNTLVKQLSSNFGAISSVLNDILSRLDKV,1
ISGINASVVNIQKEIDRLNEWVKNLNESLIDLQEL,DVLQENQKILAASFNKAMTNIVDAFTGVNDAITQTSQALQTVATALNKIQDVVNQQGNSLNHLTSQLRQNFQAISSSIQAIYDRLDTI,0
YLIDQINVTFLDLEYEMKKLEAIKKLEESYIDITWEL,DIEKLKEAIRDTNKAVQSVQSSIGNLIVAIKSVQDYVNKEIVPSIARLGCEAAGLQLGIALTQHYSELTNIFG,1
SLIDQINVTFLDLEYEMKKLEEAIKILEESYIDIKNL,DIEKLKEAIRDTNKAVQSVQSSIGNLIVAIKSVQDYVNKEIVPSIARLGCEAAGLQLGIALTQHYSELTNIFG,1
SLIDQINVTFLDLEYEKKLEEAIKKLEESHIDIKELS,DVLQENQKILAASFNKAMTNIVDAFTGVNDAITQTSQALQTVATALNKIQDVVNQQGNSLNHLTSQLRQNFQAISSSIQAIYDRLDTI,0
LNMSHTEPNIYGTKFLQYLACANWTATYGCPQATYNTHIFQR,DIEKLKEAIRDTNKAVQSVQSSIGNLIVAIKSVQDYVNKEIVPSIARLGCEAAGLQLGIALTQHYSELTNIFG,1
ISGINASVVNIQKEIDRLNEWVKNLNESLIDLQEL,ITQQVLSENQKLIANKFNQALGAMQTGFTTTNEAFQKVQDAVNNNAQALSKLASELSNTFGAISASIGDIIQRLDVLEQSGGRGG,0
YLIDQINVTFLDLEYEMKKLEAIKKLEESYIDITWEL,DVLQENQKILAASFNKAMTNIVDAFTGVNDAITQTSQALQTVATALNKIQDVVNQQGNSLNHLTSQLRQNFQAISSSIQAIYDRLDTI,0
SLIDQINVTFLDLEYEMKKLEEAIKILEESYIDIKNL,DVLQENQKILAASFNKAMTNIVDAFTGVNDAITQTSQALQTVATALNKIQDVVNQQGNSLNHLTSQLRQNFQAISSSIQAIYDRLDTI,0
ISGINASVVNIQKEIDRLNEWVKNLNESLIDLQEL,ENQKLIANQFNSAIGKIQDSLSSTASALGKLQNVVNQNAQALNTLVKQLSSNFGAISSVLNDILSR,0
SLIDQINVTFLDLEYEKKLEEAIKKLEESHIDIKELS,ITQQVLSENQKLIANKFNQALGAMQTGFTTTNEAFQKVQDAVNNNAQALSKLASELSNTFGAISASIGDIIQRLDVLEQSGGRGG,1
LNMSHTEPNIYGTKFLQYLACANWTATYGCPQATYNTHIFQR,DVLQENQKILAASFNKAMTNIVDAFTGVNDAITQTSQALQTVATALNKIQDVVNQQGNSLNHLTSQLRQNFQAISSSIQAIYDRLDTI,1
ISGINASVVNIQKEIDRLNEWVKNLNESLIDLQEL,AINNIVASFSSVNDAITQTAEAIHTVTIALNKIQDVVNQQGSALNHLTSQ,0
YLIDQINVTFLDLEYEMKKLEAIKKLEESYIDITWEL,ITQQVLSENQKLIANKFNQALGAMQTGFTTTNEAFQKVQDAVNNNAQALSKLASELSNTFGAISASIGDIIQRLDVLEQSGGRGG,1
SLIDQINVTFLDLEYEMKKLEEAIKILEESYIDIKNL,ITQQVLSENQKLIANKFNQALGAMQTGFTTTNEAFQKVQDAVNNNAQALSKLASELSNTFGAISASIGDIIQRLDVLEQSGGRGG,1
SLIDQINVTFLDLEYEKKLEEAIKKLEESHIDIKELS,ENQKLIANQFNSAIGKIQDSLSSTASALGKLQNVVNQNAQALNTLVKQLSSNFGAISSVLNDILSR,0
LNMSHTEPNIYGTKFLQYLACANWTATYGCPQATYNTHIFQR,ITQQVLSENQKLIANKFNQALGAMQTGFTTTNEAFQKVQDAVNNNAQALSKLASELSNTFGAISASIGDIIQRLDVLEQSGGRGG,0
YLIDQINVTFLDLEYEMKKLEAIKKLEESYIDITWEL,ENQKLIANQFNSAIGKIQDSLSSTASALGKLQNVVNQNAQALNTLVKQLSSNFGAISSVLNDILSR,1
ISGINASVVNIQKEIDRLNEWVKNLNESLIDLQEL,AIASGVAVSKVLHLEGEVNKIKSALLSTNKAVVSLSNGVSVLTSKVLDLKNYIDKQLLPIVNKQSCSISNIETVIEFQQK,0
SLIDQINVTFLDLEYEMKKLEEAIKILEESYIDIKNL,ENQKLIANQFNSAIGKIQDSLSSTASALGKLQNVVNQNAQALNTLVKQLSSNFGAISSVLNDILSR,0
SLIDQINVTFLDLEYEKKLEEAIKKLEESHIDIKELS,AINNIVASFSSVNDAITQTAEAIHTVTIALNKIQDVVNQQGSALNHLTSQ,0
LNMSHTEPNIYGTKFLQYLACANWTATYGCPQATYNTHIFQR,ENQKLIANQFNSAIGKIQDSLSSTASALGKLQNVVNQNAQALNTLVKQLSSNFGAISSVLNDILSR,1
YLIDQINVTFLDLEYEMKKLEAIKKLEESYIDITWEL,AINNIVASFSSVNDAITQTAEAIHTVTIALNKIQDVVNQQGSALNHLTSQ,0
SLIDQINVTFLDLEYEMKKLEEAIKILEESYIDIKNL,AINNIVASFSSVNDAITQTAEAIHTVTIALNKIQDVVNQQGSALNHLTSQ,1
ISGINASVVNIQKEIDRLNEWVKNLNESLIDLQEL,GIGVTQNVLYENQKQIANQFNKAISQIQESLTTTSTALGKLQDVVNQNAQALNTLVKQLSSNFGAISSVLNDILSRLDKVEAEV,0
LNMSHTEPNIYGTKFLQYLACANWTATYGCPQATYNTHIFQR,AINNIVASFSSVNDAITQTAEAIHTVTIALNKIQDVVNQQGSALNHLTSQ,1
SLIDQINVTFLDLEYEKKLEEAIKKLEESHIDIKELS,AIASGVAVSKVLHLEGEVNKIKSALLSTNKAVVSLSNGVSVLTSKVLDLKNYIDKQLLPIVNKQSCSISNIETVIEFQQK,0
YLIDQINVTFLDLEYEMKKLEAIKKLEESYIDITWEL,AIASGVAVSKVLHLEGEVNKIKSALLSTNKAVVSLSNGVSVLTSKVLDLKNYIDKQLLPIVNKQSCSISNIETVIEFQQK,0
ISGINASVVNIQKEIDRLNEWVKNLNESLIDLQEL,TQNVLYENQKLIANQFNSAIGKIQDSLSSTASALGKLQDVVNQNAQALNTLVKQLSSNFGAISSVLNDILSRLDKV,1
SLIDQINVTFLDLEYEMKKLEEAIKILEESYIDIKNL,AIASGVAVSKVLHLEGEVNKIKSALLSTNKAVVSLSNGVSVLTSKVLDLKNYIDKQLLPIVNKQSCSISNIETVIEFQQK,0
LNMSHTEPNIYGTKFLQYLACANWTATYGCPQATYNTHIFQR,AIASGVAVSKVLHLEGEVNKIKSALLSTNKAVVSLSNGVSVLTSKVLDLKNYIDKQLLPIVNKQSCSISNIETVIEFQQK,0
SLIDQINVTFLDLEYEKKLEEAIKKLEESHIDIKELS,GIGVTQNVLYENQKQIANQFNKAISQIQESLTTTSTALGKLQDVVNQNAQALNTLVKQLSSNFGAISSVLNDILSRLDKVEAEV,0
ISGINASVVNIQKEIDRLNEVAKELNESLIDLQEL,DIEKLKEAIRDTNKAVQSVQSSIGNLIVAIKSVQDYVNKEIVPSIARLGCEAAGLQLGIALTQHYSELTNIFG,1
YLIDQINVTFLDLEYEMKKLEAIKKLEESYIDITWEL,GIGVTQNVLYENQKQIANQFNKAISQIQESLTTTSTALGKLQDVVNQNAQALNTLVKQLSSNFGAISSVLNDILSRLDKVEAEV,0
SLIDQINVTFLDLEYEMKKLEEAIKILEESYIDIKNL,GIGVTQNVLYENQKQIANQFNKAISQIQESLTTTSTALGKLQDVVNQNAQALNTLVKQLSSNFGAISSVLNDILSRLDKVEAEV,0
LNMSHTEPNIYGTKFLQYLACANWTATYGCPQATYNTHIFQR,GIGVTQNVLYENQKQIANQFNKAISQIQESLTTTSTALGKLQDVVNQNAQALNTLVKQLSSNFGAISSVLNDILSRLDKVEAEV,0
SLIDQINVTFLDLEYEKKLEEAIKKLEESHIDIKELS,TQNVLYENQKLIANQFNSAIGKIQDSLSSTASALGKLQDVVNQNAQALNTLVKQLSSNFGAISSVLNDILSRLDKV,0
ISGINASVVNIQKEIDRLNEVAKELNESLIDLQEL,DVLQENQKILAASFNKAMTNIVDAFTGVNDAITQTSQALQTVATALNKIQDVVNQQGNSLNHLTSQLRQNFQAISSSIQAIYDRLDTI,0
YLIDQINVTFLDLEYEMKKLEAIKKLEESYIDITWEL,TQNVLYENQKLIANQFNSAIGKIQDSLSSTASALGKLQDVVNQNAQALNTLVKQLSSNFGAISSVLNDILSRLDKV,0
LNMSHTEPNIYGTKFLQYLACANWTATYGCPQATYNTHIFQR,TQNVLYENQKLIANQFNSAIGKIQDSLSSTASALGKLQDVVNQNAQALNTLVKQLSSNFGAISSVLNDILSRLDKV,1
SLIDQINVTFLDLEYEMKKLEEAIKILEESYIDIKNL,TQNVLYENQKLIANQFNSAIGKIQDSLSSTASALGKLQDVVNQNAQALNTLVKQLSSNFGAISSVLNDILSRLDKV,0
SLIDQINVTFLDLEYEMKKLEEAIKKLEESYIDITPKDL,DIEKLKEAIRDTNKAVQSVQSSIGNLIVAIKSVQDYVNKEIVPSIARLGCEAAGLQLGIALTQHYSELTNIFG,1
ISGINASVVNIQKEIDRLNEVAKELNESLIDLQEL,ITQQVLSENQKLIANKFNQALGAMQTGFTTTNEAFQKVQDAVNNNAQALSKLASELSNTFGAISASIGDIIQRLDVLEQSGGRGG,0
YTIDQDINVTFLDLEYEMKKLEEAIKKLEESYIDIKWEL,DIEKLKEAIRDTNKAVQSVQSSIGNLIVAIKSVQDYVNKEIVPSIARLGCEAAGLQLGIALTQHYSELTNIFG,1
DSLIDQINSTFLDLEYQMKKLEEAIAKLEESYIDIKEL,DIEKLKEAIRDTNKAVQSVQSSIGNLIVAIKSVQDYVNKEIVPSIARLGCEAAGLQLGIALTQHYSELTNIFG,0
PFMAKMRRCFQWRHIWAPDDMCCAKEMYIPTDAISQMEADAY,DIEKLKEAIRDTNKAVQSVQSSIGNLIVAIKSVQDYVNKEIVPSIARLGCEAAGLQLGIALTQHYSELTNIFG,1
ISGINASVVNIQKEIDRLNEVAKELNESLIDLQEL,ENQKLIANQFNSAIGKIQDSLSSTASALGKLQNVVNQNAQALNTLVKQLSSNFGAISSVLNDILSR,0
SLIDQINVTFLDLEYEMKKLEEAIKKLEESYIDITPKDL,DVLQENQKILAASFNKAMTNIVDAFTGVNDAITQTSQALQTVATALNKIQDVVNQQGNSLNHLTSQLRQNFQAISSSIQAIYDRLDTI,0
YTIDQDINVTFLDLEYEMKKLEEAIKKLEESYIDIKWEL,DVLQENQKILAASFNKAMTNIVDAFTGVNDAITQTSQALQTVATALNKIQDVVNQQGNSLNHLTSQLRQNFQAISSSIQAIYDRLDTI,0
DSLIDQINSTFLDLEYQMKKLEEAIAKLEESYIDIKEL,DVLQENQKILAASFNKAMTNIVDAFTGVNDAITQTSQALQTVATALNKIQDVVNQQGNSLNHLTSQLRQNFQAISSSIQAIYDRLDTI,0
ISGINASVVNIQKEIDRLNEVAKELNESLIDLQEL,AINNIVASFSSVNDAITQTAEAIHTVTIALNKIQDVVNQQGSALNHLTSQ,0
PFMAKMRRCFQWRHIWAPDDMCCAKEMYIPTDAISQMEADAY,DVLQENQKILAASFNKAMTNIVDAFTGVNDAITQTSQALQTVATALNKIQDVVNQQGNSLNHLTSQLRQNFQAISSSIQAIYDRLDTI,0
SLIDQINVTFLDLEYEMKKLEEAIKKLEESYIDITPKDL,ITQQVLSENQKLIANKFNQALGAMQTGFTTTNEAFQKVQDAVNNNAQALSKLASELSNTFGAISASIGDIIQRLDVLEQSGGRGG,0
YTIDQDINVTFLDLEYEMKKLEEAIKKLEESYIDIKWEL,ITQQVLSENQKLIANKFNQALGAMQTGFTTTNEAFQKVQDAVNNNAQALSKLASELSNTFGAISASIGDIIQRLDVLEQSGGRGG,1
SLIDQINVTFLDLEYEMKKLEEAIKKLEESYIDITPKDL,ENQKLIANQFNSAIGKIQDSLSSTASALGKLQNVVNQNAQALNTLVKQLSSNFGAISSVLNDILSR,0
ISGINASVVNIQKEIDRLNEVAKELNESLIDLQEL,AIASGVAVSKVLHLEGEVNKIKSALLSTNKAVVSLSNGVSVLTSKVLDLKNYIDKQLLPIVNKQSCSISNIETVIEFQQK,0
YTIDQDINVTFLDLEYEMKKLEEAIKKLEESYIDIKWEL,ENQKLIANQFNSAIGKIQDSLSSTASALGKLQNVVNQNAQALNTLVKQLSSNFGAISSVLNDILSR,0
DSLIDQINSTFLDLEYQMKKLEEAIAKLEESYIDIKEL,ITQQVLSENQKLIANKFNQALGAMQTGFTTTNEAFQKVQDAVNNNAQALSKLASELSNTFGAISASIGDIIQRLDVLEQSGGRGG,0
PFMAKMRRCFQWRHIWAPDDMCCAKEMYIPTDAISQMEADAY,ITQQVLSENQKLIANKFNQALGAMQTGFTTTNEAFQKVQDAVNNNAQALSKLASELSNTFGAISASIGDIIQRLDVLEQSGGRGG,1
SLIDQINVTFLDLEYEMKKLEEAIKKLEESYIDITPKDL,AINNIVASFSSVNDAITQTAEAIHTVTIALNKIQDVVNQQGSALNHLTSQ,0
PFMAKMRRCFQWRHIWAPDDMCCAKEMYIPTDAISQMEADAY,ENQKLIANQFNSAIGKIQDSLSSTASALGKLQNVVNQNAQALNTLVKQLSSNFGAISSVLNDILSR,0
YTIDQDINVTFLDLEYEMKKLEEAIKKLEESYIDIKWEL,AINNIVASFSSVNDAITQTAEAIHTVTIALNKIQDVVNQQGSALNHLTSQ,0
DSLIDQINSTFLDLEYQMKKLEEAIAKLEESYIDIKEL,ENQKLIANQFNSAIGKIQDSLSSTASALGKLQNVVNQNAQALNTLVKQLSSNFGAISSVLNDILSR,0
ISGINASVVNIQKEIDRLNEVAKELNESLIDLQEL,GIGVTQNVLYENQKQIANQFNKAISQIQESLTTTSTALGKLQDVVNQNAQALNTLVKQLSSNFGAISSVLNDILSRLDKVEAEV,0
SLIDQINVTFLDLEYEMKKLEEAIKKLEESYIDITPKDL,AIASGVAVSKVLHLEGEVNKIKSALLSTNKAVVSLSNGVSVLTSKVLDLKNYIDKQLLPIVNKQSCSISNIETVIEFQQK,0
PFMAKMRRCFQWRHIWAPDDMCCAKEMYIPTDAISQMEADAY,AINNIVASFSSVNDAITQTAEAIHTVTIALNKIQDVVNQQGSALNHLTSQ,1
DSLIDQINSTFLDLEYQMKKLEEAIAKLEESYIDIKEL,AINNIVASFSSVNDAITQTAEAIHTVTIALNKIQDVVNQQGSALNHLTSQ,0
ISGINASVVNIQKEIDRLNEVAKELNESLIDLQEL,TQNVLYENQKLIANQFNSAIGKIQDSLSSTASALGKLQDVVNQNAQALNTLVKQLSSNFGAISSVLNDILSRLDKV,1
YTIDQDINVTFLDLEYEMKKLEEAIKKLEESYIDIKWEL,AIASGVAVSKVLHLEGEVNKIKSALLSTNKAVVSLSNGVSVLTSKVLDLKNYIDKQLLPIVNKQSCSISNIETVIEFQQK,0
PFMAKMRRCFQWRHIWAPDDMCCAKEMYIPTDAISQMEADAY,AIASGVAVSKVLHLEGEVNKIKSALLSTNKAVVSLSNGVSVLTSKVLDLKNYIDKQLLPIVNKQSCSISNIETVIEFQQK,1
SLIDQINVTFLDLEYEMKKLEEAIKKLEESYIDITPKDL,GIGVTQNVLYENQKQIANQFNKAISQIQESLTTTSTALGKLQDVVNQNAQALNTLVKQLSSNFGAISSVLNDILSRLDKVEAEV,0
DSLIDQINSTFLDLEYQMKKLEEAIAKLEESYIDIKEL,AIASGVAVSKVLHLEGEVNKIKSALLSTNKAVVSLSNGVSVLTSKVLDLKNYIDKQLLPIVNKQSCSISNIETVIEFQQK,0
ISGINASWVNIQKEIDRLNEVAKNFNESLIDLQEL,DIEKLKEAIRDTNKAVQSVQSSIGNLIVAIKSVQDYVNKEIVPSIARLGCEAAGLQLGIALTQHYSELTNIFG,1
YTIDQDINVTFLDLEYEMKKLEEAIKKLEESYIDIKWEL,GIGVTQNVLYENQKQIANQFNKAISQIQESLTTTSTALGKLQDVVNQNAQALNTLVKQLSSNFGAISSVLNDILSRLDKVEAEV,0
DSLIDQINSTFLDLEYQMKKLEEAIAKLEESYIDIKEL,GIGVTQNVLYENQKQIANQFNKAISQIQESLTTTSTALGKLQDVVNQNAQALNTLVKQLSSNFGAISSVLNDILSRLDKVEAEV,0
PFMAKMRRCFQWRHIWAPDDMCCAKEMYIPTDAISQMEADAY,GIGVTQNVLYENQKQIANQFNKAISQIQESLTTTSTALGKLQDVVNQNAQALNTLVKQLSSNFGAISSVLNDILSRLDKVEAEV,1
SLIDQINVTFLDLEYEMKKLEEAIKKLEESYIDITPKDL,TQNVLYENQKLIANQFNSAIGKIQDSLSSTASALGKLQDVVNQNAQALNTLVKQLSSNFGAISSVLNDILSRLDKV,0
ISGINASWVNIQKEIDRLNEVAKNFNESLIDLQEL,DVLQENQKILAASFNKAMTNIVDAFTGVNDAITQTSQALQTVATALNKIQDVVNQQGNSLNHLTSQLRQNFQAISSSIQAIYDRLDTI,0
YTIDQDINVTFLDLEYEMKKLEEAIKKLEESYIDIKWEL,TQNVLYENQKLIANQFNSAIGKIQDSLSSTASALGKLQDVVNQNAQALNTLVKQLSSNFGAISSVLNDILSRLDKV,1
SLIDHINVTFLDLEYEKKLEEAIKKLEESHIDIKLS,DIEKLKEAIRDTNKAVQSVQSSIGNLIVAIKSVQDYVNKEIVPSIARLGCEAAGLQLGIALTQHYSELTNIFG,0
DSLIDQINSTFLDLEYQMKKLEEAIAKLEESYIDIKEL,TQNVLYENQKLIANQFNSAIGKIQDSLSSTASALGKLQDVVNQNAQALNTLVKQLSSNFGAISSVLNDILSRLDKV,1
PFMAKMRRCFQWRHIWAPDDMCCAKEMYIPTDAISQMEADAY,TQNVLYENQKLIANQFNSAIGKIQDSLSSTASALGKLQDVVNQNAQALNTLVKQLSSNFGAISSVLNDILSRLDKV,0
ISGINASWVNIQKEIDRLNEVAKNFNESLIDLQEL,ITQQVLSENQKLIANKFNQALGAMQTGFTTTNEAFQKVQDAVNNNAQALSKLASELSNTFGAISASIGDIIQRLDVLEQSGGRGG,0
TYLIDQINVTFLDLEYEMKKLEEAIKKLEESYIDIKWEL,DIEKLKEAIRDTNKAVQSVQSSIGNLIVAIKSVQDYVNKEIVPSIARLGCEAAGLQLGIALTQHYSELTNIFG,1
ISGINASWVNIQKEIDRLNEVAKNFNESLIDLQEL,ENQKLIANQFNSAIGKIQDSLSSTASALGKLQNVVNQNAQALNTLVKQLSSNFGAISSVLNDILSR,0
SLIDHINVTFLDLEYEKKLEEAIKKLEESHIDIKLS,DVLQENQKILAASFNKAMTNIVDAFTGVNDAITQTSQALQTVATALNKIQDVVNQQGNSLNHLTSQLRQNFQAISSSIQAIYDRLDTI,0
DSMLIDQINSTFLDLEYQMKKLEEAIKKLNESYIDIKEL,DIEKLKEAIRDTNKAVQSVQSSIGNLIVAIKSVQDYVNKEIVPSIARLGCEAAGLQLGIALTQHYSELTNIFG,1
ALTISNDHAQQMTTCDKVISVTWKWQGIWYNNVGVEAFYRKS,DIEKLKEAIRDTNKAVQSVQSSIGNLIVAIKSVQDYVNKEIVPSIARLGCEAAGLQLGIALTQHYSELTNIFG,1
TYLIDQINVTFLDLEYEMKKLEEAIKKLEESYIDIKWEL,DVLQENQKILAASFNKAMTNIVDAFTGVNDAITQTSQALQTVATALNKIQDVVNQQGNSLNHLTSQLRQNFQAISSSIQAIYDRLDTI,0
ISGINASWVNIQKEIDRLNEVAKNFNESLIDLQEL,AINNIVASFSSVNDAITQTAEAIHTVTIALNKIQDVVNQQGSALNHLTSQ,0
SLIDHINVTFLDLEYEKKLEEAIKKLEESHIDIKLS,ITQQVLSENQKLIANKFNQALGAMQTGFTTTNEAFQKVQDAVNNNAQALSKLASELSNTFGAISASIGDIIQRLDVLEQSGGRGG,0
DSMLIDQINSTFLDLEYQMKKLEEAIKKLNESYIDIKEL,DVLQENQKILAASFNKAMTNIVDAFTGVNDAITQTSQALQTVATALNKIQDVVNQQGNSLNHLTSQLRQNFQAISSSIQAIYDRLDTI,0
TYLIDQINVTFLDLEYEMKKLEEAIKKLEESYIDIKWEL,ITQQVLSENQKLIANKFNQALGAMQTGFTTTNEAFQKVQDAVNNNAQALSKLASELSNTFGAISASIGDIIQRLDVLEQSGGRGG,1
ALTISNDHAQQMTTCDKVISVTWKWQGIWYNNVGVEAFYRKS,DVLQENQKILAASFNKAMTNIVDAFTGVNDAITQTSQALQTVATALNKIQDVVNQQGNSLNHLTSQLRQNFQAISSSIQAIYDRLDTI,0
ISGINASWVNIQKEIDRLNEVAKNFNESLIDLQEL,AIASGVAVSKVLHLEGEVNKIKSALLSTNKAVVSLSNGVSVLTSKVLDLKNYIDKQLLPIVNKQSCSISNIETVIEFQQK,0
SLIDHINVTFLDLEYEKKLEEAIKKLEESHIDIKLS,ENQKLIANQFNSAIGKIQDSLSSTASALGKLQNVVNQNAQALNTLVKQLSSNFGAISSVLNDILSR,0
TYLIDQINVTFLDLEYEMKKLEEAIKKLEESYIDIKWEL,ENQKLIANQFNSAIGKIQDSLSSTASALGKLQNVVNQNAQALNTLVKQLSSNFGAISSVLNDILSR,0
DSMLIDQINSTFLDLEYQMKKLEEAIKKLNESYIDIKEL,ITQQVLSENQKLIANKFNQALGAMQTGFTTTNEAFQKVQDAVNNNAQALSKLASELSNTFGAISASIGDIIQRLDVLEQSGGRGG,0
SLIDHINVTFLDLEYEKKLEEAIKKLEESHIDIKLS,AINNIVASFSSVNDAITQTAEAIHTVTIALNKIQDVVNQQGSALNHLTSQ,0
ALTISNDHAQQMTTCDKVISVTWKWQGIWYNNVGVEAFYRKS,ITQQVLSENQKLIANKFNQALGAMQTGFTTTNEAFQKVQDAVNNNAQALSKLASELSNTFGAISASIGDIIQRLDVLEQSGGRGG,1
ISGINASWVNIQKEIDRLNEVAKNFNESLIDLQEL,GIGVTQNVLYENQKQIANQFNKAISQIQESLTTTSTALGKLQDVVNQNAQALNTLVKQLSSNFGAISSVLNDILSRLDKVEAEV,0
TYLIDQINVTFLDLEYEMKKLEEAIKKLEESYIDIKWEL,AINNIVASFSSVNDAITQTAEAIHTVTIALNKIQDVVNQQGSALNHLTSQ,0
DSMLIDQINSTFLDLEYQMKKLEEAIKKLNESYIDIKEL,ENQKLIANQFNSAIGKIQDSLSSTASALGKLQNVVNQNAQALNTLVKQLSSNFGAISSVLNDILSR,0
ALTISNDHAQQMTTCDKVISVTWKWQGIWYNNVGVEAFYRKS,ENQKLIANQFNSAIGKIQDSLSSTASALGKLQNVVNQNAQALNTLVKQLSSNFGAISSVLNDILSR,0
SLIDHINVTFLDLEYEKKLEEAIKKLEESHIDIKLS,AIASGVAVSKVLHLEGEVNKIKSALLSTNKAVVSLSNGVSVLTSKVLDLKNYIDKQLLPIVNKQSCSISNIETVIEFQQK,0
ISGINASWVNIQKEIDRLNEVAKNFNESLIDLQEL,TQNVLYENQKLIANQFNSAIGKIQDSLSSTASALGKLQDVVNQNAQALNTLVKQLSSNFGAISSVLNDILSRLDKV,0
DSMLIDQINSTFLDLEYQMKKLEEAIKKLNESYIDIKEL,AINNIVASFSSVNDAITQTAEAIHTVTIALNKIQDVVNQQGSALNHLTSQ,1
ALTISNDHAQQMTTCDKVISVTWKWQGIWYNNVGVEAFYRKS,AINNIVASFSSVNDAITQTAEAIHTVTIALNKIQDVVNQQGSALNHLTSQ,0
TYLIDQINVTFLDLEYEMKKLEEAIKKLEESYIDIKWEL,AIASGVAVSKVLHLEGEVNKIKSALLSTNKAVVSLSNGVSVLTSKVLDLKNYIDKQLLPIVNKQSCSISNIETVIEFQQK,0
SLIDHINVTFLDLEYEKKLEEAIKKLEESHIDIKLS,GIGVTQNVLYENQKQIANQFNKAISQIQESLTTTSTALGKLQDVVNQNAQALNTLVKQLSSNFGAISSVLNDILSRLDKVEAEV,0
ISGINASVVNIQKEIDRLNEVAKNLNESYIDLQEL,DIEKLKEAIRDTNKAVQSVQSSIGNLIVAIKSVQDYVNKEIVPSIARLGCEAAGLQLGIALTQHYSELTNIFG,0
DSMLIDQINSTFLDLEYQMKKLEEAIKKLNESYIDIKEL,AIASGVAVSKVLHLEGEVNKIKSALLSTNKAVVSLSNGVSVLTSKVLDLKNYIDKQLLPIVNKQSCSISNIETVIEFQQK,0
TYLIDQINVTFLDLEYEMKKLEEAIKKLEESYIDIKWEL,GIGVTQNVLYENQKQIANQFNKAISQIQESLTTTSTALGKLQDVVNQNAQALNTLVKQLSSNFGAISSVLNDILSRLDKVEAEV,0
ALTISNDHAQQMTTCDKVISVTWKWQGIWYNNVGVEAFYRKS,AIASGVAVSKVLHLEGEVNKIKSALLSTNKAVVSLSNGVSVLTSKVLDLKNYIDKQLLPIVNKQSCSISNIETVIEFQQK,0
SLIDHINVTFLDLEYEKKLEEAIKKLEESHIDIKLS,TQNVLYENQKLIANQFNSAIGKIQDSLSSTASALGKLQDVVNQNAQALNTLVKQLSSNFGAISSVLNDILSRLDKV,1
ISGINASVVNIQKEIDRLNEVAKNLNESYIDLQEL,DVLQENQKILAASFNKAMTNIVDAFTGVNDAITQTSQALQTVATALNKIQDVVNQQGNSLNHLTSQLRQNFQAISSSIQAIYDRLDTI,0
ALTISNDHAQQMTTCDKVISVTWKWQGIWYNNVGVEAFYRKS,GIGVTQNVLYENQKQIANQFNKAISQIQESLTTTSTALGKLQDVVNQNAQALNTLVKQLSSNFGAISSVLNDILSRLDKVEAEV,1
TYLIDQINVTFLDLEYEMKKLEEAIKKLEESYIDIKWEL,TQNVLYENQKLIANQFNSAIGKIQDSLSSTASALGKLQDVVNQNAQALNTLVKQLSSNFGAISSVLNDILSRLDKV,0
DSMLIDQINSTFLDLEYQMKKLEEAIKKLNESYIDIKEL,GIGVTQNVLYENQKQIANQFNKAISQIQESLTTTSTALGKLQDVVNQNAQALNTLVKQLSSNFGAISSVLNDILSRLDKVEAEV,0
SLIDQIYNVTFLDLEYEKKLEEAIKKLEESHIDIKELS,DIEKLKEAIRDTNKAVQSVQSSIGNLIVAIKSVQDYVNKEIVPSIARLGCEAAGLQLGIALTQHYSELTNIFG,1
ISGINASVVNIQKEIDRLNEVAKNLNESYIDLQEL,ITQQVLSENQKLIANKFNQALGAMQTGFTTTNEAFQKVQDAVNNNAQALSKLASELSNTFGAISASIGDIIQRLDVLEQSGGRGG,0
ISGINASVVNIQKEIDRLNEVAKNLNESYIDLQEL,ENQKLIANQFNSAIGKIQDSLSSTASALGKLQNVVNQNAQALNTLVKQLSSNFGAISSVLNDILSR,0
DSMLIDQINSTFLDLEYQMKKLEEAIKKLNESYIDIKEL,TQNVLYENQKLIANQFNSAIGKIQDSLSSTASALGKLQDVVNQNAQALNTLVKQLSSNFGAISSVLNDILSRLDKV,1
SLIDQIYNVTFLDLEYEKKLEEAIKKLEESHIDIKELS,DVLQENQKILAASFNKAMTNIVDAFTGVNDAITQTSQALQTVATALNKIQDVVNQQGNSLNHLTSQLRQNFQAISSSIQAIYDRLDTI,0
YLIDQINVTFLDLEYEMKKLEEAIKKLEESYIDIKWELD,DIEKLKEAIRDTNKAVQSVQSSIGNLIVAIKSVQDYVNKEIVPSIARLGCEAAGLQLGIALTQHYSELTNIFG,1
ALTISNDHAQQMTTCDKVISVTWKWQGIWYNNVGVEAFYRKS,TQNVLYENQKLIANQFNSAIGKIQDSLSSTASALGKLQDVVNQNAQALNTLVKQLSSNFGAISSVLNDILSRLDKV,1
ISGINASVVNIQKEIDRLNEVAKNLNESYIDLQEL,AINNIVASFSSVNDAITQTAEAIHTVTIALNKIQDVVNQQGSALNHLTSQ,0
KSLIDQFNSTFLDLEYEMKKLEEAIKKLEESYIDIKEL,DIEKLKEAIRDTNKAVQSVQSSIGNLIVAIKSVQDYVNKEIVPSIARLGCEAAGLQLGIALTQHYSELTNIFG,1
SKTHCSLILPYEMWTHGPGKISHLDPDCPYFAFICSIKAVGNG,DIEKLKEAIRDTNKAVQSVQSSIGNLIVAIKSVQDYVNKEIVPSIARLGCEAAGLQLGIALTQHYSELTNIFG,1
YLIDQINVTFLDLEYEMKKLEEAIKKLEESYIDIKWELD,DVLQENQKILAASFNKAMTNIVDAFTGVNDAITQTSQALQTVATALNKIQDVVNQQGNSLNHLTSQLRQNFQAISSSIQAIYDRLDTI,0
SLIDQIYNVTFLDLEYEKKLEEAIKKLEESHIDIKELS,ITQQVLSENQKLIANKFNQALGAMQTGFTTTNEAFQKVQDAVNNNAQALSKLASELSNTFGAISASIGDIIQRLDVLEQSGGRGG,1
ISGINASVVNIQKEIDRLNEVAKNLNESYIDLQEL,AIASGVAVSKVLHLEGEVNKIKSALLSTNKAVVSLSNGVSVLTSKVLDLKNYIDKQLLPIVNKQSCSISNIETVIEFQQK,0
KSLIDQFNSTFLDLEYEMKKLEEAIKKLEESYIDIKEL,DVLQENQKILAASFNKAMTNIVDAFTGVNDAITQTSQALQTVATALNKIQDVVNQQGNSLNHLTSQLRQNFQAISSSIQAIYDRLDTI,0
SLIDQIYNVTFLDLEYEKKLEEAIKKLEESHIDIKELS,ENQKLIANQFNSAIGKIQDSLSSTASALGKLQNVVNQNAQALNTLVKQLSSNFGAISSVLNDILSR,0
SKTHCSLILPYEMWTHGPGKISHLDPDCPYFAFICSIKAVGNG,DVLQENQKILAASFNKAMTNIVDAFTGVNDAITQTSQALQTVATALNKIQDVVNQQGNSLNHLTSQLRQNFQAISSSIQAIYDRLDTI,0
YLIDQINVTFLDLEYEMKKLEEAIKKLEESYIDIKWELD,ITQQVLSENQKLIANKFNQALGAMQTGFTTTNEAFQKVQDAVNNNAQALSKLASELSNTFGAISASIGDIIQRLDVLEQSGGRGG,0
ISGINASVVNIQKEIDRLNEVAKNLNESYIDLQEL,GIGVTQNVLYENQKQIANQFNKAISQIQESLTTTSTALGKLQDVVNQNAQALNTLVKQLSSNFGAISSVLNDILSRLDKVEAEV,0
SLIDQIYNVTFLDLEYEKKLEEAIKKLEESHIDIKELS,AINNIVASFSSVNDAITQTAEAIHTVTIALNKIQDVVNQQGSALNHLTSQ,0
KSLIDQFNSTFLDLEYEMKKLEEAIKKLEESYIDIKEL,ITQQVLSENQKLIANKFNQALGAMQTGFTTTNEAFQKVQDAVNNNAQALSKLASELSNTFGAISASIGDIIQRLDVLEQSGGRGG,1
YLIDQINVTFLDLEYEMKKLEEAIKKLEESYIDIKWELD,ENQKLIANQFNSAIGKIQDSLSSTASALGKLQNVVNQNAQALNTLVKQLSSNFGAISSVLNDILSR,0
SKTHCSLILPYEMWTHGPGKISHLDPDCPYFAFICSIKAVGNG,ITQQVLSENQKLIANKFNQALGAMQTGFTTTNEAFQKVQDAVNNNAQALSKLASELSNTFGAISASIGDIIQRLDVLEQSGGRGG,1
KSLIDQFNSTFLDLEYEMKKLEEAIKKLEESYIDIKEL,ENQKLIANQFNSAIGKIQDSLSSTASALGKLQNVVNQNAQALNTLVKQLSSNFGAISSVLNDILSR,0
YLIDQINVTFLDLEYEMKKLEEAIKKLEESYIDIKWELD,AINNIVASFSSVNDAITQTAEAIHTVTIALNKIQDVVNQQGSALNHLTSQ,0
ISGINASVVNIQKEIDRLNEVAKNLNESYIDLQEL,TQNVLYENQKLIANQFNSAIGKIQDSLSSTASALGKLQDVVNQNAQALNTLVKQLSSNFGAISSVLNDILSRLDKV,1
SLIDQIYNVTFLDLEYEKKLEEAIKKLEESHIDIKELS,AIASGVAVSKVLHLEGEVNKIKSALLSTNKAVVSLSNGVSVLTSKVLDLKNYIDKQLLPIVNKQSCSISNIETVIEFQQK,0
SKTHCSLILPYEMWTHGPGKISHLDPDCPYFAFICSIKAVGNG,ENQKLIANQFNSAIGKIQDSLSSTASALGKLQNVVNQNAQALNTLVKQLSSNFGAISSVLNDILSR,0
KSLIDQFNSTFLDLEYEMKKLEEAIKKLEESYIDIKEL,AINNIVASFSSVNDAITQTAEAIHTVTIALNKIQDVVNQQGSALNHLTSQ,0
ISGINASVVNIQKEIDRLNEVAKNLNESLFDLQEL,DIEKLKEAIRDTNKAVQSVQSSIGNLIVAIKSVQDYVNKEIVPSIARLGCEAAGLQLGIALTQHYSELTNIFG,0
SKTHCSLILPYEMWTHGPGKISHLDPDCPYFAFICSIKAVGNG,AINNIVASFSSVNDAITQTAEAIHTVTIALNKIQDVVNQQGSALNHLTSQ,0
YLIDQINVTFLDLEYEMKKLEEAIKKLEESYIDIKWELD,AIASGVAVSKVLHLEGEVNKIKSALLSTNKAVVSLSNGVSVLTSKVLDLKNYIDKQLLPIVNKQSCSISNIETVIEFQQK,0
SLIDQIYNVTFLDLEYEKKLEEAIKKLEESHIDIKELS,GIGVTQNVLYENQKQIANQFNKAISQIQESLTTTSTALGKLQDVVNQNAQALNTLVKQLSSNFGAISSVLNDILSRLDKVEAEV,0
KSLIDQFNSTFLDLEYEMKKLEEAIKKLEESYIDIKEL,AIASGVAVSKVLHLEGEVNKIKSALLSTNKAVVSLSNGVSVLTSKVLDLKNYIDKQLLPIVNKQSCSISNIETVIEFQQK,0
ISGINASVVNIQKEIDRLNEVAKNLNESLFDLQEL,DVLQENQKILAASFNKAMTNIVDAFTGVNDAITQTSQALQTVATALNKIQDVVNQQGNSLNHLTSQLRQNFQAISSSIQAIYDRLDTI,0
SKTHCSLILPYEMWTHGPGKISHLDPDCPYFAFICSIKAVGNG,AIASGVAVSKVLHLEGEVNKIKSALLSTNKAVVSLSNGVSVLTSKVLDLKNYIDKQLLPIVNKQSCSISNIETVIEFQQK,0
YLIDQINVTFLDLEYEMKKLEEAIKKLEESYIDIKWELD,GIGVTQNVLYENQKQIANQFNKAISQIQESLTTTSTALGKLQDVVNQNAQALNTLVKQLSSNFGAISSVLNDILSRLDKVEAEV,0
SLIDQIYNVTFLDLEYEKKLEEAIKKLEESHIDIKELS,TQNVLYENQKLIANQFNSAIGKIQDSLSSTASALGKLQDVVNQNAQALNTLVKQLSSNFGAISSVLNDILSRLDKV,0
KSLIDQFNSTFLDLEYEMKKLEEAIKKLEESYIDIKEL,GIGVTQNVLYENQKQIANQFNKAISQIQESLTTTSTALGKLQDVVNQNAQALNTLVKQLSSNFGAISSVLNDILSRLDKVEAEV,0
ISGINASVVNIQKEIDRLNEVAKNLNESLFDLQEL,ITQQVLSENQKLIANKFNQALGAMQTGFTTTNEAFQKVQDAVNNNAQALSKLASELSNTFGAISASIGDIIQRLDVLEQSGGRGG,0
SKTHCSLILPYEMWTHGPGKISHLDPDCPYFAFICSIKAVGNG,GIGVTQNVLYENQKQIANQFNKAISQIQESLTTTSTALGKLQDVVNQNAQALNTLVKQLSSNFGAISSVLNDILSRLDKVEAEV,1
SLIDINVTFLDLEYEKKLEEAIKKLEESHIDIKELS,DIEKLKEAIRDTNKAVQSVQSSIGNLIVAIKSVQDYVNKEIVPSIARLGCEAAGLQLGIALTQHYSELTNIFG,0
YLIDQINVTFLDLEYEMKKLEEAIKKLEESYIDIKWELD,TQNVLYENQKLIANQFNSAIGKIQDSLSSTASALGKLQDVVNQNAQALNTLVKQLSSNFGAISSVLNDILSRLDKV,0
ISGINASVVNIQKEIDRLNEVAKNLNESLFDLQEL,ENQKLIANQFNSAIGKIQDSLSSTASALGKLQNVVNQNAQALNTLVKQLSSNFGAISSVLNDILSR,0
KSLIDQFNSTFLDLEYEMKKLEEAIKKLEESYIDIKEL,TQNVLYENQKLIANQFNSAIGKIQDSLSSTASALGKLQDVVNQNAQALNTLVKQLSSNFGAISSVLNDILSRLDKV,0
SKTHCSLILPYEMWTHGPGKISHLDPDCPYFAFICSIKAVGNG,TQNVLYENQKLIANQFNSAIGKIQDSLSSTASALGKLQDVVNQNAQALNTLVKQLSSNFGAISSVLNDILSRLDKV,1
YIDQIVTFLDLEYEMKKLEEAIKKLEESYIDIKWEL,DIEKLKEAIRDTNKAVQSVQSSIGNLIVAIKSVQDYVNKEIVPSIARLGCEAAGLQLGIALTQHYSELTNIFG,1
ISGINASVVNIQKEIDRLNEVAKNLNESLFDLQEL,AINNIVASFSSVNDAITQTAEAIHTVTIALNKIQDVVNQQGSALNHLTSQ,0
SLIDINVTFLDLEYEKKLEEAIKKLEESHIDIKELS,DVLQENQKILAASFNKAMTNIVDAFTGVNDAITQTSQALQTVATALNKIQDVVNQQGNSLNHLTSQLRQNFQAISSSIQAIYDRLDTI,0
DSLGIDQFNSTFLDLEYEMKKLEEAIKKLEESYIDIKEL,DIEKLKEAIRDTNKAVQSVQSSIGNLIVAIKSVQDYVNKEIVPSIARLGCEAAGLQLGIALTQHYSELTNIFG,0
GHAGVYMQKLNMDNQVGKASYSSPYMLECGKKSVGETQNQIKW,DIEKLKEAIRDTNKAVQSVQSSIGNLIVAIKSVQDYVNKEIVPSIARLGCEAAGLQLGIALTQHYSELTNIFG,1
YIDQIVTFLDLEYEMKKLEEAIKKLEESYIDIKWEL,DVLQENQKILAASFNKAMTNIVDAFTGVNDAITQTSQALQTVATALNKIQDVVNQQGNSLNHLTSQLRQNFQAISSSIQAIYDRLDTI,0
ISGINASVVNIQKEIDRLNEVAKNLNESLFDLQEL,AIASGVAVSKVLHLEGEVNKIKSALLSTNKAVVSLSNGVSVLTSKVLDLKNYIDKQLLPIVNKQSCSISNIETVIEFQQK,0
SLIDINVTFLDLEYEKKLEEAIKKLEESHIDIKELS,ITQQVLSENQKLIANKFNQALGAMQTGFTTTNEAFQKVQDAVNNNAQALSKLASELSNTFGAISASIGDIIQRLDVLEQSGGRGG,1
DSLGIDQFNSTFLDLEYEMKKLEEAIKKLEESYIDIKEL,DVLQENQKILAASFNKAMTNIVDAFTGVNDAITQTSQALQTVATALNKIQDVVNQQGNSLNHLTSQLRQNFQAISSSIQAIYDRLDTI,0
SLIDINVTFLDLEYEKKLEEAIKKLEESHIDIKELS,ENQKLIANQFNSAIGKIQDSLSSTASALGKLQNVVNQNAQALNTLVKQLSSNFGAISSVLNDILSR,0
GHAGVYMQKLNMDNQVGKASYSSPYMLECGKKSVGETQNQIKW,DVLQENQKILAASFNKAMTNIVDAFTGVNDAITQTSQALQTVATALNKIQDVVNQQGNSLNHLTSQLRQNFQAISSSIQAIYDRLDTI,0
YIDQIVTFLDLEYEMKKLEEAIKKLEESYIDIKWEL,ITQQVLSENQKLIANKFNQALGAMQTGFTTTNEAFQKVQDAVNNNAQALSKLASELSNTFGAISASIGDIIQRLDVLEQSGGRGG,1
ISGINASVVNIQKEIDRLNEVAKNLNESLFDLQEL,GIGVTQNVLYENQKQIANQFNKAISQIQESLTTTSTALGKLQDVVNQNAQALNTLVKQLSSNFGAISSVLNDILSRLDKVEAEV,0
DSLGIDQFNSTFLDLEYEMKKLEEAIKKLEESYIDIKEL,ITQQVLSENQKLIANKFNQALGAMQTGFTTTNEAFQKVQDAVNNNAQALSKLASELSNTFGAISASIGDIIQRLDVLEQSGGRGG,0
SLIDINVTFLDLEYEKKLEEAIKKLEESHIDIKELS,AINNIVASFSSVNDAITQTAEAIHTVTIALNKIQDVVNQQGSALNHLTSQ,0
YIDQIVTFLDLEYEMKKLEEAIKKLEESYIDIKWEL,ENQKLIANQFNSAIGKIQDSLSSTASALGKLQNVVNQNAQALNTLVKQLSSNFGAISSVLNDILSR,0
DSLGIDQFNSTFLDLEYEMKKLEEAIKKLEESYIDIKEL,ENQKLIANQFNSAIGKIQDSLSSTASALGKLQNVVNQNAQALNTLVKQLSSNFGAISSVLNDILSR,1
ISGINASVVNIQKEIDRLNEVAKNLNESLFDLQEL,TQNVLYENQKLIANQFNSAIGKIQDSLSSTASALGKLQDVVNQNAQALNTLVKQLSSNFGAISSVLNDILSRLDKV,1
GHAGVYMQKLNMDNQVGKASYSSPYMLECGKKSVGETQNQIKW,ITQQVLSENQKLIANKFNQALGAMQTGFTTTNEAFQKVQDAVNNNAQALSKLASELSNTFGAISASIGDIIQRLDVLEQSGGRGG,0
SLIDINVTFLDLEYEKKLEEAIKKLEESHIDIKELS,AIASGVAVSKVLHLEGEVNKIKSALLSTNKAVVSLSNGVSVLTSKVLDLKNYIDKQLLPIVNKQSCSISNIETVIEFQQK,0
YIDQIVTFLDLEYEMKKLEEAIKKLEESYIDIKWEL,AINNIVASFSSVNDAITQTAEAIHTVTIALNKIQDVVNQQGSALNHLTSQ,0
DSLGIDQFNSTFLDLEYEMKKLEEAIKKLEESYIDIKEL,AINNIVASFSSVNDAITQTAEAIHTVTIALNKIQDVVNQQGSALNHLTSQ,0
ISGINASWVNIQKEIDRLNEVAKNLNESLIDFQEL,DIEKLKEAIRDTNKAVQSVQSSIGNLIVAIKSVQDYVNKEIVPSIARLGCEAAGLQLGIALTQHYSELTNIFG,1
GHAGVYMQKLNMDNQVGKASYSSPYMLECGKKSVGETQNQIKW,ENQKLIANQFNSAIGKIQDSLSSTASALGKLQNVVNQNAQALNTLVKQLSSNFGAISSVLNDILSR,0
SLIDINVTFLDLEYEKKLEEAIKKLEESHIDIKELS,GIGVTQNVLYENQKQIANQFNKAISQIQESLTTTSTALGKLQDVVNQNAQALNTLVKQLSSNFGAISSVLNDILSRLDKVEAEV,0
YIDQIVTFLDLEYEMKKLEEAIKKLEESYIDIKWEL,AIASGVAVSKVLHLEGEVNKIKSALLSTNKAVVSLSNGVSVLTSKVLDLKNYIDKQLLPIVNKQSCSISNIETVIEFQQK,0
GHAGVYMQKLNMDNQVGKASYSSPYMLECGKKSVGETQNQIKW,AINNIVASFSSVNDAITQTAEAIHTVTIALNKIQDVVNQQGSALNHLTSQ,0
DSLGIDQFNSTFLDLEYEMKKLEEAIKKLEESYIDIKEL,AIASGVAVSKVLHLEGEVNKIKSALLSTNKAVVSLSNGVSVLTSKVLDLKNYIDKQLLPIVNKQSCSISNIETVIEFQQK,0
ISGINASWVNIQKEIDRLNEVAKNLNESLIDFQEL,DVLQENQKILAASFNKAMTNIVDAFTGVNDAITQTSQALQTVATALNKIQDVVNQQGNSLNHLTSQLRQNFQAISSSIQAIYDRLDTI,0
SLIDINVTFLDLEYEKKLEEAIKKLEESHIDIKELS,TQNVLYENQKLIANQFNSAIGKIQDSLSSTASALGKLQDVVNQNAQALNTLVKQLSSNFGAISSVLNDILSRLDKV,0
YIDQIVTFLDLEYEMKKLEEAIKKLEESYIDIKWEL,GIGVTQNVLYENQKQIANQFNKAISQIQESLTTTSTALGKLQDVVNQNAQALNTLVKQLSSNFGAISSVLNDILSRLDKVEAEV,0
GHAGVYMQKLNMDNQVGKASYSSPYMLECGKKSVGETQNQIKW,AIASGVAVSKVLHLEGEVNKIKSALLSTNKAVVSLSNGVSVLTSKVLDLKNYIDKQLLPIVNKQSCSISNIETVIEFQQK,0
DSLGIDQFNSTFLDLEYEMKKLEEAIKKLEESYIDIKEL,GIGVTQNVLYENQKQIANQFNKAISQIQESLTTTSTALGKLQDVVNQNAQALNTLVKQLSSNFGAISSVLNDILSRLDKVEAEV,0
ISGINASWVNIQKEIDRLNEVAKNLNESLIDFQEL,ITQQVLSENQKLIANKFNQALGAMQTGFTTTNEAFQKVQDAVNNNAQALSKLASELSNTFGAISASIGDIIQRLDVLEQSGGRGG,0
SLIDQNNVTFLDLEYKKKLEEAIKKLEDSIDIKELS,DIEKLKEAIRDTNKAVQSVQSSIGNLIVAIKSVQDYVNKEIVPSIARLGCEAAGLQLGIALTQHYSELTNIFG,0
YIDQIVTFLDLEYEMKKLEEAIKKLEESYIDIKWEL,TQNVLYENQKLIANQFNSAIGKIQDSLSSTASALGKLQDVVNQNAQALNTLVKQLSSNFGAISSVLNDILSRLDKV,0
ISGINASWVNIQKEIDRLNEVAKNLNESLIDFQEL,ENQKLIANQFNSAIGKIQDSLSSTASALGKLQNVVNQNAQALNTLVKQLSSNFGAISSVLNDILSR,0
DSLGIDQFNSTFLDLEYEMKKLEEAIKKLEESYIDIKEL,TQNVLYENQKLIANQFNSAIGKIQDSLSSTASALGKLQDVVNQNAQALNTLVKQLSSNFGAISSVLNDILSRLDKV,0
GHAGVYMQKLNMDNQVGKASYSSPYMLECGKKSVGETQNQIKW,GIGVTQNVLYENQKQIANQFNKAISQIQESLTTTSTALGKLQDVVNQNAQALNTLVKQLSSNFGAISSVLNDILSRLDKVEAEV,0
SLIDQNNVTFLDLEYKKKLEEAIKKLEDSIDIKELS,DVLQENQKILAASFNKAMTNIVDAFTGVNDAITQTSQALQTVATALNKIQDVVNQQGNSLNHLTSQLRQNFQAISSSIQAIYDRLDTI,0
SLIDEQINVTFLDVEYEMLKKLEEAIKKLEELYIDIKEW,DIEKLKEAIRDTNKAVQSVQSSIGNLIVAIKSVQDYVNKEIVPSIARLGCEAAGLQLGIALTQHYSELTNIFG,1
ISGINASWVNIQKEIDRLNEVAKNLNESLIDFQEL,AINNIVASFSSVNDAITQTAEAIHTVTIALNKIQDVVNQQGSALNHLTSQ,0
DSLIDQFNSTFLDLEYEMKKLEEVIKKLEESYIDIKEL,DIEKLKEAIRDTNKAVQSVQSSIGNLIVAIKSVQDYVNKEIVPSIARLGCEAAGLQLGIALTQHYSELTNIFG,1
GHAGVYMQKLNMDNQVGKASYSSPYMLECGKKSVGETQNQIKW,TQNVLYENQKLIANQFNSAIGKIQDSLSSTASALGKLQDVVNQNAQALNTLVKQLSSNFGAISSVLNDILSRLDKV,1
SLIDQNNVTFLDLEYKKKLEEAIKKLEDSIDIKELS,ITQQVLSENQKLIANKFNQALGAMQTGFTTTNEAFQKVQDAVNNNAQALSKLASELSNTFGAISASIGDIIQRLDVLEQSGGRGG,0
SLIDEQINVTFLDVEYEMLKKLEEAIKKLEELYIDIKEW,DVLQENQKILAASFNKAMTNIVDAFTGVNDAITQTSQALQTVATALNKIQDVVNQQGNSLNHLTSQLRQNFQAISSSIQAIYDRLDTI,0
ISGINASWVNIQKEIDRLNEVAKNLNESLIDFQEL,AIASGVAVSKVLHLEGEVNKIKSALLSTNKAVVSLSNGVSVLTSKVLDLKNYIDKQLLPIVNKQSCSISNIETVIEFQQK,0
DSLIDQFNSTFLDLEYEMKKLEEVIKKLEESYIDIKEL,DVLQENQKILAASFNKAMTNIVDAFTGVNDAITQTSQALQTVATALNKIQDVVNQQGNSLNHLTSQLRQNFQAISSSIQAIYDRLDTI,0
SLIDQNNVTFLDLEYKKKLEEAIKKLEDSIDIKELS,ENQKLIANQFNSAIGKIQDSLSSTASALGKLQNVVNQNAQALNTLVKQLSSNFGAISSVLNDILSR,0
KMVCGMDGDIAWGDWYGEAFQASVFRIGVKECRFTVGQQERGK,DIEKLKEAIRDTNKAVQSVQSSIGNLIVAIKSVQDYVNKEIVPSIARLGCEAAGLQLGIALTQHYSELTNIFG,1
ISGINASWVNIQKEIDRLNEVAKNLNESLIDFQEL,GIGVTQNVLYENQKQIANQFNKAISQIQESLTTTSTALGKLQDVVNQNAQALNTLVKQLSSNFGAISSVLNDILSRLDKVEAEV,0
SLIDEQINVTFLDVEYEMLKKLEEAIKKLEELYIDIKEW,ITQQVLSENQKLIANKFNQALGAMQTGFTTTNEAFQKVQDAVNNNAQALSKLASELSNTFGAISASIGDIIQRLDVLEQSGGRGG,1
SLIDQNNVTFLDLEYKKKLEEAIKKLEDSIDIKELS,AINNIVASFSSVNDAITQTAEAIHTVTIALNKIQDVVNQQGSALNHLTSQ,0
DSLIDQFNSTFLDLEYEMKKLEEVIKKLEESYIDIKEL,ITQQVLSENQKLIANKFNQALGAMQTGFTTTNEAFQKVQDAVNNNAQALSKLASELSNTFGAISASIGDIIQRLDVLEQSGGRGG,1
KMVCGMDGDIAWGDWYGEAFQASVFRIGVKECRFTVGQQERGK,DVLQENQKILAASFNKAMTNIVDAFTGVNDAITQTSQALQTVATALNKIQDVVNQQGNSLNHLTSQLRQNFQAISSSIQAIYDRLDTI,0
SLIDEQINVTFLDVEYEMLKKLEEAIKKLEELYIDIKEW,ENQKLIANQFNSAIGKIQDSLSSTASALGKLQNVVNQNAQALNTLVKQLSSNFGAISSVLNDILSR,0
DSLIDQFNSTFLDLEYEMKKLEEVIKKLEESYIDIKEL,ENQKLIANQFNSAIGKIQDSLSSTASALGKLQNVVNQNAQALNTLVKQLSSNFGAISSVLNDILSR,0
ISGINASWVNIQKEIDRLNEVAKNLNESLIDFQEL,TQNVLYENQKLIANQFNSAIGKIQDSLSSTASALGKLQDVVNQNAQALNTLVKQLSSNFGAISSVLNDILSRLDKV,1
SLIDQNNVTFLDLEYKKKLEEAIKKLEDSIDIKELS,AIASGVAVSKVLHLEGEVNKIKSALLSTNKAVVSLSNGVSVLTSKVLDLKNYIDKQLLPIVNKQSCSISNIETVIEFQQK,0
SLIDEQINVTFLDVEYEMLKKLEEAIKKLEELYIDIKEW,AINNIVASFSSVNDAITQTAEAIHTVTIALNKIQDVVNQQGSALNHLTSQ,0
KMVCGMDGDIAWGDWYGEAFQASVFRIGVKECRFTVGQQERGK,ITQQVLSENQKLIANKFNQALGAMQTGFTTTNEAFQKVQDAVNNNAQALSKLASELSNTFGAISASIGDIIQRLDVLEQSGGRGG,1
DSLIDQFNSTFLDLEYEMKKLEEVIKKLEESYIDIKEL,AINNIVASFSSVNDAITQTAEAIHTVTIALNKIQDVVNQQGSALNHLTSQ,0
ISGINASVVNIQKEIDRLNEVAKNLNESLIDLKEL,DIEKLKEAIRDTNKAVQSVQSSIGNLIVAIKSVQDYVNKEIVPSIARLGCEAAGLQLGIALTQHYSELTNIFG,1
SLIDQNNVTFLDLEYKKKLEEAIKKLEDSIDIKELS,GIGVTQNVLYENQKQIANQFNKAISQIQESLTTTSTALGKLQDVVNQNAQALNTLVKQLSSNFGAISSVLNDILSRLDKVEAEV,0
KMVCGMDGDIAWGDWYGEAFQASVFRIGVKECRFTVGQQERGK,ENQKLIANQFNSAIGKIQDSLSSTASALGKLQNVVNQNAQALNTLVKQLSSNFGAISSVLNDILSR,1
SLIDEQINVTFLDVEYEMLKKLEEAIKKLEELYIDIKEW,AIASGVAVSKVLHLEGEVNKIKSALLSTNKAVVSLSNGVSVLTSKVLDLKNYIDKQLLPIVNKQSCSISNIETVIEFQQK,0
ISGINASVVNIQKEIDRLNEVAKNLNESLIDLKEL,DVLQENQKILAASFNKAMTNIVDAFTGVNDAITQTSQALQTVATALNKIQDVVNQQGNSLNHLTSQLRQNFQAISSSIQAIYDRLDTI,0
DSLIDQFNSTFLDLEYEMKKLEEVIKKLEESYIDIKEL,AIASGVAVSKVLHLEGEVNKIKSALLSTNKAVVSLSNGVSVLTSKVLDLKNYIDKQLLPIVNKQSCSISNIETVIEFQQK,0
KMVCGMDGDIAWGDWYGEAFQASVFRIGVKECRFTVGQQERGK,AINNIVASFSSVNDAITQTAEAIHTVTIALNKIQDVVNQQGSALNHLTSQ,1
SLIDQNNVTFLDLEYKKKLEEAIKKLEDSIDIKELS,TQNVLYENQKLIANQFNSAIGKIQDSLSSTASALGKLQDVVNQNAQALNTLVKQLSSNFGAISSVLNDILSRLDKV,1
SLIDEQINVTFLDVEYEMLKKLEEAIKKLEELYIDIKEW,GIGVTQNVLYENQKQIANQFNKAISQIQESLTTTSTALGKLQDVVNQNAQALNTLVKQLSSNFGAISSVLNDILSRLDKVEAEV,0
ISGINASVVNIQKEIDRLNEVAKNLNESLIDLKEL,ITQQVLSENQKLIANKFNQALGAMQTGFTTTNEAFQKVQDAVNNNAQALSKLASELSNTFGAISASIGDIIQRLDVLEQSGGRGG,0
DSLIDQFNSTFLDLEYEMKKLEEVIKKLEESYIDIKEL,GIGVTQNVLYENQKQIANQFNKAISQIQESLTTTSTALGKLQDVVNQNAQALNTLVKQLSSNFGAISSVLNDILSRLDKVEAEV,0
KMVCGMDGDIAWGDWYGEAFQASVFRIGVKECRFTVGQQERGK,AIASGVAVSKVLHLEGEVNKIKSALLSTNKAVVSLSNGVSVLTSKVLDLKNYIDKQLLPIVNKQSCSISNIETVIEFQQK,0
SLIDQINVTFLDLEYEKKLEEAIKKLESHIDIKELS,DIEKLKEAIRDTNKAVQSVQSSIGNLIVAIKSVQDYVNKEIVPSIARLGCEAAGLQLGIALTQHYSELTNIFG,1
ISGINASVVNIQKEIDRLNEVAKNLNESLIDLKEL,ENQKLIANQFNSAIGKIQDSLSSTASALGKLQNVVNQNAQALNTLVKQLSSNFGAISSVLNDILSR,0
SLIDEQINVTFLDVEYEMLKKLEEAIKKLEELYIDIKEW,TQNVLYENQKLIANQFNSAIGKIQDSLSSTASALGKLQDVVNQNAQALNTLVKQLSSNFGAISSVLNDILSRLDKV,1
KMVCGMDGDIAWGDWYGEAFQASVFRIGVKECRFTVGQQERGK,GIGVTQNVLYENQKQIANQFNKAISQIQESLTTTSTALGKLQDVVNQNAQALNTLVKQLSSNFGAISSVLNDILSRLDKVEAEV,0
DSLIDQFNSTFLDLEYEMKKLEEVIKKLEESYIDIKEL,TQNVLYENQKLIANQFNSAIGKIQDSLSSTASALGKLQDVVNQNAQALNTLVKQLSSNFGAISSVLNDILSRLDKV,0
ISGINASVVNIQKEIDRLNEVAKNLNESLIDLKEL,AINNIVASFSSVNDAITQTAEAIHTVTIALNKIQDVVNQQGSALNHLTSQ,0
SLIDQINVTFLDLEYEKKLEEAIKKLESHIDIKELS,DVLQENQKILAASFNKAMTNIVDAFTGVNDAITQTSQALQTVATALNKIQDVVNQQGNSLNHLTSQLRQNFQAISSSIQAIYDRLDTI,0
SLIDQINVTFLDFEYEMLKKLESAIKKLEELYIKEW,DIEKLKEAIRDTNKAVQSVQSSIGNLIVAIKSVQDYVNKEIVPSIARLGCEAAGLQLGIALTQHYSELTNIFG,1
KMVCGMDGDIAWGDWYGEAFQASVFRIGVKECRFTVGQQERGK,TQNVLYENQKLIANQFNSAIGKIQDSLSSTASALGKLQDVVNQNAQALNTLVKQLSSNFGAISSVLNDILSRLDKV,1
DRLIEQINSTFLDLEYQMKKLEEAIKKLEESYIDIKNL,DIEKLKEAIRDTNKAVQSVQSSIGNLIVAIKSVQDYVNKEIVPSIARLGCEAAGLQLGIALTQHYSELTNIFG,1
ISGINASVVNIQKEIDRLNEVAKNLNESLIDLKEL,AIASGVAVSKVLHLEGEVNKIKSALLSTNKAVVSLSNGVSVLTSKVLDLKNYIDKQLLPIVNKQSCSISNIETVIEFQQK,0
SLIDQINVTFLDLEYEKKLEEAIKKLESHIDIKELS,ITQQVLSENQKLIANKFNQALGAMQTGFTTTNEAFQKVQDAVNNNAQALSKLASELSNTFGAISASIGDIIQRLDVLEQSGGRGG,1
SLIDQINVTFLDFEYEMLKKLESAIKKLEELYIKEW,DVLQENQKILAASFNKAMTNIVDAFTGVNDAITQTSQALQTVATALNKIQDVVNQQGNSLNHLTSQLRQNFQAISSSIQAIYDRLDTI,0
WINQMFLRADFANWEQNNACGICRMAKPRWTVYMECERASAYV,DIEKLKEAIRDTNKAVQSVQSSIGNLIVAIKSVQDYVNKEIVPSIARLGCEAAGLQLGIALTQHYSELTNIFG,1
DRLIEQINSTFLDLEYQMKKLEEAIKKLEESYIDIKNL,DVLQENQKILAASFNKAMTNIVDAFTGVNDAITQTSQALQTVATALNKIQDVVNQQGNSLNHLTSQLRQNFQAISSSIQAIYDRLDTI,0
SLIDQINVTFLDLEYEKKLEEAIKKLESHIDIKELS,ENQKLIANQFNSAIGKIQDSLSSTASALGKLQNVVNQNAQALNTLVKQLSSNFGAISSVLNDILSR,0
ISGINASVVNIQKEIDRLNEVAKNLNESLIDLKEL,GIGVTQNVLYENQKQIANQFNKAISQIQESLTTTSTALGKLQDVVNQNAQALNTLVKQLSSNFGAISSVLNDILSRLDKVEAEV,0
SLIDQINVTFLDFEYEMLKKLESAIKKLEELYIKEW,ITQQVLSENQKLIANKFNQALGAMQTGFTTTNEAFQKVQDAVNNNAQALSKLASELSNTFGAISASIGDIIQRLDVLEQSGGRGG,1
WINQMFLRADFANWEQNNACGICRMAKPRWTVYMECERASAYV,DVLQENQKILAASFNKAMTNIVDAFTGVNDAITQTSQALQTVATALNKIQDVVNQQGNSLNHLTSQLRQNFQAISSSIQAIYDRLDTI,0
SLIDQINVTFLDLEYEKKLEEAIKKLESHIDIKELS,AINNIVASFSSVNDAITQTAEAIHTVTIALNKIQDVVNQQGSALNHLTSQ,1
DRLIEQINSTFLDLEYQMKKLEEAIKKLEESYIDIKNL,ITQQVLSENQKLIANKFNQALGAMQTGFTTTNEAFQKVQDAVNNNAQALSKLASELSNTFGAISASIGDIIQRLDVLEQSGGRGG,0
SLIDQINVTFLDFEYEMLKKLESAIKKLEELYIKEW,ENQKLIANQFNSAIGKIQDSLSSTASALGKLQNVVNQNAQALNTLVKQLSSNFGAISSVLNDILSR,0
ISGINASVVNIQKEIDRLNEVAKNLNESLIDLKEL,TQNVLYENQKLIANQFNSAIGKIQDSLSSTASALGKLQDVVNQNAQALNTLVKQLSSNFGAISSVLNDILSRLDKV,1
DRLIEQINSTFLDLEYQMKKLEEAIKKLEESYIDIKNL,ENQKLIANQFNSAIGKIQDSLSSTASALGKLQNVVNQNAQALNTLVKQLSSNFGAISSVLNDILSR,0
SLIDQINVTFLDFEYEMLKKLESAIKKLEELYIKEW,AINNIVASFSSVNDAITQTAEAIHTVTIALNKIQDVVNQQGSALNHLTSQ,0
WINQMFLRADFANWEQNNACGICRMAKPRWTVYMECERASAYV,ITQQVLSENQKLIANKFNQALGAMQTGFTTTNEAFQKVQDAVNNNAQALSKLASELSNTFGAISASIGDIIQRLDVLEQSGGRGG,0
SLIDQINVTFLDLEYEKKLEEAIKKLESHIDIKELS,AIASGVAVSKVLHLEGEVNKIKSALLSTNKAVVSLSNGVSVLTSKVLDLKNYIDKQLLPIVNKQSCSISNIETVIEFQQK,0
VDLGDISGINASVVNIQKEIDRLNEVAKNLNESLIDLQEL,DIEKLKEAIRDTNKAVQSVQSSIGNLIVAIKSVQDYVNKEIVPSIARLGCEAAGLQLGIALTQHYSELTNIFG,0
DRLIEQINSTFLDLEYQMKKLEEAIKKLEESYIDIKNL,AINNIVASFSSVNDAITQTAEAIHTVTIALNKIQDVVNQQGSALNHLTSQ,0
WINQMFLRADFANWEQNNACGICRMAKPRWTVYMECERASAYV,ENQKLIANQFNSAIGKIQDSLSSTASALGKLQNVVNQNAQALNTLVKQLSSNFGAISSVLNDILSR,0
SLIDQINVTFLDFEYEMLKKLESAIKKLEELYIKEW,AIASGVAVSKVLHLEGEVNKIKSALLSTNKAVVSLSNGVSVLTSKVLDLKNYIDKQLLPIVNKQSCSISNIETVIEFQQK,1
SLIDQINVTFLDLEYEKKLEEAIKKLESHIDIKELS,GIGVTQNVLYENQKQIANQFNKAISQIQESLTTTSTALGKLQDVVNQNAQALNTLVKQLSSNFGAISSVLNDILSRLDKVEAEV,0
VDLGDISGINASVVNIQKEIDRLNEVAKNLNESLIDLQEL,DVLQENQKILAASFNKAMTNIVDAFTGVNDAITQTSQALQTVATALNKIQDVVNQQGNSLNHLTSQLRQNFQAISSSIQAIYDRLDTI,0
WINQMFLRADFANWEQNNACGICRMAKPRWTVYMECERASAYV,AINNIVASFSSVNDAITQTAEAIHTVTIALNKIQDVVNQQGSALNHLTSQ,0
DRLIEQINSTFLDLEYQMKKLEEAIKKLEESYIDIKNL,AIASGVAVSKVLHLEGEVNKIKSALLSTNKAVVSLSNGVSVLTSKVLDLKNYIDKQLLPIVNKQSCSISNIETVIEFQQK,0
SLIDQINVTFLDFEYEMLKKLESAIKKLEELYIKEW,GIGVTQNVLYENQKQIANQFNKAISQIQESLTTTSTALGKLQDVVNQNAQALNTLVKQLSSNFGAISSVLNDILSRLDKVEAEV,0
SLIDQINVTFLDLEYEKKLEEAIKKLESHIDIKELS,TQNVLYENQKLIANQFNSAIGKIQDSLSSTASALGKLQDVVNQNAQALNTLVKQLSSNFGAISSVLNDILSRLDKV,1
VDLGDISGINASVVNIQKEIDRLNEVAKNLNESLIDLQEL,ITQQVLSENQKLIANKFNQALGAMQTGFTTTNEAFQKVQDAVNNNAQALSKLASELSNTFGAISASIGDIIQRLDVLEQSGGRGG,0
WINQMFLRADFANWEQNNACGICRMAKPRWTVYMECERASAYV,AIASGVAVSKVLHLEGEVNKIKSALLSTNKAVVSLSNGVSVLTSKVLDLKNYIDKQLLPIVNKQSCSISNIETVIEFQQK,0
DRLIEQINSTFLDLEYQMKKLEEAIKKLEESYIDIKNL,GIGVTQNVLYENQKQIANQFNKAISQIQESLTTTSTALGKLQDVVNQNAQALNTLVKQLSSNFGAISSVLNDILSRLDKVEAEV,0
SLIDQINVTFLDLEYDKKLEEAIKKLEESHIDIKELS,DIEKLKEAIRDTNKAVQSVQSSIGNLIVAIKSVQDYVNKEIVPSIARLGCEAAGLQLGIALTQHYSELTNIFG,1
SLIDQINVTFLDFEYEMLKKLESAIKKLEELYIKEW,TQNVLYENQKLIANQFNSAIGKIQDSLSSTASALGKLQDVVNQNAQALNTLVKQLSSNFGAISSVLNDILSRLDKV,1
VDLGDISGINASVVNIQKEIDRLNEVAKNLNESLIDLQEL,ENQKLIANQFNSAIGKIQDSLSSTASALGKLQNVVNQNAQALNTLVKQLSSNFGAISSVLNDILSR,0
WINQMFLRADFANWEQNNACGICRMAKPRWTVYMECERASAYV,GIGVTQNVLYENQKQIANQFNKAISQIQESLTTTSTALGKLQDVVNQNAQALNTLVKQLSSNFGAISSVLNDILSRLDKVEAEV,1
DRLIEQINSTFLDLEYQMKKLEEAIKKLEESYIDIKNL,TQNVLYENQKLIANQFNSAIGKIQDSLSSTASALGKLQDVVNQNAQALNTLVKQLSSNFGAISSVLNDILSRLDKV,1
SLIDQINVTFLDLEYDKKLEEAIKKLEESHIDIKELS,DVLQENQKILAASFNKAMTNIVDAFTGVNDAITQTSQALQTVATALNKIQDVVNQQGNSLNHLTSQLRQNFQAISSSIQAIYDRLDTI,0
VDLGDISGINASVVNIQKEIDRLNEVAKNLNESLIDLQEL,AINNIVASFSSVNDAITQTAEAIHTVTIALNKIQDVVNQQGSALNHLTSQ,0
SLIDQINVVFLDFEYEMLKKLEEAIKKLEELYIDIKEW,DIEKLKEAIRDTNKAVQSVQSSIGNLIVAIKSVQDYVNKEIVPSIARLGCEAAGLQLGIALTQHYSELTNIFG,1
WINQMFLRADFANWEQNNACGICRMAKPRWTVYMECERASAYV,TQNVLYENQKLIANQFNSAIGKIQDSLSSTASALGKLQDVVNQNAQALNTLVKQLSSNFGAISSVLNDILSRLDKV,1
DSLIDQLNSTFLDLEYQMKKLEEAIKKLEESYIDIKEL,DIEKLKEAIRDTNKAVQSVQSSIGNLIVAIKSVQDYVNKEIVPSIARLGCEAAGLQLGIALTQHYSELTNIFG,1
SLIDQINVTFLDLEYDKKLEEAIKKLEESHIDIKELS,ITQQVLSENQKLIANKFNQALGAMQTGFTTTNEAFQKVQDAVNNNAQALSKLASELSNTFGAISASIGDIIQRLDVLEQSGGRGG,0
VDLGDISGINASVVNIQKEIDRLNEVAKNLNESLIDLQEL,AIASGVAVSKVLHLEGEVNKIKSALLSTNKAVVSLSNGVSVLTSKVLDLKNYIDKQLLPIVNKQSCSISNIETVIEFQQK,0
SLIDQINVVFLDFEYEMLKKLEEAIKKLEELYIDIKEW,DVLQENQKILAASFNKAMTNIVDAFTGVNDAITQTSQALQTVATALNKIQDVVNQQGNSLNHLTSQLRQNFQAISSSIQAIYDRLDTI,0
FGAVHNHGIFGHTTPTPKKYATVTYRAPGCHQGHTDRNGLMHA,DIEKLKEAIRDTNKAVQSVQSSIGNLIVAIKSVQDYVNKEIVPSIARLGCEAAGLQLGIALTQHYSELTNIFG,0
SLIDQINVTFLDLEYDKKLEEAIKKLEESHIDIKELS,ENQKLIANQFNSAIGKIQDSLSSTASALGKLQNVVNQNAQALNTLVKQLSSNFGAISSVLNDILSR,0
VDLGDISGINASVVNIQKEIDRLNEVAKNLNESLIDLQEL,GIGVTQNVLYENQKQIANQFNKAISQIQESLTTTSTALGKLQDVVNQNAQALNTLVKQLSSNFGAISSVLNDILSRLDKVEAEV,0
DSLIDQLNSTFLDLEYQMKKLEEAIKKLEESYIDIKEL,DVLQENQKILAASFNKAMTNIVDAFTGVNDAITQTSQALQTVATALNKIQDVVNQQGNSLNHLTSQLRQNFQAISSSIQAIYDRLDTI,0
SLIDQINVVFLDFEYEMLKKLEEAIKKLEELYIDIKEW,ITQQVLSENQKLIANKFNQALGAMQTGFTTTNEAFQKVQDAVNNNAQALSKLASELSNTFGAISASIGDIIQRLDVLEQSGGRGG,0
FGAVHNHGIFGHTTPTPKKYATVTYRAPGCHQGHTDRNGLMHA,DVLQENQKILAASFNKAMTNIVDAFTGVNDAITQTSQALQTVATALNKIQDVVNQQGNSLNHLTSQLRQNFQAISSSIQAIYDRLDTI,1
SLIDQINVTFLDLEYDKKLEEAIKKLEESHIDIKELS,AINNIVASFSSVNDAITQTAEAIHTVTIALNKIQDVVNQQGSALNHLTSQ,0
VDLGDISGINASVVNIQKEIDRLNEVAKNLNESLIDLQEL,TQNVLYENQKLIANQFNSAIGKIQDSLSSTASALGKLQDVVNQNAQALNTLVKQLSSNFGAISSVLNDILSRLDKV,1
SLIDQINVVFLDFEYEMLKKLEEAIKKLEELYIDIKEW,ENQKLIANQFNSAIGKIQDSLSSTASALGKLQNVVNQNAQALNTLVKQLSSNFGAISSVLNDILSR,0
DSLIDQLNSTFLDLEYQMKKLEEAIKKLEESYIDIKEL,ITQQVLSENQKLIANKFNQALGAMQTGFTTTNEAFQKVQDAVNNNAQALSKLASELSNTFGAISASIGDIIQRLDVLEQSGGRGG,0
FGAVHNHGIFGHTTPTPKKYATVTYRAPGCHQGHTDRNGLMHA,ITQQVLSENQKLIANKFNQALGAMQTGFTTTNEAFQKVQDAVNNNAQALSKLASELSNTFGAISASIGDIIQRLDVLEQSGGRGG,0
SLIDQINVTFLDLEYDKKLEEAIKKLEESHIDIKELS,AIASGVAVSKVLHLEGEVNKIKSALLSTNKAVVSLSNGVSVLTSKVLDLKNYIDKQLLPIVNKQSCSISNIETVIEFQQK,0
ISGINASYLEIKEEIDRFYEVVKEFNESYFDFKEL,DIEKLKEAIRDTNKAVQSVQSSIGNLIVAIKSVQDYVNKEIVPSIARLGCEAAGLQLGIALTQHYSELTNIFG,0
SLIDQINVVFLDFEYEMLKKLEEAIKKLEELYIDIKEW,AINNIVASFSSVNDAITQTAEAIHTVTIALNKIQDVVNQQGSALNHLTSQ,0
DSLIDQLNSTFLDLEYQMKKLEEAIKKLEESYIDIKEL,ENQKLIANQFNSAIGKIQDSLSSTASALGKLQNVVNQNAQALNTLVKQLSSNFGAISSVLNDILSR,0
FGAVHNHGIFGHTTPTPKKYATVTYRAPGCHQGHTDRNGLMHA,ENQKLIANQFNSAIGKIQDSLSSTASALGKLQNVVNQNAQALNTLVKQLSSNFGAISSVLNDILSR,1
DSLIDQLNSTFLDLEYQMKKLEEAIKKLEESYIDIKEL,AINNIVASFSSVNDAITQTAEAIHTVTIALNKIQDVVNQQGSALNHLTSQ,0
SLIDQINVTFLDLEYDKKLEEAIKKLEESHIDIKELS,GIGVTQNVLYENQKQIANQFNKAISQIQESLTTTSTALGKLQDVVNQNAQALNTLVKQLSSNFGAISSVLNDILSRLDKVEAEV,0
SLIDQINVVFLDFEYEMLKKLEEAIKKLEELYIDIKEW,AIASGVAVSKVLHLEGEVNKIKSALLSTNKAVVSLSNGVSVLTSKVLDLKNYIDKQLLPIVNKQSCSISNIETVIEFQQK,0
FGAVHNHGIFGHTTPTPKKYATVTYRAPGCHQGHTDRNGLMHA,AINNIVASFSSVNDAITQTAEAIHTVTIALNKIQDVVNQQGSALNHLTSQ,0
ISGINASYLEIKEEIDRFYEVVKEFNESYFDFKEL,DVLQENQKILAASFNKAMTNIVDAFTGVNDAITQTSQALQTVATALNKIQDVVNQQGNSLNHLTSQLRQNFQAISSSIQAIYDRLDTI,0
FGAVHNHGIFGHTTPTPKKYATVTYRAPGCHQGHTDRNGLMHA,AIASGVAVSKVLHLEGEVNKIKSALLSTNKAVVSLSNGVSVLTSKVLDLKNYIDKQLLPIVNKQSCSISNIETVIEFQQK,0
SLIDQINVVFLDFEYEMLKKLEEAIKKLEELYIDIKEW,GIGVTQNVLYENQKQIANQFNKAISQIQESLTTTSTALGKLQDVVNQNAQALNTLVKQLSSNFGAISSVLNDILSRLDKVEAEV,0
SLIDQINVTFLDLEYDKKLEEAIKKLEESHIDIKELS,TQNVLYENQKLIANQFNSAIGKIQDSLSSTASALGKLQDVVNQNAQALNTLVKQLSSNFGAISSVLNDILSRLDKV,0
ISGINASYLEIKEEIDRFYEVVKEFNESYFDFKEL,ITQQVLSENQKLIANKFNQALGAMQTGFTTTNEAFQKVQDAVNNNAQALSKLASELSNTFGAISASIGDIIQRLDVLEQSGGRGG,0
DSLIDQLNSTFLDLEYQMKKLEEAIKKLEESYIDIKEL,AIASGVAVSKVLHLEGEVNKIKSALLSTNKAVVSLSNGVSVLTSKVLDLKNYIDKQLLPIVNKQSCSISNIETVIEFQQK,0
SLIDYQINVTFLDLESEKKLEEAIKKLEESHIIKELS,DIEKLKEAIRDTNKAVQSVQSSIGNLIVAIKSVQDYVNKEIVPSIARLGCEAAGLQLGIALTQHYSELTNIFG,1
ISGINASYLEIKEEIDRFYEVVKEFNESYFDFKEL,ENQKLIANQFNSAIGKIQDSLSSTASALGKLQNVVNQNAQALNTLVKQLSSNFGAISSVLNDILSR,0
DSLIDQLNSTFLDLEYQMKKLEEAIKKLEESYIDIKEL,GIGVTQNVLYENQKQIANQFNKAISQIQESLTTTSTALGKLQDVVNQNAQALNTLVKQLSSNFGAISSVLNDILSRLDKVEAEV,0
SLIDQINVVFLDFEYEMLKKLEEAIKKLEELYIDIKEW,TQNVLYENQKLIANQFNSAIGKIQDSLSSTASALGKLQDVVNQNAQALNTLVKQLSSNFGAISSVLNDILSRLDKV,1
FGAVHNHGIFGHTTPTPKKYATVTYRAPGCHQGHTDRNGLMHA,GIGVTQNVLYENQKQIANQFNKAISQIQESLTTTSTALGKLQDVVNQNAQALNTLVKQLSSNFGAISSVLNDILSRLDKVEAEV,0
ISGINASYLEIKEEIDRFYEVVKEFNESYFDFKEL,AINNIVASFSSVNDAITQTAEAIHTVTIALNKIQDVVNQQGSALNHLTSQ,0
SLIDYQINVTFLDLESEKKLEEAIKKLEESHIIKELS,DVLQENQKILAASFNKAMTNIVDAFTGVNDAITQTSQALQTVATALNKIQDVVNQQGNSLNHLTSQLRQNFQAISSSIQAIYDRLDTI,0
SLIDQINVTFLEFEYEMLQKLEEAIKKLEELYIDIKEW,DIEKLKEAIRDTNKAVQSVQSSIGNLIVAIKSVQDYVNKEIVPSIARLGCEAAGLQLGIALTQHYSELTNIFG,1
DSLIDQLNSTFLDLEYQMKKLEEAIKKLEESYIDIKEL,TQNVLYENQKLIANQFNSAIGKIQDSLSSTASALGKLQDVVNQNAQALNTLVKQLSSNFGAISSVLNDILSRLDKV,0
FGAVHNHGIFGHTTPTPKKYATVTYRAPGCHQGHTDRNGLMHA,TQNVLYENQKLIANQFNSAIGKIQDSLSSTASALGKLQDVVNQNAQALNTLVKQLSSNFGAISSVLNDILSRLDKV,1
ISGINASYLEIKEEIDRFYEVVKEFNESYFDFKEL,AIASGVAVSKVLHLEGEVNKIKSALLSTNKAVVSLSNGVSVLTSKVLDLKNYIDKQLLPIVNKQSCSISNIETVIEFQQK,0
SLIDYQINVTFLDLESEKKLEEAIKKLEESHIIKELS,ITQQVLSENQKLIANKFNQALGAMQTGFTTTNEAFQKVQDAVNNNAQALSKLASELSNTFGAISASIGDIIQRLDVLEQSGGRGG,0
SLIDQINVTFLEFEYEMLQKLEEAIKKLEELYIDIKEW,DVLQENQKILAASFNKAMTNIVDAFTGVNDAITQTSQALQTVATALNKIQDVVNQQGNSLNHLTSQLRQNFQAISSSIQAIYDRLDTI,0
SLIDYQINVTFLDLESEKKLEEAIKKLEESHIIKELS,ENQKLIANQFNSAIGKIQDSLSSTASALGKLQNVVNQNAQALNTLVKQLSSNFGAISSVLNDILSR,0
HCCRLFFFCPQRLPSCMWYEDSRMIDEELYKNANVKHAVTQRWS,DIEKLKEAIRDTNKAVQSVQSSIGNLIVAIKSVQDYVNKEIVPSIARLGCEAAGLQLGIALTQHYSELTNIFG,0
ISGINASYLEIKEEIDRFYEVVKEFNESYFDFKEL,GIGVTQNVLYENQKQIANQFNKAISQIQESLTTTSTALGKLQDVVNQNAQALNTLVKQLSSNFGAISSVLNDILSRLDKVEAEV,0
DSLIDQINSTFLDLEYQMKKLAEAIKKLETSYIDIKEPL,DIEKLKEAIRDTNKAVQSVQSSIGNLIVAIKSVQDYVNKEIVPSIARLGCEAAGLQLGIALTQHYSELTNIFG,1
SLIDQINVTFLEFEYEMLQKLEEAIKKLEELYIDIKEW,ITQQVLSENQKLIANKFNQALGAMQTGFTTTNEAFQKVQDAVNNNAQALSKLASELSNTFGAISASIGDIIQRLDVLEQSGGRGG,1
SLIDYQINVTFLDLESEKKLEEAIKKLEESHIIKELS,AINNIVASFSSVNDAITQTAEAIHTVTIALNKIQDVVNQQGSALNHLTSQ,0
DSLIDQINSTFLDLEYQMKKLAEAIKKLETSYIDIKEPL,DVLQENQKILAASFNKAMTNIVDAFTGVNDAITQTSQALQTVATALNKIQDVVNQQGNSLNHLTSQLRQNFQAISSSIQAIYDRLDTI,0
HCCRLFFFCPQRLPSCMWYEDSRMIDEELYKNANVKHAVTQRWS,DVLQENQKILAASFNKAMTNIVDAFTGVNDAITQTSQALQTVATALNKIQDVVNQQGNSLNHLTSQLRQNFQAISSSIQAIYDRLDTI,1
SLIDQINVTFLEFEYEMLQKLEEAIKKLEELYIDIKEW,ENQKLIANQFNSAIGKIQDSLSSTASALGKLQNVVNQNAQALNTLVKQLSSNFGAISSVLNDILSR,0
ISGINASYLEIKEEIDRFYEVVKEFNESYFDFKEL,TQNVLYENQKLIANQFNSAIGKIQDSLSSTASALGKLQDVVNQNAQALNTLVKQLSSNFGAISSVLNDILSRLDKV,1
SLIDYQINVTFLDLESEKKLEEAIKKLEESHIIKELS,AIASGVAVSKVLHLEGEVNKIKSALLSTNKAVVSLSNGVSVLTSKVLDLKNYIDKQLLPIVNKQSCSISNIETVIEFQQK,0
SLIDQINVTFLEFEYEMLQKLEEAIKKLEELYIDIKEW,AINNIVASFSSVNDAITQTAEAIHTVTIALNKIQDVVNQQGSALNHLTSQ,0
SLIDQINVTFLDLEYEMKKLEEAIKKLEESYIDIKEL,DIEKLKEAIRDTNKAVQSVQSSIGNLIVAIKSVQDYVNKEIVPSIARLGCEAAGLQLGIALTQHYSELTNIFG,1
DSLIDQINSTFLDLEYQMKKLAEAIKKLETSYIDIKEPL,ITQQVLSENQKLIANKFNQALGAMQTGFTTTNEAFQKVQDAVNNNAQALSKLASELSNTFGAISASIGDIIQRLDVLEQSGGRGG,0
HCCRLFFFCPQRLPSCMWYEDSRMIDEELYKNANVKHAVTQRWS,ITQQVLSENQKLIANKFNQALGAMQTGFTTTNEAFQKVQDAVNNNAQALSKLASELSNTFGAISASIGDIIQRLDVLEQSGGRGG,1
SLIDYQINVTFLDLESEKKLEEAIKKLEESHIIKELS,GIGVTQNVLYENQKQIANQFNKAISQIQESLTTTSTALGKLQDVVNQNAQALNTLVKQLSSNFGAISSVLNDILSRLDKVEAEV,0
HCCRLFFFCPQRLPSCMWYEDSRMIDEELYKNANVKHAVTQRWS,ENQKLIANQFNSAIGKIQDSLSSTASALGKLQNVVNQNAQALNTLVKQLSSNFGAISSVLNDILSR,1
DSLIDQINSTFLDLEYQMKKLAEAIKKLETSYIDIKEPL,ENQKLIANQFNSAIGKIQDSLSSTASALGKLQNVVNQNAQALNTLVKQLSSNFGAISSVLNDILSR,0
SLIDQINVTFLDLEYEMKKLEEAIKKLEESYIDIKEL,DVLQENQKILAASFNKAMTNIVDAFTGVNDAITQTSQALQTVATALNKIQDVVNQQGNSLNHLTSQLRQNFQAISSSIQAIYDRLDTI,0
SLIDQINVTFLEFEYEMLQKLEEAIKKLEELYIDIKEW,AIASGVAVSKVLHLEGEVNKIKSALLSTNKAVVSLSNGVSVLTSKVLDLKNYIDKQLLPIVNKQSCSISNIETVIEFQQK,0
SLIDYQINVTFLDLESEKKLEEAIKKLEESHIIKELS,TQNVLYENQKLIANQFNSAIGKIQDSLSSTASALGKLQDVVNQNAQALNTLVKQLSSNFGAISSVLNDILSRLDKV,1
HCCRLFFFCPQRLPSCMWYEDSRMIDEELYKNANVKHAVTQRWS,AINNIVASFSSVNDAITQTAEAIHTVTIALNKIQDVVNQQGSALNHLTSQ,1
DSLIDQINSTFLDLEYQMKKLAEAIKKLETSYIDIKEPL,AINNIVASFSSVNDAITQTAEAIHTVTIALNKIQDVVNQQGSALNHLTSQ,1
SLIDHINVFLDLEYEKKLEETIKKLEESHIDIKLS,DIEKLKEAIRDTNKAVQSVQSSIGNLIVAIKSVQDYVNKEIVPSIARLGCEAAGLQLGIALTQHYSELTNIFG,1
SLIDQINVTFLEFEYEMLQKLEEAIKKLEELYIDIKEW,GIGVTQNVLYENQKQIANQFNKAISQIQESLTTTSTALGKLQDVVNQNAQALNTLVKQLSSNFGAISSVLNDILSRLDKVEAEV,0
SLIDQINVTFLDLEYEMKKLEEAIKKLEESYIDIKEL,ITQQVLSENQKLIANKFNQALGAMQTGFTTTNEAFQKVQDAVNNNAQALSKLASELSNTFGAISASIGDIIQRLDVLEQSGGRGG,1
HCCRLFFFCPQRLPSCMWYEDSRMIDEELYKNANVKHAVTQRWS,AIASGVAVSKVLHLEGEVNKIKSALLSTNKAVVSLSNGVSVLTSKVLDLKNYIDKQLLPIVNKQSCSISNIETVIEFQQK,0
DSLIDQINSTFLDLEYQMKKLAEAIKKLETSYIDIKEPL,AIASGVAVSKVLHLEGEVNKIKSALLSTNKAVVSLSNGVSVLTSKVLDLKNYIDKQLLPIVNKQSCSISNIETVIEFQQK,0
SLIDHINVFLDLEYEKKLEETIKKLEESHIDIKLS,DVLQENQKILAASFNKAMTNIVDAFTGVNDAITQTSQALQTVATALNKIQDVVNQQGNSLNHLTSQLRQNFQAISSSIQAIYDRLDTI,0
SLIDQINVTFLDLEYEMKKLEEAIKKLEESYIDIKEL,ENQKLIANQFNSAIGKIQDSLSSTASALGKLQNVVNQNAQALNTLVKQLSSNFGAISSVLNDILSR,0
SLIDQINVTFLEFEYEMLQKLEEAIKKLEELYIDIKEW,TQNVLYENQKLIANQFNSAIGKIQDSLSSTASALGKLQDVVNQNAQALNTLVKQLSSNFGAISSVLNDILSRLDKV,1
SLIDQINVTFLDLEYEMKKLEEAIKKLEESYIDIKEL,AINNIVASFSSVNDAITQTAEAIHTVTIALNKIQDVVNQQGSALNHLTSQ,0
SLIDQINVTFLDFEYEMLKKLEEAIKKLEELYKIDIKEW,DIEKLKEAIRDTNKAVQSVQSSIGNLIVAIKSVQDYVNKEIVPSIARLGCEAAGLQLGIALTQHYSELTNIFG,1
DSLIDQINSTFLDLEYQMKKLAEAIKKLETSYIDIKEPL,GIGVTQNVLYENQKQIANQFNKAISQIQESLTTTSTALGKLQDVVNQNAQALNTLVKQLSSNFGAISSVLNDILSRLDKVEAEV,0
HCCRLFFFCPQRLPSCMWYEDSRMIDEELYKNANVKHAVTQRWS,GIGVTQNVLYENQKQIANQFNKAISQIQESLTTTSTALGKLQDVVNQNAQALNTLVKQLSSNFGAISSVLNDILSRLDKVEAEV,1
SLIDHINVFLDLEYEKKLEETIKKLEESHIDIKLS,ITQQVLSENQKLIANKFNQALGAMQTGFTTTNEAFQKVQDAVNNNAQALSKLASELSNTFGAISASIGDIIQRLDVLEQSGGRGG,1
SLIDQINVTFLDLEYEMKKLEEAIKKLEESYIDIKEL,AIASGVAVSKVLHLEGEVNKIKSALLSTNKAVVSLSNGVSVLTSKVLDLKNYIDKQLLPIVNKQSCSISNIETVIEFQQK,0
SLIDHINVFLDLEYEKKLEETIKKLEESHIDIKLS,ENQKLIANQFNSAIGKIQDSLSSTASALGKLQNVVNQNAQALNTLVKQLSSNFGAISSVLNDILSR,0
SLIDQINVTFLDFEYEMLKKLEEAIKKLEELYKIDIKEW,DVLQENQKILAASFNKAMTNIVDAFTGVNDAITQTSQALQTVATALNKIQDVVNQQGNSLNHLTSQLRQNFQAISSSIQAIYDRLDTI,0
DSLIDQINSTFLDLEYQMKKLAEAIKKLETSYIDIKEPL,TQNVLYENQKLIANQFNSAIGKIQDSLSSTASALGKLQDVVNQNAQALNTLVKQLSSNFGAISSVLNDILSRLDKV,0
HCCRLFFFCPQRLPSCMWYEDSRMIDEELYKNANVKHAVTQRWS,TQNVLYENQKLIANQFNSAIGKIQDSLSSTASALGKLQDVVNQNAQALNTLVKQLSSNFGAISSVLNDILSRLDKV,1
SLIDHINVFLDLEYEKKLEETIKKLEESHIDIKLS,AINNIVASFSSVNDAITQTAEAIHTVTIALNKIQDVVNQQGSALNHLTSQ,0
SLIDQINVTFLDLEYEMKKLEEAIKKLEESYIDIKEL,GIGVTQNVLYENQKQIANQFNKAISQIQESLTTTSTALGKLQDVVNQNAQALNTLVKQLSSNFGAISSVLNDILSRLDKVEAEV,0
IGVKDVMLHNTCEWSSVPHQVIWRWFVFHDCWMCVFGKVVKAQN,DIEKLKEAIRDTNKAVQSVQSSIGNLIVAIKSVQDYVNKEIVPSIARLGCEAAGLQLGIALTQHYSELTNIFG,0
DSLPIDQINSTFLDLEYQMKKLEEAIKKLEESYIDIKEL,DIEKLKEAIRDTNKAVQSVQSSIGNLIVAIKSVQDYVNKEIVPSIARLGCEAAGLQLGIALTQHYSELTNIFG,1
SLIDQINVTFLDFEYEMLKKLEEAIKKLEELYKIDIKEW,ITQQVLSENQKLIANKFNQALGAMQTGFTTTNEAFQKVQDAVNNNAQALSKLASELSNTFGAISASIGDIIQRLDVLEQSGGRGG,1
SLIDHINVFLDLEYEKKLEETIKKLEESHIDIKLS,AIASGVAVSKVLHLEGEVNKIKSALLSTNKAVVSLSNGVSVLTSKVLDLKNYIDKQLLPIVNKQSCSISNIETVIEFQQK,0
SLIDQINVTFLDLEYEMKKLEEAIKKLEESYIDIKEL,TQNVLYENQKLIANQFNSAIGKIQDSLSSTASALGKLQDVVNQNAQALNTLVKQLSSNFGAISSVLNDILSRLDKV,0
SLIDQINVTFLDFEYEMLKKLEEAIKKLEELYKIDIKEW,ENQKLIANQFNSAIGKIQDSLSSTASALGKLQNVVNQNAQALNTLVKQLSSNFGAISSVLNDILSR,0
IGVKDVMLHNTCEWSSVPHQVIWRWFVFHDCWMCVFGKVVKAQN,DVLQENQKILAASFNKAMTNIVDAFTGVNDAITQTSQALQTVATALNKIQDVVNQQGNSLNHLTSQLRQNFQAISSSIQAIYDRLDTI,1
DSLPIDQINSTFLDLEYQMKKLEEAIKKLEESYIDIKEL,DVLQENQKILAASFNKAMTNIVDAFTGVNDAITQTSQALQTVATALNKIQDVVNQQGNSLNHLTSQLRQNFQAISSSIQAIYDRLDTI,0
SIYWIKEDCQFFVPGPQWRYNHCGYWAFRQQLGHQWVKPIF,DIEKLKEAIRDTNKAVQSVQSSIGNLIVAIKSVQDYVNKEIVPSIARLGCEAAGLQLGIALTQHYSELTNIFG,1
SLIDHINVFLDLEYEKKLEETIKKLEESHIDIKLS,GIGVTQNVLYENQKQIANQFNKAISQIQESLTTTSTALGKLQDVVNQNAQALNTLVKQLSSNFGAISSVLNDILSRLDKVEAEV,0
SLIDQINVTFLDFEYEMLKKLEEAIKKLEELYKIDIKEW,AINNIVASFSSVNDAITQTAEAIHTVTIALNKIQDVVNQQGSALNHLTSQ,0
DSLPIDQINSTFLDLEYQMKKLEEAIKKLEESYIDIKEL,ITQQVLSENQKLIANKFNQALGAMQTGFTTTNEAFQKVQDAVNNNAQALSKLASELSNTFGAISASIGDIIQRLDVLEQSGGRGG,0
SLIDQINVTFLDFEYEMLKKLEEAIKKLEELYKIDIKEW,AIASGVAVSKVLHLEGEVNKIKSALLSTNKAVVSLSNGVSVLTSKVLDLKNYIDKQLLPIVNKQSCSISNIETVIEFQQK,0
IGVKDVMLHNTCEWSSVPHQVIWRWFVFHDCWMCVFGKVVKAQN,ITQQVLSENQKLIANKFNQALGAMQTGFTTTNEAFQKVQDAVNNNAQALSKLASELSNTFGAISASIGDIIQRLDVLEQSGGRGG,1
SIYWIKEDCQFFVPGPQWRYNHCGYWAFRQQLGHQWVKPIF,DVLQENQKILAASFNKAMTNIVDAFTGVNDAITQTSQALQTVATALNKIQDVVNQQGNSLNHLTSQLRQNFQAISSSIQAIYDRLDTI,1
SLIDHINVFLDLEYEKKLEETIKKLEESHIDIKLS,TQNVLYENQKLIANQFNSAIGKIQDSLSSTASALGKLQDVVNQNAQALNTLVKQLSSNFGAISSVLNDILSRLDKV,1
DSLPIDQINSTFLDLEYQMKKLEEAIKKLEESYIDIKEL,ENQKLIANQFNSAIGKIQDSLSSTASALGKLQNVVNQNAQALNTLVKQLSSNFGAISSVLNDILSR,0
SLIDHINVTFLDLEYEKKLEEAIKKLKESHIDIKLS,DIEKLKEAIRDTNKAVQSVQSSIGNLIVAIKSVQDYVNKEIVPSIARLGCEAAGLQLGIALTQHYSELTNIFG,0
IGVKDVMLHNTCEWSSVPHQVIWRWFVFHDCWMCVFGKVVKAQN,ENQKLIANQFNSAIGKIQDSLSSTASALGKLQNVVNQNAQALNTLVKQLSSNFGAISSVLNDILSR,0
SLIDQINVTFLDFEYEMLKKLEEAIKKLEELYKIDIKEW,GIGVTQNVLYENQKQIANQFNKAISQIQESLTTTSTALGKLQDVVNQNAQALNTLVKQLSSNFGAISSVLNDILSRLDKVEAEV,0
DSLPIDQINSTFLDLEYQMKKLEEAIKKLEESYIDIKEL,AINNIVASFSSVNDAITQTAEAIHTVTIALNKIQDVVNQQGSALNHLTSQ,0
SIYWIKEDCQFFVPGPQWRYNHCGYWAFRQQLGHQWVKPIF,ITQQVLSENQKLIANKFNQALGAMQTGFTTTNEAFQKVQDAVNNNAQALSKLASELSNTFGAISASIGDIIQRLDVLEQSGGRGG,1
IGVKDVMLHNTCEWSSVPHQVIWRWFVFHDCWMCVFGKVVKAQN,AINNIVASFSSVNDAITQTAEAIHTVTIALNKIQDVVNQQGSALNHLTSQ,0
SIYWIKEDCQFFVPGPQWRYNHCGYWAFRQQLGHQWVKPIF,ENQKLIANQFNSAIGKIQDSLSSTASALGKLQNVVNQNAQALNTLVKQLSSNFGAISSVLNDILSR,0
SLIDHINVTFLDLEYEKKLEEAIKKLKESHIDIKLS,DVLQENQKILAASFNKAMTNIVDAFTGVNDAITQTSQALQTVATALNKIQDVVNQQGNSLNHLTSQLRQNFQAISSSIQAIYDRLDTI,0
SLIDQINVTFLDFEYEMLKKLEEAIKKLEELYKIDIKEW,TQNVLYENQKLIANQFNSAIGKIQDSLSSTASALGKLQDVVNQNAQALNTLVKQLSSNFGAISSVLNDILSRLDKV,1
DSLPIDQINSTFLDLEYQMKKLEEAIKKLEESYIDIKEL,AIASGVAVSKVLHLEGEVNKIKSALLSTNKAVVSLSNGVSVLTSKVLDLKNYIDKQLLPIVNKQSCSISNIETVIEFQQK,0
IGVKDVMLHNTCEWSSVPHQVIWRWFVFHDCWMCVFGKVVKAQN,AIASGVAVSKVLHLEGEVNKIKSALLSTNKAVVSLSNGVSVLTSKVLDLKNYIDKQLLPIVNKQSCSISNIETVIEFQQK,1
SIYWIKEDCQFFVPGPQWRYNHCGYWAFRQQLGHQWVKPIF,AINNIVASFSSVNDAITQTAEAIHTVTIALNKIQDVVNQQGSALNHLTSQ,0
SLIDQINVTFLDFEYEMLKKLEEAIKKLELYIDIKEW,DIEKLKEAIRDTNKAVQSVQSSIGNLIVAIKSVQDYVNKEIVPSIARLGCEAAGLQLGIALTQHYSELTNIFG,1
SLIDHINVTFLDLEYEKKLEEAIKKLKESHIDIKLS,ITQQVLSENQKLIANKFNQALGAMQTGFTTTNEAFQKVQDAVNNNAQALSKLASELSNTFGAISASIGDIIQRLDVLEQSGGRGG,0
DSLPIDQINSTFLDLEYQMKKLEEAIKKLEESYIDIKEL,GIGVTQNVLYENQKQIANQFNKAISQIQESLTTTSTALGKLQDVVNQNAQALNTLVKQLSSNFGAISSVLNDILSRLDKVEAEV,1
IGVKDVMLHNTCEWSSVPHQVIWRWFVFHDCWMCVFGKVVKAQN,GIGVTQNVLYENQKQIANQFNKAISQIQESLTTTSTALGKLQDVVNQNAQALNTLVKQLSSNFGAISSVLNDILSRLDKVEAEV,0
SIYWIKEDCQFFVPGPQWRYNHCGYWAFRQQLGHQWVKPIF,AIASGVAVSKVLHLEGEVNKIKSALLSTNKAVVSLSNGVSVLTSKVLDLKNYIDKQLLPIVNKQSCSISNIETVIEFQQK,0
SLIDHINVTFLDLEYEKKLEEAIKKLKESHIDIKLS,ENQKLIANQFNSAIGKIQDSLSSTASALGKLQNVVNQNAQALNTLVKQLSSNFGAISSVLNDILSR,0
SLIDQINVTFLDFEYEMLKKLEEAIKKLELYIDIKEW,DVLQENQKILAASFNKAMTNIVDAFTGVNDAITQTSQALQTVATALNKIQDVVNQQGNSLNHLTSQLRQNFQAISSSIQAIYDRLDTI,0
IGVKDVMLHNTCEWSSVPHQVIWRWFVFHDCWMCVFGKVVKAQN,TQNVLYENQKLIANQFNSAIGKIQDSLSSTASALGKLQDVVNQNAQALNTLVKQLSSNFGAISSVLNDILSRLDKV,1
DSLPIDQINSTFLDLEYQMKKLEEAIKKLEESYIDIKEL,TQNVLYENQKLIANQFNSAIGKIQDSLSSTASALGKLQDVVNQNAQALNTLVKQLSSNFGAISSVLNDILSRLDKV,1
SIYWIKEDCQFFVPGPQWRYNHCGYWAFRQQLGHQWVKPIF,GIGVTQNVLYENQKQIANQFNKAISQIQESLTTTSTALGKLQDVVNQNAQALNTLVKQLSSNFGAISSVLNDILSRLDKVEAEV,1
SLIDHINVTFLDLEYEKKLEEAIKKLKESHIDIKLS,AINNIVASFSSVNDAITQTAEAIHTVTIALNKIQDVVNQQGSALNHLTSQ,0
SLIDQINVTFLDFEYEMLKKLEEAIKKLELYIDIKEW,ITQQVLSENQKLIANKFNQALGAMQTGFTTTNEAFQKVQDAVNNNAQALSKLASELSNTFGAISASIGDIIQRLDVLEQSGGRGG,1
SIYWIKEDCQFFVPGPQWRYNHCGYWAFRQQLGHQWVKPIF,TQNVLYENQKLIANQFNSAIGKIQDSLSSTASALGKLQDVVNQNAQALNTLVKQLSSNFGAISSVLNDILSRLDKV,1
SLIDHINVTFLDLEYEKKLEEAIKKLKESHIDIKLS,AIASGVAVSKVLHLEGEVNKIKSALLSTNKAVVSLSNGVSVLTSKVLDLKNYIDKQLLPIVNKQSCSISNIETVIEFQQK,0
LDASNQCVQNNECCMWRWDHHEQPFNLEQRRVGHVTFWFSCTVV,DIEKLKEAIRDTNKAVQSVQSSIGNLIVAIKSVQDYVNKEIVPSIARLGCEAAGLQLGIALTQHYSELTNIFG,1
DSLIDQINSTPLDLEYQMKKLEEAIKKLEESYIDIKEGL,DIEKLKEAIRDTNKAVQSVQSSIGNLIVAIKSVQDYVNKEIVPSIARLGCEAAGLQLGIALTQHYSELTNIFG,1
SLIDQINVTFLDFEYEMLKKLEEAIKKLELYIDIKEW,ENQKLIANQFNSAIGKIQDSLSSTASALGKLQNVVNQNAQALNTLVKQLSSNFGAISSVLNDILSR,0
PEYSIINFRDMKMIVQTAKNLTNCCALHCIVERNFSDHSMH,DIEKLKEAIRDTNKAVQSVQSSIGNLIVAIKSVQDYVNKEIVPSIARLGCEAAGLQLGIALTQHYSELTNIFG,0
SLIDQINVTFLDFEYEMLKKLEEAIKKLELYIDIKEW,AINNIVASFSSVNDAITQTAEAIHTVTIALNKIQDVVNQQGSALNHLTSQ,1
DSLIDQINSTPLDLEYQMKKLEEAIKKLEESYIDIKEGL,DVLQENQKILAASFNKAMTNIVDAFTGVNDAITQTSQALQTVATALNKIQDVVNQQGNSLNHLTSQLRQNFQAISSSIQAIYDRLDTI,0
LDASNQCVQNNECCMWRWDHHEQPFNLEQRRVGHVTFWFSCTVV,DVLQENQKILAASFNKAMTNIVDAFTGVNDAITQTSQALQTVATALNKIQDVVNQQGNSLNHLTSQLRQNFQAISSSIQAIYDRLDTI,0
SLIDHINVTFLDLEYEKKLEEAIKKLKESHIDIKLS,GIGVTQNVLYENQKQIANQFNKAISQIQESLTTTSTALGKLQDVVNQNAQALNTLVKQLSSNFGAISSVLNDILSRLDKVEAEV,0
