name,sequence,parent,pair
seq0,JTXVOZOCAZJFBCVOUQURNDCTEYJHXDJYKPMIAIMLODAGBBJTQORMXAQWEZYUTKFLTWXQCOCLRWTRRDNUVNDGODSBXHLGSSTHVEMR,,
seq1,JQBEWCKOBWBNQNDBZMSOYDAMYVOOTZWHNAPOSCZAGLLQBSXSUVXYRGVURLKDUZJIRELQHQCVWOWXRGCRGMISJAYDPUSTFYFUCSVU,,
seq2,NAUAUCIVZSIFPLOZFCUIWSHLYDPPDCNKZTYPIAIAOXDOTRTVCILQLDIYTJFUHRWQLCLOWLVBVAJGTTBANIWMBXHIELOZFNNCLBCZ,,
seq3,CHADJPUFVKWLRZSINRDJFFVDDGUIYGIUQMSIHHJLEQXZLPFXRFLUMBCQKNDDASMIPRLEIEFFHTKPEVHVEJOIMGMQXYZGLUZWSYUJ,,
seq4,BVMUKOWLBNPXQUEKRYVTKRQQKFVJBPBRWVEIVDCSWTGIOZTAORWJBOJLZOXDNMOAQHHKGTXULNORKDHFPCCVRDQMIEAGRRMGQWRR,,
seq5,UFMNXQFPNCZCUVETQZIWVGAKOOHYRNDFBHZAHOXXCUIYYWOIHGBBJKSBESFMGPAFSOITLHTIVXVEQZJMSMKTVHVPFFCYVXFNENMK,,
seq6,MNYQOUPCSDBSIBQJVOHKMMGRKIZFZAEDWWWTSQYPEBSHHHASIJFYRVEPIHEKBYDOYSVQNWMCPDJTXIGUPDTPBGSUUSTEXEZAZURR,,
seq7,TNDNFWTAQCJFIMXIHGFFPMDOFXCLKZRMAOVTCWVPGCYXIZHMBOZHLMBDKQGENYPIADNBOEVPJOKLDJIRIXSIJWNBZHCVKPHMHMQP,,
seq8,EJPLRKHDXJOTOJRBIQIEKGTIXHTPVPJPEZDLWBTLTLKIFVYPAEFTWYNQZKJFXUJNQQDODGPAAGPSSXTEQLYLTDUOJWOFVCAJCPPU,,
seq9,HXFYMPZYHDRHOXUXZLZAAHZIMAPATRMXRNWPCLIEYFHQWRLTGFTWZTSXROCPUOOFKBLPBLHPVMEEMJVETRIEQXQGGCKZAKYRLZJZ,,
seq10,QXAGWHRNCJDXJIKYWZVBNBHMAYINCBVHOBCLVHCMRWRTLVVLSHYJOAHGIZNJGKYOZBOXKOIUKKISHXMYQLZOEUWTGVLCKBUQMKXB,,
seq11,TAJPFROHJLVHHCSELVWBGDOUEBADNDBHQEVMWDHXAYYQWRBNKBQOSVRYYSSHYJJCXIIZISTDXKCVECEOXMBVMVAWFKRVMWZAFZPJ,,
seq12,HOFMLPPURKBOSECMQRTRPLBHFMZCKYXSLLUUMCBFVXVGEHYKWRMJBBDYCZMCRVYJHQZIOULVNMDUDOFEVAQRRWIYFDKJURWGWBAZ,,
seq13,AIGOGRQMLOZSUUEAYJJTUGVRAGVFOKYXDLEOSZDPVKESPRNPLPHGYPPSQJBTRETTBVBKJTVYPTMTIVJBQYRSGCHTHFJJRSRBZDZB,,
seq14,LRTWCOBMHGBXFXLWBYVTRYBIFJPQZMYLQDVVKVMWXGPITQARROCRWMEJAWCNMPZIOPEPRWSNPWUYOPUUJSZPZONYEWLGUSQQRCNV,,
seq15,JAZJXISEUMVOPCDNKZAJLGPAFHLAFLJBZSNOVCLSWEGCMLXRBOVROQZJCKUOFHLBBKBVRNRXRZPSVTQFMQXUNXXFJFRQBVCOWSMA,,
seq16,MNFTJKYHWCPBOYKNKRJMOVYKLIFDZZFVVDUVHMZGMKABZXRKDURVPXLIMZXJVNLLEAGMKSADGJGMKEJRHCPNYKOEOTYOLIGVJEJL,,
seq17,DKCANROTNLJWCVSWOCEHMTYICTMMIPYTAHXWXHZAKWWWYXCPHAXXKTSGXJACUKZAESWMBNPXXFFFBTQSVKQSUFYEYJJSJHOMCMAO,,
seq18,CNXLRVHHGHURLGWOUGRWPKOSENUGXSKWOXDZNIZOSZPTPTKVRWHURYVSPLYBCRWRDADBXFINTKPHWVXBKJWNWVSMUQLUQOMSAMMF,,
seq19,LVRMYJQWAXHBQJLNKGDKDGGPPSJPFXBSNFRSGXVZZQEJULOZIIDSCVWTUCIDZTAGJGYSNPRESSXZFYSRADNSRIONNUTEHJBUZHSF,,
seq20,NXCSONLQGEHDWKBUCMBLVVKXMQHTQCCUUHJCXIIZNBSDNERGJZAKKTJJDITMCWUFWXSUEDQCFRCRJIOZWFOEWBWDAUVYANNKMSSS,,
seq21,JOQRVBTLMGXUJINQBMCMHPAFEJKAJSITMJLUCYDGDVCDKYXXSIOOFHHVOJJRDCOBSBPNICFIXUVJHYEDMWJOTPWHXTOATLOGSEPJ,,
seq22,FIHNTPDROKHCPEPHMXBKEXPUIIEDEYPBDXKHKAVHUKSZOOODAKJFZWKEAZBNORSFQOGOMGIEXSNGNRDLJWYEJWPOUHSPMAPAHEQL,,
seq23,GNOVKXLGVQJWBRBXZCTBDGBRQJEFHQGBDCDPHBUIZXDBDZZSJPZXDJXNEZGRZXBBTHFRKRPAXJZFSNTTZGZDEWEEQVQPHBKBEFFG,,
seq24,APQLGFUFOUNNFGKYGHXGBQUQKHZKWAIXHANBLJQCGWSVVUWSNDJIUILBJMQLXTEKNMSCULBAVSEAFNMIZUHYAMIAUEHMBUCZGCMM,,
seq25,BRFLOVJGOWSLSEPYWXEDIWDLQQCWSXOUZRWWRIZVRKWLCCOQYZPAHYFTYMYFZMDGNQORCYFOYTWESEGQTFIZUJWMFVSQDLWLRTOV,,
seq26,EIONVHCCWGJBAUFGFJSKKXDYFTXKTLDXTXCQUBWKSYUSKOTWTUNAQGMQLSSJEWBZJYFCEYXHHZVJCDIFMHMYRACMADLBEPWVHUUJ,,
seq27,RBMFXIAAUQOVZLHCQKWBCWXVICVXSQYYAFIJNKVDJWOTAJRQGHNCADBHBLMYRGWWGQKJMCJBOGTQWJMEGLJPPYZQGMBOSBXRHYRC,,
seq28,ZJCYIUXWZREKGBEGMDDRFCKYEBPMEOOZXJLLIHGFKDNCIBGDWHWLXBWTOAQHCQTPPTBUHPJQMGSMPLWEOYJPODARPVQAYVWBJAWY,,
seq29,ZHCOYZXTVMMHMEONDJKUHYYZSHVABWRHNXSPNNXOOSXBYPFDVNGDIDPEZCGRGJUCBEGDZPLRPHMNZIANFDKVDHYATSFPIPHRHIQJ,,
seq30,NBJFUHEIPOCPFKAIMEGIMOSMDOGSTOLXGDMUECAJEINGXWDWEWSSXLHIMNRPCACOLOGWDRVDROKAIBXXXPCPSZLPNLLBYKDZCNWR,,
seq31,ZOUZUWIWCIGMOIKFLSJXEHMFTACPBFGXMDDHLKFEHQDRYOURQHWPCBRCYZCNQMILTYESNWZWZXMPPZEHHLNOTSBTTYKZBPKFFHLV,,
seq32,QMLHUFOSNUOSYGYDRIJAEVTWXGOPTOFVDJEIQKGLUQAXWFJEOKEWHVNCWLTYXVMVSXMRXRHIUGLUMWHRUVYYVRRFVIZNCSKWORZW,,
seq33,MGUULVZIAQULBGHYRMHZGPIZEOUATBIBGXGCFMFIUQKZCOZONGSPRVXYXYVCACOZXKXVTOHHHOIKFYQUXHXQDZFQLUBRRQSHFXFN,,
seq34,POMFQCMMVBGYYDIFCQUFVGYWSLAPXFMELUUNQIMQMNLIMDUDTNZLHSRPSKPVMBBQJYDAZVNCCWAWEPFVWMJXKVHXUUYMNZCEZYHS,,
seq35,MBBHDRHIRZHJHXKCDQQQGMGPRAGIWCEGPVCORJQBPWASHSPRQLKPLSPXZOUOCBPGUASICWWSARJBBMPZLNQWXDSFNQDIHTPGEZZG,,
seq36,CRGJRXYQNANQEQOXXFAXSTLKWVBNQTBLUHSDJTJUQQHQADFUWZDQDVVLRTRNCRAGWCQYKKQXFZTKQHGBYZKIDUZOHFDPNVEFLKQF,,
seq37,MCTPZQTYMUGIMOXXKNXIUCHBCYTUVMCPGZPGFQARFHLQLQMZWEZMGEEQOTCKQAICRBUDGJVKCOJUKRRADTUMLGGKYKPTJDAUJRZF,,
seq38,FELOXDMJHBRJVOMPADTYJQIPOZPFLYQMCPHJXQCIJLMEUKXQQSTFZZWQQDDBNTINNJLFZSNQIMGIYSNIRTIAREVXBPWJLLUKABRU,,
seq39,GWAHMYIVHLAJHZEUFABEBURONIEJEMVTWBDLVFLWDIWJCTSAJXWDLVQAULFVPGPJLDIGMZYHZWBXPPNLQSKWIKLDXUKJBZLIKWFX,,
seq40,PBNEPSMOBHRVDFTQXALGESYAKXQQGOBWIZHANJOMGZIHTQDKXPMCPQWQMCCIRESZWEQUMSZUSRYSLUVZSDTWGTZNWYRALVBJASVP,,
seq41,BXYXAEQXRTDZWTYAKJFEEDDZVUGLJIMASMFJWHKUXSAENDDCOTZXSFXLACBMFNNAUNEIYWLVTYRHYXOQKMDMSPHEFQIJWWXCVPLN,,
seq42,FHGISHFGRTDZZFRJCXXFEPGWXMTWYFJNDRKTCORIHRPJSPLJFHFRKJTXZEUZIPNTLDHGSNRCGXCJXQPSBXANZEOYQPKVJSWYRTIY,,
seq43,SEYDIWHPEZOKYRHCZIDCBHJNANWBEUHCTTSXEDMTQTCRDDAHGRHSTAMLRCDUPYOVXZMRLRKNXNDDBNBDYHRNXKVSQGDTCZIVBWMP,,
seq44,IXXYAPLOSTMSPSGFVCFFVTRNHWPEHUSZYVIFQUXSSWWHLWQDTPOKXETLUYNYDJOMJKSAGHUEGIHEBKRZAIAFZYQQYPZXYNIEHHVX,,
seq45,TFACKJEFKSUUKEWMKDVLOWCATFTVIRBOJVENDGMOVYAXXZMGVSIPKONSBIROGZQQUSMMMJMNXQQWMIJTLYTYWERWMRQWRXVBXEBG,,
seq46,YPSYKPEEKIGUMBSERNQRRJXSZDUCDSWGVCKDKJURGFUGRYEQXRFRIFBECDNUTJDUTWDTDSCUTXNPCSCGCIIESHHPOFPSQHNDCTJA,,
seq47,BPNYSCAXMDTVQVGIGWHVIPAKJJWZUFDEIYQPWKUOCELMUVHLDWFAMANSDAYZBLRPPOJEXEZZFTXMJOKRSPFJPPCYYTBXMHVUKQVL,,
seq48,SRSTOEIUUCTTVVGDKXDDGTFCOPHXFPZNJTRRANVENLPWFSVXKCQQKFYXJAXTRPSLXIOETIUJTQHRQFJUBULVIBFNBRLSAQDZSLSK,,
seq49,ZEOOPZYGMSLZLIGGWDRKWXZUXPUVHXOYZJTSXZCUUIQBTDPGTCHMPJUEKKVLEIMEYDOKJNNSNZPVTJXWUQEBBWKXAUZEZVDSHYRZ,,
seq50,GIAODIVCXVEVQYUSRIQHIXZXATDWJAEIBYDAWAFRHWELFLKQOXJBURFVPVAOFYHXTSQQMYSQVIAAIWBAEIGGTDQNRMTUOZXRVGYE,,
seq51,VYCWEXCBVCWKEAGZFIFHIWGUWGFNTQYYLQNUFEOZGOGGGANTRMZIVAZPFBKAXOBCWZTRNFWCZFWDOOEESLUKQEVDZGWFDORAHDBD,,
seq52,RTYLCPJWJRRBOIRRIFSPSAOSLWXDKDAALUXCNYAJUAOJAFBITVIWEQOIFUCGFYHEQCQZSVXMYGRKNVTMSYPCPMFILNAKYMHQHCQX,,
seq53,NOSDBQAPNJLIBQFCCQWPDXTXLUITWJPRFUHGQDVFEJLOFNEMQVGCTOFCXHKSCWGJQBIWKRPXCOLLJVOQPXTBHNFDSPTVTHBIOZLL,,
seq54,VDQDQLPIIAKQHNCQRUTDQATBIBUDIQGQNKCICFERLGCWMSOIQKRFAERFCUIFPQGKRGCDIPNSKHXOOTLPUFWXUSRFZBGEDLGQOMES,,
seq55,LCXWBIQXOKJCZCAWXGUWWPDUOLGOJYOYWGVEXHGECAVEBCQLVFNFPTAHDEKSMDWRDBPFSKBTMBXKCPIMSFGTFXJEVAPYANMDIDLG,,
seq56,VVSMOGDXGJUAVHNPIFXMXICVIQKRIECCOKGKDQDKHCESAPXXZJYTLGUXAWIXWMZLMWRAKUCJNSOJNABDSXEGUOKGDERVLXVRKJCS,,
seq57,FOENJPRVCSPCRVJIPQPIWLHTDBTZNVOKLWVWZVMMLFLMTSRITRNHLOIXCLCIEZZJZJPBEWZFPZHMAVGVMSXODRYAFBNALEWKXGAE,,
seq58,GOUVXPXTPIYRXYANQUNTDGONMISUDFIOMLRVHWMPYLZTPCUXRFAKVEODOAAFRIJRBOXZDIMFGZRDUHMQTFJOIZBRKFVRXWTTDCLU,,
seq59,QSOVYUEDBBLHWIUZJVPPPAJTFAFIEUHRHFMABKVNBRJSRGSVJBJNQWVYBIKPJVCPTWKUEGGQRUXICNNBWVPCLLFPFCEVIORUIBRD,,
seq60,ZJOTVEAZPHIWQGMMWMODRNXKLLTCXCLFOCDTUPSJJPKEBTWJNFXESLENJOUDTMVDXGQTGGAYUPJDVTVEKQPASBFNLSIRPTAPAXJL,,
seq61,QEGHJZERFCJOZUYHPPXHGZWNQCIXVWJMXOGZFZOIJYQPTONVGPYMEKIMDRWROWLRVKGOZSRHCKGUDQDZROEIJMESIFJLTFXWCZKC,,
seq62,HEHNJPYMLHOXHCJIYTXBDSQKHIEJZVYZQTTXPQJICSVRCDUFKJGHTCMGZRILYCVKHTUNUZFMFHWAHAYVLVKBVTEZUTPSMRPKZTDM,,
seq63,EIIZXOJIBRJSWKCVADKDORDAOMGAGBJEKRWWUDJYPCIGALQVSGCLDVXOUYUDGFBCARFWFGJNNEJXZTSHOZJCSEYJAKSBMJEHUPKQ,,
seq64,TVANIOZWZPIWEVGEBSOBKEBDXFKSQQTDPFQTMDIATRWXVVTESHYAUWPHYLTRVDJYIYLOUJKNCFGHQYBCDBZUQBFQVHQDSIHMUUYM,,
seq65,SXMYEYJBEPPKDWCPDTZPQBRUPAXVYLNGKXNGCDGDIKSYOINQZLEHTKFAZLROXEJPWTDCXOLKBXDRTIVDZXHEPCZJASNJCOOSXNYG,,
seq66,ZKBZVTRXCYULDUIGEKQAQDJDRSBNICVVFIANVQTMHMWHIVKIHVAVNTFFYMJKAACJHRWWXGHSTZHXNLULTNRNVESDZYCSBYJWFVTX,,
seq67,DOHTMKWYEEOPBZDHXZBSBEAOOQOMUZKEMUSNDXDVGTNGCSWNSPPCSLKDJGDANRZYUCTXFZYQBMOESVUPXEZEHDWNIRJZMUEKSUKX,,
seq68,XARGAHEUHLDKBEFKAEMCYUOYVPEBWYCJXWGXNXUQGYLWSAITJNQOQAXTHZTPUWULXECFGLXHUTVAXCDGGJFMPVAZVTRTMDWCDEOC,,
seq69,HWBPCFSZUGGCRTONUVBPGKDEPEZXOMGBQHWSZAGFSNJFKKHHFGHHEZEAYAZPGNAXZQHDXLLFISTNELPVBJDRRXJFLUWJBMZUUJXY,,
seq70,WBQYAZLWPIAWQRDDMWCTJRLZMCQAIZXOCLINQOVTANUANUFOQUQSEKRPVLMEVZBHOLOVBCSGKHIDEMYKRPOOLHYDJSSHCHLTQUSD,,
seq71,TFAQZTQVIPWOXGOPUCRFHDCFOPTPTWRKWNNJGCKLMVJFAPRILNWLQZXPCALDBDJVTFZMWBAOJQFLCSHAOUCBKFREREGFUKJCTMVN,,
seq72,ZGACDHHXHRYGWSYDNDVYZMWAOKHLQEEDOYNJBFHQVZXFLVBWVFKWRBWTYPEWTDHSNHCUCHXKRMBCUDJRBTJRHDVKISSVRRDOTSPN,,
seq73,MIKJBVDJFZYLGDCWABERFWLYMFQOTEOXGWPDVNBBPNPFQZMYIAVUFOLFKYOUBHHSZJGTSHQKTFFQCLRIPDAVNFXTHTMOFYNXQPHW,,
seq74,NONKGWRLKYCOVRQLUHZGFQPCHBXGTYIVCCZONKUIXMMIJTEBOARGRQTGDBYNSBAGUCDSXFGKTUSDJHHZCLKXGUTJWNAUDJDQGVIT,,
seq75,XEBFEDRTWYCXZRFQOSXDQTVQENXGMBWZRBIXHHRPUQHELLJAZHKEWYXIRSLRANGRYASSMITPPUDBBKESCVJDFCTHOJOKFKVIHVIC,,
seq76,CCVZHNLYGZGCCCEONJNEMBHRSQVAYKLHWGWQFUDCBTYEAFHYYGCVRHHFQBXARUKWGLLBQHADSWJKUMPRUXBAKKJQCHZWIGJHUXCJ,,
seq77,OIWHWXSSSTHCBGICJNYMQDIMVCLNUJJBLZIMWJKXDDBIDIECZJIXVZVPFSYIVPKXPXZDFLPEFOFGPMTOSQQQULEQMNRNVEUDQYSS,,
seq78,NHBGRVCDLQNKMCCFGOOGHJOCJKPDCIWGKZCPSHNASHZPSZJMKLTSJNAXEUOYYYURMDQQJOJUABDDLDTBSQIDCOTDNYUEAXVEUAFC,,
seq79,MUJUWHIPQJPKPJCKPWPIIDYTWFIRFVWLHDEPCJOYNNXGFGGHTBDHDBUARSLXBHTROJGGWLGJCJMORANMAUWZONVBLAVAXBKMGEBI,,
seq80,SGYEOLDTZDPCDHKKLIVVNNGHWAJKENFAPRQKSIASYOLIFEOJBTYGVMELKLXTZQZDNWRQFRGQIIGBPIPAZBPOJKTUVKGTXQULMZJB,,
seq81,OMZALFIRNCNBRYYNDAPFYEWJCXNBCOYISOQZCSCZDTZZXENRKINHXYDMSHEZEVLUHKTYLZDYWDYLWALGBLKVSUJCIIYZMSASFZFF,,
seq82,VJROIGRQVHUMOAYWOYKQHMPVOADYEQTPOCCRALCATDUXHECVEAISZTNZDPIOASWDSKOZGEZIXTVOPIAIFMLCPLJUDGBHZKVSTDOQ,,
seq83,YREDYMTFZBIVQDBTALSHQTCCQEYGSTXEIAALGVRGYAHQXYCVRCWVIKTXDLSSHKCDENNJIZFCNDVVLHOKOSDUWSPKDIMCMXVUVATY,,
seq84,NROQXRGTLPBSOSOXJXDTWHCEKQJBNTAUCRISIRBSGMITMDMQPDNQIUMFHRDLCUEKTHZYJNGTJABYYANQHPANDCOTHSFMIEXYHWUT,,
seq85,BIXSEAOOQNFIWUCQOVXGXKMMZSAQWRNPWNYFKMTYKWYQKIKHGGLRYQJGDEIANJGEQTZBZEKCRPFOOVKPGIRHGXOFDDOSXPVDIRSA,,
seq86,BKZULUMINKNNSOOXSRBYQVHRPMDSAJDXNAKBLBWXXRZIMBKDRJBUYAHFUMXHMWTMZHFPBSNMSRVPKDKWAGSCERTBZHCODNVIINDO,,
seq87,JJLQEGNHTMEMDIDXIYDHYQAHUDJGDWNOKCVOYCMDEIYRKESITRIPZAYSFVIXAWAPEEEXHYRPFJFCFPRVKMSKFVYVAWHNHFIQXEBX,,
seq88,CIMBUCTIUQVUASKXTAFKJANMOTZXDIJJYGMJSTLVEXLPGQPZCJPZWNOGHLWFSTRTPEMBBPNVWSYTURIKWNLCYTUWAXXFPAFBGNGK,,
seq89,TDADMWRTUCRFCKLAFMFNVRJERPWXXVRMFPQFXVDDGPAHVYICMYFOLKSSNNNYXOCPOKWMMMBYZKEVTGQXVWJBBLAVYGWJRYAHUBHL,,
seq90,PSPBNKJQPALKDLHYCDOASSFEUFMTGJALZBFCXKJNSFPEVDCQGDCGDUGNITRSOUYZZIDJHNKAXOCETYOMFJKEFGSCUPTBBWVZFPGH,,
seq91,TLDZGHTDDOZAVEDOXEVSEYMWZWUYYUFPWKGRBPDKEOQUGWHFZQMIMSVGNGPTDURFHVGFQDNLGGEOTSWXTDOPWKSVATRMENEOBFUA,,
seq92,QXPNTDPJEWNXGRYSLOLVSQXRUGINRNKCZQDEVJGUHIXGUPEUTVOLXFXKUJZWZAOFJXHOCNPYKOJVDFAUEDNJYLBUXDBFCDBPRCGD,,
seq93,QXXUNHYGRLHFQBCYDJOTDNJFGVNNBYZDRGLHJGQUGHBWUFJLVREGDGOOMAWJJDHQMZPHTDONNTTJNZJVOCIWDUOWKJUZMMDBIKUP,,
seq94,EAQTBPGIAFRTPGMSMKUHVMDTDQIRPFYXKQAONZGKSTYGJYGNTMFWNEQKKGSISPMQBPTYJVOTTBJUTRWKSHYNWNUZSCVAWKPMIMID,,
seq95,HKJPCHMAFBMYVVDMHMCQYZHKTMOIPTUNVSOZNJDTKBPIJFXENFMLQGSIELFKYNGVPSGTMZWXZKWRZIGCGIFWWUFYRNJOGNFIZPRU,,
seq96,BHBCOOVDIRXDZMWNMLVBUPWYSWLSUZMXEKGSTIKJNCYJFUFYYFPOINMVUNKEAEEWBKZSIBYSREFJRCZPYNLREGNIDHFIYCYDZMYJ,,
seq97,YKZJMVDXUFZQSNQHJZMALLGYPPVYVBHTFBTRKNZTWHFZIYZWRTFFVBMBXVOISMRRGBEYKASNNAGFUIKBVXFDGXZQVIJBGGSKXIJL,,
seq98,YBQEGVOQZIBJKXBTJXDARRNXXLXHOJZUPLCCCDGJRQDAVQJAHYVYTPZNJGTGCBIIQRWTSAACLGHGRFXFYAAAYEWEXUZQIGZFDDDJ,,
seq99,BYVKMGSUMMFDAGHSDZHVNVERZAVPYFUWGOQLSDEJFUWOFTAPSKDFQZHRNZZDRPTVEWAUEXMJYGMEQLTRMGGFVJCZDQULARMXDOXG,,
seq1,ENQKLIANQFNYAIGKIQDSLSSTASALGKLQDVVNQNAQALNTLVKQLSDNFGAISSVLNDILSR,ENQKLIANQFNSAIGKIQDSLSSTASALGKLQDVVNQNAQALNTLVKQLSSNFGAISSVLNDILSR,45
seq2,SNQKLIANQFNSAIGKIQDSLSSTASALGKLQDVVNQNPQALNTLVKQLSSNFGAISSVLNDILSR,ENQKLIANQFNSAIGKIQDSLSSTASALGKLQDVVNQNAQALNTLVKQLSSNFGAISSVLNDILSR,40
seq3,ENQKLIANQFNSAIGKIQDSLSSTASALGKLQDVVNQNAQALNTLVKQLSSNFGAISSVLNDILSR,ENQKLIANQFNSAIGKIQDSLSSTASALGKLQDVVNQNAQALNTLVKQLSSNFGAISSVLNDILSR,73
seq4,ENQKLIANQFNSAIGKIDDSLSSTASALGKLQDVVNQNAQALNTLVKQLSSNFGAISSVLNDILSR,ENQKLIANQFNSAIGKIQDSLSSTASALGKLQDVVNQNAQALNTLVKQLSSNFGAISSVLNDILSR,51
seq5,ENQKLIANQFPSAIGKIQDSLSSTASALGKLQDVVNQNAQALNTLVKQLSSNFGAISSVLNDILSR,ENQKLIANQFNSAIGKIQDSLSSTASALGKLQDVVNQNAQALNTLVKQLSSNFGAISSVLNDILSR,67
seq6,ENQKLIANQFNSAIGKIQDSLSSTASALGKLQDVVNQNAQALNTLVEQLSSNFGAISSVLNDILSR,ENQKLIANQFNSAIGKIQDSLSSTASALGKLQDVVNQNAQALNTLVKQLSSNFGAISSVLNDILSR,74
seq7,EN-QKLIANQFNSAIKKIQDSLSS----------TASALGKLQDVVNQNAQALNTLVKQLSSNFGAISSVLNDILSR,ENQKLIANQFNSAIGKIQDSLSSTASALGKLQDVVNQNAQALNTLVKQLSSNFGAISSVLNDILSR,76
seq8,ENQKLIANQFNSAIGKIQDSLSSTASALGKLQDVVNQNAQALNTLVKQLSSNFAAISSVLND---------------------------ILSR-,ENQKLIANQFNSAIGKIQDSLSSTASALGKLQDVVNQNAQALNTLVKQLSSNFGAISSVLNDILSR,80
seq9,E------Q-----NQKLIAN--QFNSAIGKIQDSLSSTASALGKLQDVVNQNAQALNTLVKQLSSNFGAISSVLNDILSR,ENQKLIANQFNSAIGKIQDSLSSTASALGKLQDVVNQNAQALNTLVKQLSSNFGAISSVLNDILSR,98
seq10,ENPKLIANQFKSAIGKIQDSLSSTASALGKLQDVVNQNAQALNTLVKQLSSNFGAISSVLNDILSR,ENQKLIANQFNSAIGKIQDSLSSTASALGKLQDVVNQNAQALNTLVKQLSSNFGAISSVLNDILSR,88
seq11,ENQKLIANQFNSAIGKIQDSLSSTARALGK--------------------W-LQDVVNQNAQALNTLVKQLSSNFGAISSVLND-LSR,ENQKLIANQFNSAIGKIQDSLSSTASALGKLQDVVNQNAQALNTLVKQLSSNFGAISSVLNDILSR,75
seq12,ENQKLIANQFNSAIGKIQDSLSSTASALGKLQDVVNQNAQALNTLVKQLSSNFGAISSVLND-R--ILS-------F----R,ENQKLIANQFNSAIGKIQDSLSSTASALGKLQDVVNQNAQALNTLVKQLSSNFGAISSVLNDILSR,78
seq13,ENQKLIANQFNSAIGKIQDSLSSTASALGKLQDVVNQNAQALNTLVKQLSSNFGAISSVLNNILSR-----------------------------------------,ENQKLIANQFNSAIGKIQDSLSSTASALGKLQDVVNQNAQALNTLVKQLSSNFGAISSVLNDILSR,81
seq14,E-NQKLIANQF-SAIGKIQDSLSSTASALGKLQD--VVNQNAQALNTLVKQLSSNFGAISLVLNDIL------------------SR,ENQKLIANQFNSAIGKIQDSLSSTASALGKLQDVVNQNAQALNTLVKQLSSNFGAISSVLNDILSR,34
seq15,ENQKLIANQFNSAIGKIQDSLSSTASALGKLQDVVNQNAQALNTLVKQLSSNFGAI-------SSVLNDIL--------SR,ENQKLIANQFNSAIGKIQDSLSSTASALGKLQDVVNQNAQALNTLVKQLSSNFGAISSVLNDILSR,51
seq16,ENQKLIANQFNSAIGKIQDSLSSTASALGKLQDVVNQNAQAL------NTLVKQLSSN-------------FGAITSVLNDI--------------LSR,ENQKLIANQFNSAIGKIQDSLSSTASALGKLQDVVNQNAQALNTLVKQLSSNFGAISSVLNDILSR,64
seq17,ENQKLIANQFNSAIGKIQDSLSSTASALGKLQDVVNQ---------------------NAQALNTLWKQ-LSSNFGAISSVLND--------ILSR,ENQKLIANQFNSAIGKIQDSLSSTASALGKLQDVVNQNAQALNTLVKQLSSNFGAISSVLNDILSR,48
seq18,ENQKLIAN---------QFNSAIGS-IQDSLSSTASALGKLQDVVNQNAQALNTLVKQLSS-NFGAISS-----VLNDILSR,ENQKLIANQFNSAIGKIQDSLSSTASALGKLQDVVNQNAQALNTLVKQLSSNFGAISSVLNDILSR,5
seq19,EN------QKLIANQFNSA----IGKIQDSLSSTASALGKLQDVVNQNAQALNTLVKQLSSNFGAISSVLNDILFR,ENQKLIANQFNSAIGKIQDSLSSTASALGKLQDVVNQNAQALNTLVKQLSSNFGAISSVLNDILSR,60
seq20,ENQ---------KLIANQ---FNSA----IGKIQDSLSSTASALGKLQDVVNQNAQALNTLVKQLSSNFGMISSVLNDILSR,ENQKLIANQFNSAIGKIQDSLSSTASALGKLQDVVNQNAQALNTLVKQLSSNFGAISSVLNDILSR,49
seq21,-ENQKLIANQFSSAIGKIQDSLSSTASALGKLQDVVNQ-NVQALNTLVKQLSSNFGAISSVLNDILSR,ENQKLIANQFNSAIGKIQDSLSSTASALGKLQDVVNQNAQALNTLVKQLSSNFGAISSVLNDILSR,20
seq22,ENQKLIANQFNSAIGKIQDSLSSTASALGKLQDVVNQNAQA-----F-----LNTLVKQLSSNFGAISSVL------------NDILS-----R,ENQKLIANQFNSAIGKIQDSLSSTASALGKLQDVVNQNAQALNTLVKQLSSNFGAISSVLNDILSR,42
seq23,ENQKLIANQFNSAIGKIQDSLSSTASAL-GKLQDEVNQNAQALNTLVKQLSSNFGAISSVLND-----ILNR,ENQKLIANQFNSAIGKIQDSLSSTASALGKLQDVVNQNAQALNTLVKQLSSNFGAISSVLNDILSR,40
seq24,EN---------------Q--------------QKLIANQFNSAIGKIQDSLSSTASALGKLQDVVNQNAQALNTLVKQLSSNFGAISSVLNDILSR,ENQKLIANQFNSAIGKIQDSLSSTASALGKLQDVVNQNAQALNTLVKQLSSNFGAISSVLNDILSR,13
seq25,EN---------------------VQKLIANQFNSAIGKIQDSLSSTASALGKLQDVVNQNAQALNTLVKQLSSNFGAISSVLNDILSR,ENQKLIANQFNSAIGKIQDSLSSTASALGKLQDVVNQNAQALNTLVKQLSSNFGAISSVLNDILSR,85
seq26,ENQKLIANQFNSAIGKRQD--SLSSTASALGKLQDVVNQNAQALNTLVKQLSSNFGAISSVLNDILS------------R,ENQKLIANQFNSAIGKIQDSLSSTASALGKLQDVVNQNAQALNTLVKQLSSNFGAISSVLNDILSR,40
seq27,-ENQKLIANQFNSAIGKIQDSLSSTASALGKLQYVVNQNAQALNTLVK---QLSSNFGAISSVLNDILSR,ENQKLIANQFNSAIGKIQDSLSSTASALGKLQDVVNQNAQALNTLVKQLSSNFGAISSVLNDILSR,8
seq28,ENQKLIANQFNSAIGKIQDSLSSTASALGKIQDVVN------QN----AQALNTLVK----------QLSSNFGAISSVLNDILSR,ENQKLIANQFNSAIGKIQDSLSSTASALGKLQDVVNQNAQALNTLVKQLSSNFGAISSVLNDILSR,87
seq29,E----------------------------------------NQKLIANQFNSAIGKIQDSLSSTASALGKLQDVVNQNAQALNTLVKQLSSNFGAI-SVLNDILSR,ENQKLIANQFNSAIGKIQDSLSSTASALGKLQDVVNQNAQALNTLVKQLSSNFGAISSVLNDILSR,11
seq30,ENQKLIANQFNSAIGKIQDSLSSTASALGKLQD-VNQNAQALNTL-VKQLSTNFG-AISSVLNDILDR,ENQKLIANQFNSAIGKIQDSLSSTASALGKLQDVVNQNAQALNTLVKQLSSNFGAISSVLNDILSR,1
seq31,E-------NQKLIANQFQSAIGKIQDSLSSTASALGKLQD-VVNQPAQALNTLVKQLSSNFGAISSVLNDILS----R,ENQKLIANQFNSAIGKIQDSLSSTASALGKLQDVVNQNAQALNTLVKQLSSNFGAISSVLNDILSR,59
seq32,E-------NQKLI-ANQFNSAIGKIQDSLSSTASALGKLQDVVNQ-----NARAFNTLVKQLSSNFGAISSVLNDILSR,ENQKLIANQFNSAIGKIQDSLSSTASALGKLQDVVNQNAQALNTLVKQLSSNFGAISSVLNDILSR,4
seq33,EN----G-----------------QKLIANQFNSAIGKIQDSLSSTASALGKLQDVVNQNAQAL-TLVKQLSSNFGAISSVLNDILSR,ENQKLIANQFNSAIGKIQDSLSSTASALGKLQDVVNQNAQALNTLVKQLSSNFGAISSVLNDILSR,100
seq34,ENQKLIANQFNSAIGKIQDSLSST-ASALGKLQDVVNQNAQALNTLVKQLSSNFG---AISSVLNDIHSR,ENQKLIANQFNSAIGKIQDSLSSTASALGKLQDVVNQNAQALNTLVKQLSSNFGAISSVLNDILSR,93
seq35,ENQKLIANQFNSAIGKIQDSLSSTAS-LGKLQDVVN-----QNAQALNTLVKQLSSN----------FGAISSVLNDILS----R,ENQKLIANQFNSAIGKIQDSLSSTASALGKLQDVVNQNAQALNTLVKQLSSNFGAISSVLNDILSR,85
seq36,ENQKL--IANQFNSAIGKIQDSLSSTASALGKLQDVVNCNAQALNTLVKQLSSNFGAI--A----SSVLNDILSR,ENQKLIANQFNSAIGKIQDSLSSTASALGKLQDVVNQNAQALNTLVKQLSSNFGAISSVLNDILSR,22
seq37,------------------------------------N-----ENQKLIANQFNSAIGNIQDSLSSTASALGKLQDVVNQNAQALNTLVKQLSSNFGAISSVLNDILSR,ENQKLIANQFNSAIGKIQDSLSSTASALGKLQDVVNQNAQALNTLVKQLSSNFGAISSVLNDILSR,93
seq38,ENQKLIANQFNSAIGKIQDSLSSTASALGKLQD-VNQNAQALNTLVKQLSSNFGAISSVL--------NDILSR------------------------------,ENQKLIANQFNSAIGKIQDSLSSTASALGKLQDVVNQNAQALNTLVKQLSSNFGAISSVLNDILSR,46
seq39,ENQKLIANQFNSAIGKIQDSLSSTASALGKLQD-VNQNAQALNTLLKQL-----------------------------SSNFGAISSVLNDIL------SR,ENQKLIANQFNSAIGKIQDSLSSTASALGKLQDVVNQNAQALNTLVKQLSSNFGAISSVLNDILSR,97
seq40,ENQKLIANQFNSAIGKIQDSLSSTASALGKLQDVVNQNAQAL------NTLVKQLSSNFGAISSVLNDILSRI-------------------------,ENQKLIANQFNSAIGKIQDSLSSTASALGKLQDVVNQNAQALNTLVKQLSSNFGAISSVLNDILSR,23
seq41,ENQKLIANQFNSAIGKIQDSLSSTASALGKLQDVVNQNAQALNTLVKQ---------------LSSNFGA--ISSVLNDILS-------------R,ENQKLIANQFNSAIGKIQDSLSSTASALGKLQDVVNQNAQALNTLVKQLSSNFGAISSVLNDILSR,8
seq42,ENQKLIAN-FNSAIGKI-DSLSSTASALGKLQDVVNQNAQALNTLVKQLSSNFGAISSVLNDILSR------------------------------,ENQKLIANQFNSAIGKIQDSLSSTASALGKLQDVVNQNAQALNTLVKQLSSNFGAISSVLNDILSR,8
seq43,ENQKLIANQFNSAIGKIQ----------DSLSSTASALGKLQDVVNQNAQALNTLVKQLSSNFGAISSVLNDILSR,ENQKLIANQFNSAIGKIQDSLSSTASALGKLQDVVNQNAQALNTLVKQLSSNFGAISSVLNDILSR,66
seq44,---ENQKLIANQFNSAIGKIQDSLSSTASALG--------------------KLQDV-VNQNAQALNTLVKQLSSNFGAISSVLNDILSR,ENQKLIANQFNSAIGKIQDSLSSTASALGKLQDVVNQNAQALNTLVKQLSSNFGAISSVLNDILSR,100
seq45,-------------ENQKLIANQFNSAISKIQDSLSSTASALGKLQDVVNQNAQALNTLVKQLSSNFGAISSVLNDILSR,ENQKLIANQFNSAIGKIQDSLSSTASALGKLQDVVNQNAQALNTLVKQLSSNFGAISSVLNDILSR,67
seq46,ENQ------------------KLIAN-----I--------QFNSAIGKIQDSLSSTASALGKLQDVVNQNAQALNTLVKQLSSNFGAISSVLNDILSR,ENQKLIANQFNSAIGKIQDSLSSTASALGKLQDVVNQNAQALNTLVKQLSSNFGAISSVLNDILSR,72
seq47,-ENQKLIANQFNSAIGKIQDSLSSTA-ALGKLQDVVNQNAQALNTLVKQLSSNFGAISSVLNDILSR-------------------------------,ENQKLIANQFNSAIGKIQDSLSSTASALGKLQDVVNQNAQALNTLVKQLSSNFGAISSVLNDILSR,7
seq48,ENQKLIANQFNSAIGKIQDSLSSTASALGKLQDVVNQN-----AQALNT----------LV-----KQLSSNFGAISSVLNDLLSR,ENQKLIANQFNSAIGKIQDSLSSTASALGKLQDVVNQNAQALNTLVKQLSSNFGAISSVLNDILSR,100
seq49,ENQKLIANQFNSAIGKIQDSLSSTASALGKLQDVVNQNAQALNTLVKQLSSNF--P----GAISSVLNDIL---------I------------------SR,ENQKLIANQFNSAIGKIQDSLSSTASALGKLQDVVNQNAQALNTLVKQLSSNFGAISSVLNDILSR,23
seq50,ENQKLIANQFNSAIGKIQDSLSSTASALGKLQDVVNQNAQALNTLVKQLSSNFGAISSVLNDILS-------------R,ENQKLIANQFNSAIGKIQDSLSSTASALGKLQDVVNQNAQALNTLVKQLSSNFGAISSVLNDILSR,53
