ligand_name,ligand_sequence,receptor_name,receptor_sequence,time,scores_total_score,scores_dslf_fa13,scores_fa_atr,scores_fa_dun,scores_fa_elec,scores_fa_intra_rep,scores_fa_intra_sol_xover4,scores_fa_rep,scores_fa_sol,scores_hbond_bb_sc,scores_hbond_lr_bb,scores_hbond_sc,scores_hbond_sr_bb,scores_linear_chainbreak,scores_lk_ball_wtd,scores_omega,scores_overlap_chainbreak,scores_p_aa_pp,scores_pro_close,scores_rama_prepro,scores_ref,scores_yhh_planarity,scores_description,pack_total_score,pack_complex_normalized,pack_dG_cross,pack_dG_cross/dSASAx100,pack_dG_separated,pack_dG_separated/dSASAx100,pack_dSASA_hphobic,pack_dSASA_int,pack_dSASA_polar,pack_delta_unsatHbonds,pack_dslf_fa13,pack_fa_atr,pack_fa_dun,pack_fa_elec,pack_fa_intra_rep,pack_fa_intra_sol_xover4,pack_fa_rep,pack_fa_sol,pack_hbond_E_fraction,pack_hbond_bb_sc,pack_hbond_lr_bb,pack_hbond_sc,pack_hbond_sr_bb,pack_hbonds_int,pack_lk_ball_wtd,pack_nres_all,pack_nres_int,pack_omega,pack_p_aa_pp,pack_packstat,pack_per_residue_energy_int,pack_pro_close,pack_rama_prepro,pack_ref,pack_sc_value,pack_side1_normalized,pack_side1_score,pack_side2_normalized,pack_side2_score,pack_yhh_planarity,pack_description
1a22,{'B': 'PKFTKCRSPERETFSCHWTLGPIQLFYTRRNTQEWTQEWKECPDYVSAGENSCYFNSSFTSIWIPYCIKLTSNGGTVDEKCFSVDEIVQPDPPIALNWTLLNGIHADIQVRWEAPRNADIQKGWMVLEYELQYKEVNETKWKMMDPILTTSVPVYSLKVDKEYEVRVRSKQRNSGNYGEFSEVLYVTLPQMS'},1a22,{'A': 'FPTIPLSRLFDNAMLRAHRLHQLAFDTYQEFEEAYIPKEQKYSFLQNPQTSLCFSESIPTPSNREETQQKSNLELLRISLLLIQSWLEPVQFLRSVFANSLVYGASDSNVYDLLKDLEERIQTLMGRLEGQIFKQTYSKFDTDALLKNYGLLYCFRKDMDKVETFLRIVQCRSVEGSCGF'},2025-01-15 01:56:52,['928.401'],['-6.795'],['-2286.192'],['1382.361'],['-552.727'],['5.703'],['84.830'],['863.853'],['1445.433'],['-36.172'],['-72.556'],['-31.318'],['-109.566'],['0.000'],['-44.323'],['64.812'],['0.000'],['-27.933'],['69.764'],['100.173'],['79.056'],['0.000'],['1a22.ent_0001'],928.233,2.126,-64.660,-2.359,-41.847,-1.527,1387.762,2740.568,1352.806,31.000,-6.795,-2286.192,1382.363,-552.727,5.702,84.830,863.674,1445.435,0.240,-36.169,-72.554,-31.323,-109.562,11.000,-44.320,372.000,59.000,64.812,-27.933,0.724,-0.936,69.764,100.173,79.056,0.592,-1.287,-38.616,-0.572,-16.586,0.000,1a22.ent_0001_scored_0001
1a3b,"{'L': 'ADCGLRPLFEKKSLEDKTERELLESYI', 'H': 'IVEGSDAEIGMSPWQVMLFRKSPQELLCGASLISDRWVLTAAHCLLYPPWDKNFTENDLLVRIGKHSRTRYERNIEKISMLEKIYIHPRYNWRENLDRDIALMKLKKPVAFSDYIHPVCLPDRETAASLLQAGYKGRVTGWGNLKETKGQPSVLQVVNLPIVERPVCKDSTRIRITDNMFCAGYKPDEGKRGDACEGDSGGPFVMKSPFNNRWYQMGIVSWGEGCDRDGKYGFYTHVFRLKKWIQKVIDQF'}",1a3b,{'I': 'GDFEEIPEEYL'},2025-01-15 01:57:10,['37.550'],['2.878'],['-1840.000'],['904.237'],['-494.123'],['4.013'],['68.091'],['403.323'],['1120.745'],['-58.774'],['-94.146'],['-44.662'],['-45.287'],['0.000'],['-29.578'],['17.648'],['0.000'],['-39.425'],['34.560'],['58.504'],['69.549'],['0.000'],['1a3b.ent_0001'],37.790,-0.311,0.000,0.000,-26.936,-2.398,710.258,1123.205,412.947,8.000,2.878,-1839.999,904.236,-494.110,4.013,68.091,403.258,1120.743,0.223,-58.762,-94.155,-44.661,-45.286,5.000,-29.291,290.000,33.000,17.648,-39.425,0.000,-0.992,34.560,58.504,69.549,0.649,0.390,3.897,-1.592,-36.627,0.000,1a3b.ent_0001_scored_0001
1a2k,{'C': 'QVQFKLVLVGDGGTGKTTFVKRHLTGEFEKKYVATLGVEVHPLVFHTNRGPIKFNVWDTAGQEKFGGLRDGYYIQAQCAIIMFDVTSRVTYKNVPNWHRDLVRVCENIPIVLCGNKVDIKDRKVKAKSIVFHRKKNLQYYDISAKSNYNFEKPFLWLARKLIGDPNLEFVAMPALAPPEVVMDPALAAQYEHDLEV'},1a2k,"{'A': 'KPIWEQIGSSFIQHYYQLFDNDRTQLGAIYIDASCLTWEGQQFQGKAAIVEKLSSLPFQKIQHSITAQDHQPTPDSCIISMVVGQLKADEDPIMGFHQMFLLKNINDAWVCTNDMFRLALHNFG', 'B': 'KPIWEQIGSSFIQHYYQLFDNDRTQLGAIYIDASCLTWEGQQFQGKAAIVEKLSSLPFQKIQHSITAQDHQPTPDSCIISMVVGQLKADEDPIMGFHQMFLLKNINDAWVCTNDMFRLALHNFG'}",2025-01-15 01:57:40,['1117.639'],['0.000'],['-5244.552'],['3416.760'],['-1545.458'],['10.486'],['191.177'],['1047.725'],['3257.892'],['-97.954'],['-234.825'],['-97.665'],['-204.542'],['4.172'],['-66.450'],['187.588'],['3.627'],['-84.200'],['52.019'],['210.938'],['310.902'],['0.000'],['1a2k.ent_0001'],1118.993,1.000,0.000,0.000,-35.389,-0.731,2994.762,4843.538,1848.776,20.000,0.000,-5244.556,3418.189,-1545.473,10.487,191.177,1047.795,3257.890,0.667,-97.951,-234.830,-97.648,-204.539,22.000,-66.458,853.000,165.000,188.400,-84.252,0.707,-1.314,52.019,217.842,310.902,0.677,-1.276,-90.616,-1.342,-126.146,0.000,1a2k.ent_0001_scored_0001
1a4y,{'B': 'QDNSRYTHFLTQHYDAKPQGRDDRYCESIMRRRGLTSPCKDINTFIHGNKRSIKAICENKNGNPHRENLRISKSSFQVTTCKLHGGSPWPPCQYRATAGFRNVVVACENGLPVHLDQSIFRRP'},1a4y,{'A': 'SLDIQSLDIQCEELSDARWAELLPLLQQCQVVRLDDCGLTEARCKDISSALRVNPALAELNLRSNELGDVGVHCVLQGLQTPSCKIQKLSLQNCCLTGAGCGVLSSTLRTLPTLQELHLSDNLLGDAGLQLLCEGLLDPQCRLEKLQLEYCSLSAASCEPLASVLRAKPDFKELTVSNNDINEAGVRVLCQGLKDSPCQLEALKLESCGVTSDNCRDLCGIVASKASLRELALGSNKLGDVGMAELCPGLLHPSSRLRTLWIWECGITAKGCGDLCRVLRAKESLKELSLAGNELGDEGARLLCETLLEPGCQLESLWVKSCSFTAACCSHFSSVLAQNRFLLELQISNNRLEDAGVRELCQGLGQPGSVLRVLWLADCDVSDSSCSSLAATLLANHSLRELDLSNNCLGDAGILQLVESVRQPGCLLEQLVLYDIYWSEEMEDRLQALEKDKPSLRVIS'},2025-01-15 01:58:24,['2820.751'],['-9.185'],['-7208.494'],['5017.069'],['-1914.369'],['17.275'],['236.865'],['2236.425'],['4787.286'],['-209.033'],['-293.183'],['-94.667'],['-313.768'],['0.000'],['-134.746'],['-7.192'],['0.000'],['-61.861'],['26.795'],['307.759'],['437.777'],['0.000'],['1a4y.ent_0001'],2821.018,1.686,0.000,0.000,-28.966,-0.464,3229.534,6236.626,3007.093,33.000,-9.185,-7208.494,5017.071,-1914.375,17.276,236.865,2236.705,4787.284,0.953,-209.035,-293.193,-94.656,-313.773,26.000,-134.749,1166.000,254.000,-7.192,-61.861,0.467,-0.964,26.795,307.759,437.777,0.585,-1.186,-152.982,-0.735,-91.857,0.000,1a4y.ent_0001_scored_0001
1acb,{'E': 'CGVPAIQPVLSGLIVNGEEAVPGSWPWQVSLQDKTGFHFCGGSLINENWVVTAAHCGVTTSDVVVAGEFDQGSSSEKIQKLKIAKVFKNSKYNSLTINNDITLLKLSTAASFSQTVSAVCLPSASDDFAAGTTCVTTGWGLTRYANTPDRLQQASLPLLSNTNCKKYWGTKIKDAMICAGASGVSSCMGDSGGPLVCKKNGAWTLVGIVSWGSSTCSTSTPGVYARVTALVNWVQQTLAAN'},1acb,{'I': 'KSFPEVVGKTVDQAREYFTLHYPQYDVYFLPEGSPVTLDLRYNRVRVFYNPGTNVVNHVPHVG'},2025-01-15 01:58:44,['629.992'],['-5.168'],['-1730.627'],['1089.906'],['-416.955'],['5.349'],['48.059'],['620.949'],['934.511'],['-37.645'],['-105.823'],['-18.955'],['-47.347'],['0.000'],['-42.524'],['12.859'],['0.000'],['-41.970'],['163.257'],['31.180'],['170.937'],['0.000'],['1acb.ent_0001'],642.486,1.732,-45.589,-2.822,-39.908,-2.470,1086.315,1615.780,529.465,5.000,-5.168,-1730.257,1088.933,-416.882,5.349,48.058,621.024,934.012,0.160,-37.641,-105.820,-18.953,-47.344,7.000,-42.482,301.000,43.000,20.311,-41.293,0.766,-0.257,163.257,36.446,170.937,0.677,0.128,3.591,-0.977,-14.653,0.000,1acb.ent_0001_scored_0001
1ahw,"{'A': 'DIKMTQSPSSMYASLGERVTITCKASQDIRKYLNWYQQKPWKSPKTLIYYATSLADGVPSRFSGSGSGQDYSLTISSLESDDTATYYCLQHGESPYTFGGGTKLEINRADAAPTVSIFPPSSEQLTSGGASVVCFLNNFYPKDINVKWKIDGSERQNGVLNSWTDQDSKDSTYSMSSTLTLTKDEYERHNSYTCEATHKTSTSPIVKSFNRNEC', 'B': 'EIQLQQSGAELVRPGALVKLSCKASGFNIKDYYMHWVKQRPEQGLEWIGLIDPENGNTIYDPKFQGKASITADTSSNTAYLQLSSLTSEDTAVYYCARDNSYYFDYWGQGTTLTVSSAKTTPPSVYPLAPGSAAQTNSMVTLGCLVKGYFPEPVTVTWNSGSLSSGVHTFPAVLQSDLYTLSSSVTVPSSTWPSETVTCNVAHPASSTKVDKKI'}",1ahw,{'C': 'TNTVAAYNLTWKSTNFKTILEWEPKPVNQVYTVQISTKSGDWKSKCFYTTDTECDLTDEIVKDVKQTYLARVFSYPAGNEPLYENSPEFTPYLETNLGQPTIQSFEQVGTKVNVTVEDERTLVRRNNTFLSLRDVFGKDLIYTLYYWKSSSSGKKTAKTNTNEFLIDVDKGENYCFSVQAVIPSRTVNRKSTDSPVECMG'},2025-01-15 01:59:16,['6773.502'],['-10.904'],['-7315.940'],['5636.306'],['-1680.741'],['20.880'],['266.324'],['4487.514'],['4491.103'],['-127.176'],['-375.833'],['-79.167'],['-92.666'],['0.000'],['-54.194'],['94.405'],['0.000'],['-107.273'],['613.310'],['673.349'],['334.203'],['0.000'],['1ahw.ent_0001'],6773.443,5.085,0.000,0.000,18.781,0.955,810.195,1967.567,1157.372,18.000,-10.904,-7315.937,5636.306,-1680.770,20.881,266.324,4487.522,4491.104,-0.582,-127.188,-375.842,-79.176,-92.678,9.000,-54.195,1256.000,78.000,94.405,-107.273,0.636,1.004,613.310,673.349,334.203,0.516,-0.153,-5.967,2.161,84.268,0.000,1ahw.ent_0001_scored_0001
1ak4,{'A': 'MVNPTVFFDIAVDGEPLGRVSFELFADKVPKTAENFRALSTGEKGFGYKGSCFHRIIPGFMCQGGDFTRHNGTGGKSIYGEKFEDENFILKHTGPGILSMANAGPNTNGSQFFICTAKTEWLDGKHVVFGKVKEGMNIVEAMERFGSRNGKTSKKITIADCGQLE'},1ak4,{'D': 'PIVQNLQGQMVHQAISPRTLNAWVKVVEEKAFSPEVIPMFSALSEGATPQDLNTMLNTVGGHQAAMQMLKETINEEAAEWDRLHPVHAGPIAPGQMREPRGSDIAGTTSTLQEQIGWMTHNPPIPVGEIYKRWIILGLNKIVRMY'},2025-01-15 01:59:41,['-258.424'],['0.000'],['-3525.436'],['1340.772'],['-918.795'],['6.367'],['113.434'],['671.326'],['2137.913'],['-97.765'],['-119.107'],['-52.113'],['-212.834'],['29.328'],['-69.895'],['103.650'],['17.794'],['-126.468'],['202.293'],['44.474'],['196.638'],['0.000'],['1ak4.ent_0001'],-186.465,-0.527,0.000,0.000,-24.789,-1.366,1201.196,1814.516,613.320,7.000,0.000,-3525.432,1341.059,-918.793,6.367,113.433,671.354,2137.912,0.278,-97.760,-119.107,-52.110,-212.832,7.000,-69.894,592.000,90.000,194.702,-123.470,0.679,0.670,202.293,69.176,196.638,0.797,4.841,145.239,-1.415,-84.919,0.000,1ak4.ent_0001_scored_0001
1an1,{'E': 'IVGGYTCAANSIPYQVSLNSGSHFCGGSLINSQWVVSAAHCYKSRIQVRLGEHNIDVLEGNEQFINAAKIITHPNFNGNTLDNDIMLIKLSSPATLSRVATVSLPRSCAAAGTECLISGWGNTKSSGSSYPSLLQCLKAPVLSDSSCKSSYPGQITGNMICVGFLEGGKDSCQGDSGGPVVCNGQLQGIVSWGYGCAQKNKPGVYTKVCNYVNWIQQTIAAN'},1an1,{'I': 'KVCACPKILKPVCGSDGRTYANSCIARCNGVSIKSEGSCP'},2025-01-15 02:00:01,['-312.399'],['-10.918'],['-1479.157'],['498.332'],['-428.097'],['2.547'],['42.235'],['277.877'],['888.206'],['-46.001'],['-95.446'],['-23.058'],['-37.798'],['0.000'],['-36.632'],['-1.118'],['0.000'],['-46.615'],['22.726'],['14.729'],['145.792'],['0.000'],['1an1.ent_0001'],-312.400,-1.420,0.000,0.000,-26.235,-1.873,867.177,1400.598,533.420,11.000,-10.918,-1479.157,498.332,-428.084,2.547,42.235,277.863,888.206,0.240,-46.000,-95.449,-23.060,-37.795,8.000,-36.633,264.000,64.000,-1.118,-46.615,0.000,-1.320,22.726,14.729,145.792,0.745,-0.167,-3.337,-1.845,-81.169,0.000,1an1.ent_0001_scored_0001
1atn,{'A': 'DEDETTALVCDNGSGLVKAGFAGDDAPRAVFPSIVGRPRHQGVMVGMGQKDSYVGDEAQSKRGILTLKYPIEGIITNWDDMEKIWHHTFYNELRVAPEEHPTLLTEAPLNPKANREKMTQIMFETFNVPAMYVAIQAVLSLYASGRTTGIVLDSGDGVTHNVPIYEGYALPHAIMRLDLAGRDLTDYLMKILTERGYSFVTTAEREIVRDIKEKLCYVALDFENEMATAASSSSLEKSYELPDGQVITIGNERFRCPETLFQPSFIGMESAGIHETTYNSIMKCDIDIRKDLYANNVMSGGTTMYPGIADRMQKEITALAPSTMKIKIIAPPERKYSVWIGGSILASLSTFQQMWITKQEYDEAGPSIVHR'},1atn,{'D': 'LKIAAFNIRTFGETKMSNATLASYIVRIVRRYDIVLIQEVRDSHLVAVGKLLDYLNQDDPNTYHYVVSEPLGRNSYKERYLFLFRPNKVSVLDTYQYDDGCCGNDSFSREPAVVKFSSHSTKVKEFAIVALHSAPSDAVAEINSLYDVYLDVQQKWHLNDVMLMGDFNADCSYVTSSQWSSIRLRTSSTFQWLIPDSADTTATSTNCAYDRIVVAGSLLQSSVVPGSAAPFDFQAAYGLSNEMALAISDHYPVEVTLT'},2025-01-15 02:00:26,['2434.048'],['0.090'],['-3959.233'],['2517.082'],['-1062.578'],['8.430'],['137.894'],['2159.200'],['2492.312'],['-62.484'],['-145.864'],['-43.384'],['-163.046'],['0.000'],['-69.007'],['107.492'],['0.000'],['-66.321'],['200.912'],['157.326'],['225.227'],['0.000'],['1atn.ent_0001'],2434.075,2.395,0.000,0.000,-74.779,-3.022,1308.692,2474.145,1165.453,22.000,0.090,-3959.235,2517.082,-1062.586,8.430,137.894,2159.245,2492.311,0.167,-62.487,-145.864,-43.373,-163.063,12.000,-69.006,637.000,128.000,107.492,-66.321,0.685,2.656,200.912,157.326,225.227,0.742,-0.505,-48.973,12.546,388.911,0.000,1atn.ent_0001_scored_0001
1ava,{'A': 'QVLFQGFNWESWKHNGGWYNFLMGKVDDIAAAGITHVWLPPASQSVAEQGYMPGRLYDLDASKYGNKAQLKSLIGALHGKGVKAIADIVINHRTAEHKDGRGIYCIFEGGTPDARLDWGPHMICRDDRPYADGTGNPDTGADFGAAPDIDHLNLRVQKELVEWLNWLKADIGFDGWRFDFAKGYSADVAKIYIDRSEPSFAVAEIWTSLAYGGDGKPNLNQDQHRQELVNWVDKVGGKGPATTFDFTTKGILNVAVEGELWRLRGTDGKAPGMIGWWPAKAVTFVDNHDTGSTQHMWPFPSDRVMQGYAYILTHPGTPCIFYDHFFDWGLKEEIDRLVSVRTRHGIHNESKLQIIEADADLYLAEIDGKVIVKLGPRYDVGNLIPGGFKVAAHGNDYAVWEKI'},1ava,{'C': 'ADPPPVHDTDGHELRADANYYVLSANRAHGGGLTMAPGHGRHCPLFVSQDPNGQHDGFPVRITPYGVAPSDKIIRLSTDVRISFRAYTTCLQSTEWHIDSELAAGRRHVITGPVKDPSPSGRENAFRIEKYSGAEVHEYKLMSCGDWCQDLGVFRDLKGGAWFLGATEPYHVVVFKKAPPA'},2025-01-15 02:00:59,['-546.592'],['-5.763'],['-7036.404'],['3236.454'],['-2208.977'],['13.553'],['254.552'],['1435.870'],['4405.302'],['-181.540'],['-305.332'],['-143.072'],['-267.937'],['0.000'],['-159.183'],['-11.321'],['0.000'],['-220.037'],['161.866'],['100.643'],['384.732'],['0.000'],['1ava.ent_0001'],-546.548,-0.605,0.000,0.000,-50.194,-1.890,1538.824,2656.055,1117.231,20.000,-5.763,-7036.405,3236.454,-2208.945,13.554,254.552,1435.894,4405.302,0.146,-181.556,-305.342,-143.071,-267.931,8.000,-159.175,1176.000,117.000,-11.321,-220.037,0.539,-2.186,161.866,100.643,384.732,0.615,-1.158,-64.848,-3.129,-190.859,0.000,1ava.ent_0001_scored_0001
1avg,"{'L': 'FFNEKTFGAGEADCGLRPLFEKKQVQDQTEKELFESYIEGR', 'H': 'IVEGQDAEVGLSPWQVMLFRKSPQELLCGASLISDRWVLTAAHCLLYPPWDKNFTVDDLLVRIGKHSRTRYERKVEKISMLDKIYIHPRYNWKENLDRDIALLKLKRPIELSDYIHPVCLPDKQTAAKLLHAGFKGRVTGWGNRRETWTTSVAEVQPSVLQVVNLPLVERPVCKASTRIRITDNMFCAGYKPGEGKRGDACEGDSGGPFVMKSPYNNRWYQMGIVSWGEGCDRDGKYGFYTHVFRLKKWIQKVIDRLGS'}",1avg,{'I': 'AEGDDCSIEKAMGDFKPEEFFNGTWYLAHGPGVTSPAVCQKFTTSGSKGFTQIVEIGYNKFESNVKFQCNQVDNKNGEQYSFKCKSSDNTEFEADFTFISVSYDNFALVCRSITFTSQPKEDRYLVFERTKSDTDPDAKEIC'},2025-01-15 02:01:21,['566.669'],['-9.433'],['-2528.179'],['1432.436'],['-641.144'],['5.762'],['99.168'],['700.744'],['1555.324'],['-63.692'],['-146.201'],['-47.644'],['-58.209'],['6.455'],['-45.219'],['3.224'],['3.981'],['-51.415'],['57.646'],['181.179'],['111.884'],['0.000'],['1avg.ent_0001'],564.344,0.940,0.000,0.000,-25.568,-1.765,781.243,1448.548,667.305,13.000,-9.433,-2528.181,1436.705,-641.155,5.762,99.168,700.766,1555.325,0.293,-63.702,-146.195,-47.655,-58.200,6.000,-45.221,437.000,57.000,4.625,-50.639,0.000,-0.344,57.646,182.844,111.884,0.627,-0.366,-12.089,-0.312,-7.492,0.000,1avg.ent_0001_scored_0001
1avx,{'A': 'IVGGYTCAANSIPYQVSLNSGSHFCGGSLINSQWVVSAAHCYKSRIQVRLGEHNIDVLEGNEQFINAAKIITHPNFNGNTLDNDIMLIKLSSPATLNSRVATVSLPRSCAAAGTECLISGWGNTKSSGSSYPSLLQCLKAPVLSDSSCKSSYPGQITGNMICVGFLEGGKDSCQGDSGGPVVCNGQLQGIVSWGYGCAQKNKPGVYTKVCNYVNWIQQTIAAN'},1avx,{'B': 'DFVLDNEGNPLENGGTYYILSDITAFGGIRAAPTGNERCPLTVVQSRNELDKGIGTIISSPYRIRFIAEGHPLSLKFDSFAVIMLCVGIPTEWSVVEDLPEGPAVKIGENKDAMDGWFRLERVSDDEFNNYKLVFCPQKCGDIGISIDHDDGTRRLVVSKNKPLVVQFQKLD'},2025-01-15 02:01:41,['1134.715'],['-9.046'],['-2241.656'],['1242.936'],['-498.867'],['5.368'],['74.130'],['1156.084'],['1291.621'],['-33.907'],['-105.648'],['-15.065'],['-33.535'],['0.000'],['-45.329'],['1.100'],['0.000'],['-57.001'],['99.761'],['135.595'],['168.173'],['0.000'],['1avx.ent_0001'],1134.532,2.377,0.000,0.000,-0.437,-0.026,790.593,1654.535,863.943,13.000,-9.046,-2241.655,1242.935,-498.863,5.367,74.130,1155.914,1291.622,9.536,-33.905,-105.657,-15.069,-33.538,7.000,-45.332,396.000,77.000,1.100,-57.001,0.000,-0.522,99.761,135.595,168.173,0.711,-0.599,-16.778,-0.477,-23.391,0.000,1avx.ent_0001_scored_0001
1axi,{'B': 'EPKFTKCRSPERETFSCHWTDEGPIQLFYTRRNEWKECPDYVSAGENSCYFNSSFTSIAIPYCIKLTSNGGTVDEKCFSVDEIVQPDPPIALNWTLLNVSLTGIHADIQVRWEAPRNADIQKGWMVLEYELQYKEVNETKWKMMDPILTTSVPVYSLKVDKEYEVRVRSKQRNSGNYGEFSEVLYVTLPQM'},1axi,{'A': 'TIPLSRLFDNAMLRAHRLHQLAFDTYQEFEEAYIPKEQKYSFLQNPSLCFSESIPTPSNREETQQKSNLELLRISLLLIQSWLEPVQFLRSVFANSLVYGASDSNVYDLLKDLEERIQTLMGRLTGQIFKQTYSKFDTALLKNYGLLYCFRRDMTYVATYLRIVQCRSVEGSCGF'},2025-01-15 02:02:04,['109.741'],['-5.526'],['-2097.716'],['1149.765'],['-578.634'],['4.474'],['74.564'],['374.358'],['1310.062'],['-50.711'],['-79.444'],['-41.851'],['-115.905'],['0.000'],['-53.121'],['94.343'],['0.000'],['-41.661'],['14.463'],['61.525'],['90.755'],['0.000'],['1axi.ent_0001'],109.734,-0.360,0.000,0.000,-29.983,-1.112,1535.057,2695.892,1160.835,20.000,-5.526,-2097.720,1149.767,-578.656,4.473,74.564,374.370,1310.061,0.248,-50.713,-79.443,-41.848,-115.899,8.000,-53.120,367.000,100.000,94.343,-41.661,0.626,-0.917,14.463,61.525,90.755,0.583,-1.140,-63.816,-0.633,-27.852,0.000,1axi.ent_0001_scored_0001
1avz,{'B': 'TPQVPLRPMTYKAAVDLSHFLKEKGGLEGLIHSQRRQDILDLWIYHTQGYFPDWQNYTPGPGVRYPLTFGWCYKLVPVEVLEWRFDSRLAFHHVARELHPEYF'},1avz,{'C': 'TLFVALYDYEARTEDDLSFHKGEKFQILNSSEGDWWEARSLTTGETGYIPSNYVAPV'},2025-01-15 02:02:21,['437.220'],['0.000'],['-1578.301'],['799.310'],['-322.190'],['3.641'],['59.373'],['540.903'],['921.050'],['-25.958'],['-43.973'],['-26.033'],['-68.681'],['0.000'],['-18.280'],['13.753'],['0.000'],['-49.998'],['70.230'],['89.188'],['73.184'],['0.000'],['1avz.ent_0001'],437.214,1.371,0.000,0.000,-16.064,-1.253,735.573,1282.181,546.608,6.000,0.000,-1578.296,799.310,-322.190,3.642,59.373,540.884,921.050,0.319,-25.949,-43.972,-26.032,-68.681,7.000,-18.282,260.000,43.000,13.753,-49.998,0.588,-0.821,70.230,89.188,73.184,0.699,-0.725,-15.227,-0.912,-20.055,0.000,1avz.ent_0001_scored_0001
1azz,{'A': 'IVGGVEAVPNSWPHQAALFIDDMYFCGGSLISPEWILTAAHCMDGAGFVDVVLGAHNIREDEATQVTIQSTDFTVHENYNSFVISNDIAVIRLPVPVTLTAAIATVGLPSTDVGVGTVVTPTGWGLPSDSALGISDVLRQVDVPIMSNADCDAVYGIVTDGNICIDSTGGKGTCNGDSGGPLNYNGLTYGITSFGAAAGCEAGYPDAFTRVTYFLDWIQTQTGITP'},1azz,"{'C': 'PLEKIAPYPQAEKGMKRQVIQLTPQEDESTLKVELLIGQTLEVDCNLHRLGGKLENKTLEGWGYDYYVFDKVSSPVSTMMACPDGKKEKKFVTAYLGDAGMLRYNSKLPIVVYTPDNVDVKYRVWKAEEKIDNAVVR', 'D': 'QPLEKIAPYPQAEKGMKRQVIQLTPQEDESTLKVELLIGQTLEVDCNLHRLGGKLENKTLEGWGYDYYVFDKVSSPVSTMMACPDGKKEKKFVTAYLGDAGMLRYNSKLPIVVYTPDNVDVKYRVWKAEEKIDNAVVR'}",2025-01-15 02:02:59,['500.254'],['-8.545'],['-4133.754'],['2064.193'],['-1143.269'],['7.575'],['118.483'],['810.851'],['2267.694'],['-109.967'],['-280.693'],['-61.795'],['-92.974'],['0.000'],['-74.531'],['96.310'],['0.000'],['-130.232'],['753.054'],['76.280'],['341.575'],['0.000'],['1azz.ent_0001'],500.419,0.134,0.000,0.000,-133.850,-2.158,3513.596,6203.165,2689.569,18.000,-8.545,-4133.753,2064.192,-1143.285,7.575,118.484,811.035,2267.695,0.251,-109.966,-280.689,-61.809,-92.972,36.000,-74.531,727.000,240.000,96.310,-130.232,0.000,-1.048,753.054,76.280,341.575,0.748,-1.400,-141.417,-0.791,-110.018,0.000,1azz.ent_0001_scored_0001
1ay7,{'A': 'DVSGTVCLSALPPEATDTLNLIASDGPFPYSQDGVVFQNRESVLPTQSYGYYHEYTVITPGARTRGTRRIITGEATQEDYYTGDHYATFSLIDQTC'},1ay7,{'B': 'KKAVINGEQIRSISDLHQTLKKELALPEYYGENLDALWDCLTGWVEYPLVLEWRQFEQSKQLTENGAESVLQVFREAKAEGCDITIILS'},2025-01-15 02:03:16,['-71.950'],['-1.185'],['-1046.780'],['455.398'],['-308.123'],['2.316'],['40.976'],['189.670'],['670.165'],['-31.184'],['-47.198'],['-19.122'],['-52.081'],['0.000'],['-27.497'],['43.881'],['0.000'],['-29.843'],['44.159'],['-5.542'],['50.041'],['0.000'],['1ay7.ent_0001'],-71.946,-0.468,-40.854,-3.247,-29.632,-2.355,677.798,1258.067,580.269,8.000,-1.185,-1046.779,455.398,-308.125,2.316,40.976,189.676,670.165,0.431,-31.184,-47.200,-19.120,-52.082,10.000,-27.497,185.000,30.000,43.881,-29.843,0.606,-1.801,44.159,-5.542,50.041,0.729,-1.415,-19.815,-2.138,-34.209,0.000,1ay7.ent_0001_scored_0001
1b27,{'A': 'AQVINTFDGVADYLQTYHKLPDNYITKSEAQALGWVASKGNLADVAPGKSIGGDIFSNREGKLPGKSGRTWREADINYTSGFRNSDRILYSSDWLIYKTTDHYQTFTKIR'},1b27,{'D': 'MKKAVINGEQIRSISDLHQTLKKELALPEYYGENLDALWDALTGWVEYPLVLEWRQFEQSKQLTENGAESVLQVFREAKAEGADITIILS'},2025-01-15 02:03:41,['-96.994'],['0.000'],['-3529.656'],['1677.885'],['-1034.156'],['7.032'],['133.357'],['809.211'],['2240.288'],['-126.046'],['-121.816'],['-73.780'],['-158.667'],['0.000'],['-71.275'],['50.162'],['0.000'],['-113.204'],['15.979'],['51.838'],['145.854'],['0.000'],['1b27.ent_0001'],-79.187,-0.240,0.000,0.000,-39.992,-2.496,825.365,1602.218,776.853,9.000,0.000,-3529.654,1677.382,-1034.165,7.033,133.357,809.090,2240.287,0.392,-126.040,-121.817,-73.795,-158.667,13.000,-71.271,586.000,72.000,71.375,-114.301,0.640,-0.942,15.979,50.167,145.854,0.731,0.199,6.558,-1.907,-74.376,0.000,1b27.ent_0001_scored_0001
1b2s,{'A': 'AQVINTFDGVADYLQTYHKLPDNYITASEAQALGWVASKGNLADVAPGKSIGGDIFSNREGKLPGKSGRTWREADINYTSGFRNSDRILYSSDWLIYKTTDHYQTFTKIR'},1b2s,{'D': 'MKKAVINGEQIRSISDLHQTLKKELALPEYYGENLDALWDCLAGWVEYPLVLEWRQFEQSKQLTENGAESVLQVFREAKAEGCDITIILS'},2025-01-15 02:04:06,['-966.924'],['0.000'],['-3592.895'],['1266.035'],['-1061.314'],['6.944'],['134.794'],['481.540'],['2273.598'],['-149.162'],['-133.397'],['-80.676'],['-171.620'],['0.000'],['-67.935'],['47.872'],['0.000'],['-117.283'],['8.740'],['28.895'],['158.939'],['0.000'],['1b2s.ent_0001'],-966.889,-1.683,0.000,0.000,-49.189,-3.303,794.378,1489.300,694.922,3.000,0.000,-3592.892,1266.035,-1061.319,6.944,134.794,481.588,2273.599,0.308,-149.162,-133.394,-80.683,-171.625,13.000,-67.936,601.000,71.000,47.872,-117.283,0.643,-2.563,8.740,28.895,158.939,0.766,-2.423,-77.522,-2.677,-104.416,0.000,1b2s.ent_0001_scored_0001
1b2u,{'A': 'AQVINTFDGVADYLQTYHKLPDNYITASEAQALGWVASKGNLADVAPGKSIGGDIFSNREGKLPGKSGRTWREADINYTSGFRNSDRILYSSDWLIYKTTDHYQTFTKIR'},1b2u,{'D': 'MKKAVINGEQIRSISDLHQTLKKELALPEYYGENLAALWDCLTGWVEYPLVLEWRQFEQSKQLTENGAESVLQVFREAKAEGCDITIILS'},2025-01-15 02:04:29,['-363.256'],['0.000'],['-3514.985'],['1503.774'],['-993.763'],['7.042'],['130.305'],['643.752'],['2191.509'],['-122.052'],['-118.878'],['-64.358'],['-159.617'],['0.000'],['-68.842'],['72.949'],['0.000'],['-109.422'],['11.282'],['52.865'],['175.182'],['0.000'],['1b2u.ent_0001'],-363.280,-0.766,0.000,0.000,-34.712,-2.454,755.438,1414.663,659.225,7.000,0.000,-3514.982,1503.775,-993.767,7.042,130.305,643.721,2191.508,0.307,-122.041,-118.885,-64.359,-159.615,9.000,-68.839,587.000,69.000,72.949,-109.422,0.615,-1.954,11.282,52.865,175.182,0.740,-1.749,-52.459,-2.112,-82.350,0.000,1b2u.ent_0001_scored_0001
1b3s,{'A': 'AQVINTFDGVADYLQTYHKLPDNYITKSEAQALGWVASKGNLADVAPGKSIGGDIFSNREGKLPGKSGRTWREADINYTSGFRNSDRILYSSDWLIYKTTDAYQTFTKIR'},1b3s,{'D': 'MKKAVINGEQIRSISDLHQTLKKELALPEFYGENLDALWDCLTGWVEYPLVLEWRQFEQSKQLTENGAESVLQVFREAKAEGCDITIILS'},2025-01-15 02:04:51,['440.804'],['0.000'],['-3478.168'],['1877.170'],['-994.365'],['6.930'],['130.916'],['1040.653'],['2188.328'],['-119.598'],['-122.251'],['-59.248'],['-149.304'],['0.000'],['-64.175'],['48.758'],['0.000'],['-107.853'],['9.217'],['68.357'],['165.437'],['0.000'],['1b3s.ent_0001'],440.660,0.584,0.000,0.000,-27.157,-1.913,639.010,1419.896,780.887,4.000,0.000,-3478.163,1877.174,-994.387,6.930,130.917,1040.536,2188.329,0.375,-119.605,-122.255,-59.251,-149.305,9.000,-64.174,587.000,68.000,48.758,-107.853,0.624,-1.821,9.217,68.357,165.437,0.713,-1.741,-53.960,-1.888,-69.856,0.000,1b3s.ent_0001_scored_0001
1b6c,{'A': 'GVQVETISPGDGRTFPKRGQTCVVHYTGMLEDGKKFDSSRDRNKPFKFMLGKQEVIRGWEEGVAQMSVGQRAKLTISPDYAYGATGHPGIIPPHATLVFDVELLKLE'},1b6c,{'B': 'TTLKDLIYDMTTSGSGSGLPLLVQRTIARTIVLQESIGKGRFGEVWRGKWRGEEVAVKIFSSREERSWFREAEIYQTVMLRHENILGFIAADNKDNGTWTQLWLVSDYHEHGSLFDYLNRYTVTVEGMIKLALSTASGLAHLHMEIVGTQGKPAIAHRDLKSKNILVKKNGTCCIADLGLAVRHDSATDTIDIAPNHRVGTKRYMAPEVLDDSINMKHFESFKRADIYAMGLVFWEIARRCSIGGIHEDYQLPYYDLVPSDPSVEEMRKVVCEQKLRPNIPNRWQSCEALRVMAKIMRECWYANGAARLTALRIKKTLSQLSQQEG'},2025-01-15 02:05:39,['1231.382'],['0.000'],['-10623.039'],['4474.743'],['-2823.594'],['23.757'],['361.430'],['3951.443'],['6663.430'],['-248.178'],['-395.291'],['-145.957'],['-497.322'],['0.000'],['-213.442'],['-8.933'],['0.000'],['-278.030'],['158.205'],['188.760'],['643.399'],['0.000'],['1b6c.ent_0001'],1231.191,0.535,0.000,0.000,-38.454,-1.105,1739.348,3479.502,1740.154,12.000,0.000,-10623.028,4474.745,-2823.575,23.757,361.430,3951.214,6663.430,0.457,-248.170,-395.278,-145.961,-497.318,16.000,-213.456,1736.000,162.000,-8.933,-278.030,0.612,-0.711,158.205,188.760,643.399,0.694,-0.288,-26.485,-1.267,-88.693,0.000,1b6c.ent_0001_scored_0001
1bj1,"{'V': 'VVKFMDVYQRSYCHPIETLVDIFQEYPDEIEYIFKPSCVPLMRCGGCCNDEGLECVPTEESNITMQIMRIKPHQGQHIGEMSFLQHNKCECRPK', 'W': 'VVKFMDVYQRSYCHPIETLVDIFQEYPDEIEYIFKPSCVPLMRCGGCCNDEGLECVPTEESNITMQIMRIKPHQGQHIGEMSFLQHNKCECRPK'}",1bj1,"{'L': 'DIQMTQSPSSLSASVGDRVTITCSASQDISNYLNWYQQKPGKAPKVLIYFTSSLHSGVPSRFSGSGSGTDFTLTISSLQPEDFATYYCQQYSTVPWTFGQGTKVEIKRTVAAPSVFIFPPSDEQLKSGTASVVCLLNNFYPREAKVQWKVDNALQSGNSQESVTEQDSKDSTYSLSSTLTLSKADYEKHKVYACEVTHQGLSSPVTKSFNRGE', 'H': 'EVQLVESGGGLVQPGGSLRLSCAASGYTFTNYGMNWVRQAPGKGLEWVGWINTYTGEPTYAADFKRRFTFSLDTSKSTAYLQMNSLRAEDTAVYYCAKYPHYYGSSHWYFDVWGQGTLVTVSSASTKGPSVFPLAPSGTAALGCLVKDYFPEPVTVSWNSGALTSGVHTFPAVLQSSGLYSLSSVVTVPSSSLGTQTYICNVNHKPSNTKVDKKVEPK'}",2025-01-15 02:06:09,['407.188'],['-6.462'],['-5974.720'],['2930.843'],['-1476.310'],['11.927'],['193.065'],['1535.876'],['3384.936'],['-117.960'],['-458.484'],['-89.457'],['-95.330'],['0.000'],['-127.901'],['60.798'],['0.000'],['-167.745'],['221.435'],['226.602'],['356.075'],['0.000'],['1bj1.ent_0001'],407.425,0.137,0.000,0.000,-73.165,-2.165,2047.703,3378.786,1331.083,21.000,-6.462,-5974.718,2930.843,-1476.322,11.927,193.065,1536.125,3384.936,0.165,-117.965,-458.504,-89.455,-95.315,8.000,-127.896,1052.000,153.000,60.798,-167.745,0.684,-1.984,221.435,226.602,356.075,0.665,-2.616,-193.620,-1.392,-109.974,0.000,1bj1.ent_0001_scored_0001
1bql,"{'L': 'DIVLTQSPAIMSASPGEKVTMTCSASSSVNYMYWYQQKSGTSPKRWIYDTSKLASGVPVRFSGSGSGTSYSLTISSMETEDAATYYCQQWGRNPTFGGGTKLEIKRADAAPTVSIFPPSSEQLTSGGASVVCFLNNFYPKDINVKWKIDGSERQNGVLNSWTDQDSKDSTYSMSSTLTLTKDEYERHNSYTCEATHKTSTSPIVKSFNRNEC', 'H': 'VQLQQSGAELMKPGASVKISCKASGYTFSDYWIEWVKQRPGHGLEWIGEILPGSGSTNYHERFKGKATFTADTSSSTAYMQLNSLTSEDSGVYYCLHGNYDFDGWGQGTTLTVSSAKTTPPSVYPLAPGSAAQTNSMVTLGCLVKGYFPEPVTVTWNSGSLSSGVHTFPAVLQSDLYTLSSSVTVPSSPRPSETVTCNVAHPASSTKVDKKIVP'}",1bql,{'Y': 'KVFGRCELAAAMKRHGLDNYRGYSLGNWVCAAKFESNFNSQATNRNTDGSTDYGVLQINSRWWCNDGKTPGSRNLCNIPCSALLSSDITATVNCAKKIVSDGNGMNAWVAWRNRCKGTDVQAWIRGCRL'},2025-01-15 02:06:34,['1832.908'],['-1.697'],['-3086.807'],['2274.619'],['-801.352'],['6.271'],['104.982'],['888.622'],['1939.256'],['-53.181'],['-175.384'],['-49.499'],['-81.729'],['0.000'],['-38.238'],['98.551'],['0.000'],['-69.242'],['442.953'],['226.345'],['208.439'],['0.000'],['1bql.ent_0001'],1832.930,2.966,0.000,0.000,-16.658,-1.005,729.244,1657.027,927.783,10.000,-1.697,-3086.805,2274.619,-801.354,6.271,104.982,888.658,1939.256,0.335,-53.184,-175.390,-49.506,-81.727,8.000,-38.238,555.000,71.000,98.551,-69.242,0.647,-0.416,442.953,226.345,208.439,0.670,-0.660,-19.150,-0.247,-10.358,0.000,1bql.ent_0001_scored_0001
1brs,{'A': 'VINTFDGVADYLQTYHKLPDNYITKSEAQALGWVASKGNLADVAPGKSIGGDIFSNREGKLPGKSGRTWREADINYTSGFRNSDRILYSSDWLIYKTTDHYQTFTKIR'},1brs,{'D': 'KKAVINGEQIRSISDLHQTLKKELALPEYYGENLDALWDALTGWVEYPLVLEWRQFEQSKQLTGAESVLQVFREAKAEGADITIILS'},2025-01-15 02:06:56,['132.042'],['0.000'],['-3564.056'],['1667.323'],['-999.436'],['10.717'],['136.919'],['1068.927'],['2248.418'],['-129.010'],['-120.527'],['-67.585'],['-156.544'],['0.000'],['-70.044'],['22.270'],['0.000'],['-118.751'],['8.099'],['48.820'],['146.503'],['0.000'],['1brs.ent_0001'],132.139,-0.210,0.000,0.000,-50.204,-3.175,796.465,1580.989,784.524,9.000,0.000,-3564.058,1667.324,-999.458,10.715,136.919,1069.016,2248.418,0.311,-128.995,-120.520,-67.581,-156.543,13.000,-70.040,588.000,67.000,22.270,-118.751,0.649,-2.336,8.099,48.820,146.503,0.700,-1.982,-59.458,-2.623,-97.064,0.000,1brs.ent_0001_scored_0001
1bth,"{'L': 'GEADCGLRPLFEKKSLEDKTERELLESYIDG', 'H': 'IVEGSDAEIGMSPWQVMLFRKSPQELLCGASLISDRWVLTAAHCLLYPPWDKNFTENDLLVRIGKHSRTRYERNIEKISMLEKIYIHPRYNWRENLDRDIALMKLKKPVAFSDYIHPVCLPDRETAASLLQAGYKGRVTGWGNLKETWTTNVGKGQPSVLQVVNLPIVERPVCKDSTRIRITDNMFCAGYKPDEGKRGDACQGDSGGPFVMKSPFNNRWYQMGIVSWGEGCDRDGKYGFYTHVFRLKKWIQKVI'}",1bth,{'P': 'RPDFCLEPPYTGPCKARIIRYFYNAKAGLCQTFVYGGCRAKRNNFKSAEDCMRTCGGA'},2025-01-15 02:07:26,['3133.104'],['-17.390'],['-4205.933'],['1945.087'],['-1078.778'],['8.911'],['148.217'],['3682.287'],['2580.428'],['-115.953'],['-197.118'],['-76.577'],['-99.899'],['0.000'],['-68.657'],['102.282'],['0.000'],['-88.441'],['183.735'],['203.497'],['227.403'],['0.000'],['1bth.ent_0001'],3132.770,4.515,0.000,0.000,981.813,40.083,1277.043,2449.456,1172.413,34.000,-17.390,-4205.930,1945.088,-1078.784,8.911,148.216,3681.947,2580.426,-0.008,-115.950,-197.102,-76.580,-99.900,11.000,-68.659,675.000,91.000,102.282,-88.441,0.000,10.871,183.735,203.497,227.403,0.622,13.282,438.310,9.499,550.925,0.000,1bth.ent_0001_scored_0001
1buh,{'A': 'MENFQKVEKIGEGTYGVVYKARNKLTGEVVALKKIRLDTTAIREISLLKELNHPNIVKLLDVIHTENKLYLVFEFLHQDLKKFMDASALTGIPLPLIKSYLFQLLQGLAFCHSHRVLHRDLKPQNLLINTEGAIKLADFGLARAFGVPVRTYTHEVVTLWYRAPEILLGCKYYSTAVDIWSLGCIFAEMVTRRALFPGDSEIDQLFRIFRTLGTPDEVVWPGVTSMPDYKPSFPKWARQDFSKVVPPLDEDGRSLLSQMLHYDPNKRISAKAALAHPFFQDVTKPVP'},1buh,{'B': 'QIYYSDKYDDEEFEYRHVMLPKDIAKLVPKTHLMSESEWRNLGVQQSQGWVHYMIHEPEPHILLFRRPLP'},2025-01-15 02:07:45,['481.615'],['0.000'],['-2163.754'],['1206.262'],['-456.728'],['5.043'],['80.971'],['650.216'],['1218.710'],['-48.375'],['-57.235'],['-21.948'],['-79.622'],['0.000'],['-48.936'],['31.780'],['0.000'],['-51.069'],['34.284'],['69.248'],['112.769'],['0.000'],['1buh.ent_0001'],481.651,1.066,-32.809,-2.473,-20.747,-1.564,733.371,1326.464,593.093,6.000,0.000,-2163.750,1206.262,-456.735,5.042,80.971,650.250,1218.710,0.344,-48.376,-57.224,-21.945,-79.625,5.000,-48.941,357.000,34.000,31.780,-51.069,0.675,-1.300,34.284,69.248,112.769,0.663,-2.384,-40.531,-0.215,-3.661,0.000,1buh.ent_0001_scored_0001
1bvk,"{'A': 'DIQMTQSPSSLSASVGDRVTITCRASGNIHNYLAWYQQKPGKAPKLLIYYTTTLADGVPSRFSGSGSGTDYTFTISSLQPEDIATYYCQHFWSTPRTFGQGTKVEIKR', 'B': 'QVQLQESGPGLVRPSQTLSLTCTVSGFSLTGYGVNWVRQPPGRGLEWIGMIWGDGNTDYNSALKSRVTMLKDTSKNQFSLRLSSVTAADTAVYYCARERDYRLDYWGQGSLVTVSS'}",1bvk,{'C': 'KVFGRCELAAAMKRHGLDNYRGYSLGNWVCAAKFESNFNTQATNRNTDGSTDYGILQINSRWWCNDGRTPGSRNLCNIPCSALLSSDITASVNCAKKIVSDGNGMNAWVAWRNRCKGTDVQAWIRGCRL'},2025-01-15 02:08:10,['2922.714'],['-13.692'],['-4112.937'],['3117.903'],['-956.175'],['11.828'],['137.657'],['2069.844'],['2475.688'],['-87.691'],['-177.759'],['-62.816'],['-90.548'],['0.000'],['-46.088'],['3.661'],['0.000'],['-84.210'],['184.908'],['225.261'],['327.881'],['0.000'],['1bvk.ent_0001'],2922.346,3.927,0.000,0.000,-15.987,-1.125,661.736,1421.267,759.532,9.000,-13.692,-4112.936,3117.903,-956.174,11.827,137.657,2069.442,2475.688,0.675,-87.688,-177.745,-62.815,-90.538,8.000,-46.085,706.000,53.000,3.661,-84.210,0.641,0.140,184.908,225.261,327.881,0.683,0.050,1.262,0.220,6.151,0.000,1bvk.ent_0001_scored_0001
1bvn,{'P': 'QYAPQTQSGRTDIVHLFEWRWVDIALECERYLGPKGFGGVQVSPPNENVVVTNPSRPWWERYQPVSYKLCTRSGNENEFRDMVTRCNNVGVRIYVDAVINHMCGSGAAAGTGTTCGSYCNPGSREFPAVPYSAWDFNDGKCKTASGGIESYNDPYQVRDCQLVGLLDLALEKDYVRSMIADYLNKLIDIGVAGFRLDASKHMWPGDIKAVLDKLHNLNTNWFPAGSRPFIFQEVIDLGGEAISSSEYFGNGRVTEFKYGAKLGTVVRKWSGEKMSYLKNWGEGWGFMPSDRALVFVDNHDNQRGHGAGGSSILTFWDARLYKVAVGFMLAHPYGFTRVMSSYRWARNFVNGEDVNDWIGPPNNNGVIKEVTINADTTCGNDWVCEHRWREIRNMVWFRNVVDGQPFANWWDNGSNQVAFGRGNRGFIVFNNDDWQLSSTLQTGLPGGTYCNVISGDKVGNSCTGIKVYVSSDGTAQFSISNSAQDPFIAIHAESKL'},1bvn,{'T': 'VSEPAPSCVTLYQSWRYSQADNGCAETVTVKVVYEDDTEGLCYAVAPGQITTVGDGYIGSHGHARYLARCL'},2025-01-15 02:08:34,['2211.997'],['-9.023'],['-3553.143'],['2687.957'],['-834.706'],['8.886'],['119.743'],['1657.377'],['2194.025'],['-71.723'],['-111.323'],['-40.954'],['-121.985'],['0.000'],['-72.644'],['-0.966'],['0.000'],['-92.849'],['56.723'],['165.033'],['231.569'],['0.000'],['1bvn.ent_0001'],2211.731,3.070,0.000,0.000,3.007,0.134,1295.388,2244.582,949.194,23.000,-9.023,-3553.146,2687.957,-834.730,8.886,119.743,1657.135,2194.025,-2.614,-71.714,-111.320,-40.957,-121.989,8.000,-72.646,569.000,97.000,-0.966,-92.849,0.676,0.904,56.723,165.033,231.569,0.557,-0.530,-20.676,1.868,108.355,0.000,1bvn.ent_0001_scored_0001
1c9t,{'A': 'IVGGYTCGANTVPYQVSLNSGYHFCGGSLINSQWVVSAAHCYKSGIQVRLGEDNINVVEGNEQFISASKSIVHPSYNSNTLNNDIMLIKLKSAASLNSRVASISLPTSCASAGTQCLISGWGNTKSSGTSYPDVLKCLKAPILSDSSCKSAYPGQITSNMFCAGYLEGGKDSCQGDSGGPVVCSGKLQGIVSWGSGCAQKNKPGVYTKVCNYVSWIKQTIASN'},1c9t,{'G': 'TTPCGPVTCSGAQMCEVDKCVCSDLHCKVKCEHGFKKDDNGCEYACICADAPQ'},2025-01-15 02:09:09,['4495.896'],['-67.945'],['-8624.280'],['3117.618'],['-2021.108'],['16.489'],['224.170'],['5841.244'],['4964.713'],['-140.961'],['-459.561'],['-85.476'],['-199.006'],['0.000'],['-187.494'],['258.807'],['0.000'],['-178.063'],['367.137'],['749.790'],['919.821'],['0.000'],['1c9t.ent_0001'],4496.155,2.819,0.000,0.000,-15.816,-0.999,930.331,1582.986,652.654,9.000,-67.945,-8624.277,3117.622,-2021.058,16.489,224.169,5841.549,4964.709,0.338,-140.958,-459.548,-85.481,-199.012,8.000,-187.476,1545.000,77.000,258.807,-178.063,0.000,0.076,367.017,749.790,919.821,0.675,0.458,10.068,-0.076,-4.198,0.000,1c9t.ent_0001_scored_0001
1clv,{'A': 'KDANFASGRNSIVHLFEWKWNDIADECERFLQPQGFGGVQISPPNEYLVADGRPWWERYQPVSYIINTRSGDESAFTDMTRRCNDAGVRIYVDAVINHMTGMNGVGTSGSSADHDGMNYPAVPYGSGDFHSPCEVNNYQDADNVRNCELVGLRDLNQGSDYVRGVLIDYMNHMIDLGVAGFRVDAAKHMSPGDLSVIFSGLKNLNTDYGFADGARPFIYQEVIDLGGEAISKNEYTGFGCVLEFQFGVSLGNAFQGGNQLKNLANWGPEWGLLEGLDAVVFVDNHDNQRTGGSQILTYKNPKPYKMAIAFMLAHPYGTTRIMSSFDFTDNDQGPPQDGSGNLISPGINDDNTCSNGYVCEHRWRQVYGMVGFRNAVEGTQVENWWSNDDNQIAFSRGSQGFVAFTNGGDLNQNLNTGLPAGTYCDVISGELSGGSCTGKSVTVGDNGSADISLGSAEDDGVLAIHVNAKL'},1clv,{'I': 'CIPKWNRCGPKMDGVPCCEPYTCTSDYYGNCS'},2025-01-15 02:09:31,['-966.112'],['-9.549'],['-3071.801'],['878.299'],['-870.136'],['4.862'],['100.257'],['409.818'],['1894.575'],['-114.017'],['-116.507'],['-86.233'],['-128.551'],['0.000'],['-75.585'],['-3.273'],['0.000'],['-79.208'],['58.822'],['91.496'],['150.620'],['0.000'],['1clv.ent_0001'],-966.195,-1.972,0.000,0.000,-21.675,-1.048,1145.950,2068.509,922.559,14.000,-9.549,-3071.802,878.300,-870.164,4.862,100.257,409.781,1894.576,0.447,-114.027,-116.505,-86.240,-128.549,7.000,-75.591,505.000,77.000,-3.273,-79.208,0.632,-1.050,58.822,91.496,150.620,0.576,-1.006,-29.169,-1.077,-51.701,0.000,1clv.ent_0001_scored_0001
1cmx,{'A': 'RAVVPIESNPEVFTNFAHKLGLKNEWAYFDIYSLTEPELLAFLPRPVKAIVLLFPINDVIWFKQSVKNACGLYAILHSLSNNQSLLEPGSDLDNFLKSQSDTSSSKNRFDDVTTDQFVLNVIKENVQTFSTGQSEAPEATADTNLHYITYVEENGGIFELDGRNLSGPLYLGKSDPTATDLIEQELVRVRVASYMENANEEDVLNFAMLGLGPN'},1cmx,{'B': 'MQIFVKTLTGKTITLEVEPSDTIENVKAKIQDKEGIPPDQQRLIFAGKQLEDGRTLSDYNIQKESTLHLVLRLRG'},2025-01-15 02:09:59,['652.781'],['0.000'],['-3003.762'],['1631.728'],['-748.720'],['6.315'],['104.435'],['923.053'],['1828.496'],['-67.102'],['-107.904'],['-30.758'],['-130.353'],['0.000'],['-61.103'],['31.961'],['0.000'],['-65.383'],['147.450'],['91.003'],['103.426'],['0.000'],['1cmx.ent_0001'],652.761,0.673,0.000,0.000,-16.418,-0.536,1677.282,3061.499,1384.217,30.000,0.000,-3003.759,1631.728,-748.698,6.316,104.434,923.003,1828.497,0.631,-67.105,-107.901,-30.759,-130.344,14.000,-61.109,517.000,125.000,31.961,-65.383,0.537,-1.186,147.450,91.003,103.426,0.674,-1.977,-77.101,-0.828,-71.209,0.000,1cmx.ent_0001_scored_0001
1cz8,"{'V': 'VVKFMDVYQRSYCHPIETLVDIFQEYPDEIEYIFKPSCVPLMRCGGCCNDEGLECVPTEESNITMQIMRIKPHQGQHIGEMSFLQHNKCECRPK', 'W': 'VVKFMDVYQRSYCHPIETLVDIFQEYPDEIEYIFKPSCVPLMRCGGCCNDEGLECVPTEESNITMQIMRIKPHQGQHIGEMSFLQHNKCECRPK'}",1cz8,"{'L': 'DIQLTQSPSSLSASVGDRVTITCSASQDISNYLNWYQQKPGKAPKVLIYFTSSLHSGVPSRFSGSGSGTDFTLTISSLQPEDFATYYCQQYSTVPWTFGQGTKVEIKRTVAAPSVFIFPPSDEQLKSGTASVVCLLNNFYPREAKVQWKVDNALQSGNSQESVTEQDSKDSTYSLSSTLTLSKADYEKHKVYACEVTHQGLSSPVTKSFNRGE', 'H': 'EVQLVESGGGLVQPGGSLRLSCAASGYDFTHYGMNWVRQAPGKGLEWVGWINTYTGEPTYAADFKRRFTFSLDTSKSTAYLQMNSLRAEDTAVYYCAKYPYYYGTSHWYFDVWGQGTLVTVSSASTKGPSVFPLAPSGTAALGCLVKDYFPEPVTVSWNSGALTSGVHTFPAVLQSSGLYSLSSVVTVPSSSLGTQTYICNVNHKPSNTKVDKKVEPK'}",2025-01-15 02:10:29,['2465.377'],['-17.232'],['-6267.602'],['4348.206'],['-1608.407'],['15.817'],['211.091'],['2538.263'],['3591.729'],['-137.987'],['-446.969'],['-108.173'],['-99.207'],['0.000'],['-82.859'],['28.103'],['0.000'],['-163.557'],['40.136'],['267.808'],['356.216'],['0.000'],['1cz8.ent_0001'],2465.234,2.120,0.000,0.000,-81.779,-2.340,2221.406,3494.711,1273.305,20.000,-17.232,-6267.598,4348.206,-1608.348,15.817,211.091,2538.042,3591.728,0.148,-137.976,-446.955,-108.170,-99.210,10.000,-82.868,1052.000,158.000,28.103,-163.557,0.775,-1.965,40.136,267.808,356.216,0.723,-2.374,-180.424,-1.587,-130.114,0.000,1cz8.ent_0001_scored_0001
1d6r,{'A': 'IVGGYTCGANTVPYQVSLNSGYHFCGGSLINSQWVVSAAHCYKSGIQVRLGEDNINVVEGNEQFISASKSIVHPSYNSNTLNNDIMLIKLKSAASLNSRVASISLPTSCASAGTQCLISGWGNTKSSGTSYPDVLKCLKAPILSDSSCKSAYPGQITSNMFCAGYLEGGKDSCQGDSGGPVVCSGKLQGIVSWGSGCAQKNKPGVYTKVCNYVSWIKQTIASN'},1d6r,{'I': 'KPCCDQCACTKSNPPQCRCSDMRLNSCHSACKSCICALSYPAQCFCVDITDFCYEPCK'},2025-01-15 02:10:49,['849.358'],['-14.271'],['-1550.797'],['1149.898'],['-357.793'],['4.563'],['49.485'],['545.991'],['955.020'],['-38.827'],['-87.916'],['-10.908'],['-32.910'],['0.000'],['-43.318'],['9.200'],['0.000'],['-46.204'],['94.296'],['66.655'],['157.193'],['0.000'],['1d6r.ent_0001'],849.463,2.609,-24.544,-1.680,-17.148,-1.174,669.055,1460.872,791.817,7.000,-14.271,-1550.796,1149.898,-357.796,4.562,49.485,546.093,955.020,0.380,-38.821,-87.919,-10.906,-32.910,7.000,-43.316,281.000,41.000,9.200,-46.204,0.000,-0.597,94.296,66.655,157.193,0.610,-1.477,-38.393,0.927,13.910,0.000,1d6r.ent_0001_scored_0001
1dee,"{'C': 'DIQMTQSPSSLSASVGDRVTITCRTSQSISSYLNWYQQKPGKAPKLLIYAASSLQSGVPSRFSGSGSGTDFTLTISSLQPEDFATYYCQQSYSAPRTFGQGTKVEIKRTVAAPSVFIFPPSDEQLKSGTASVVCLLNNFYPREAKVQWKVDNALQSGNSQESVTEQDSKDSTYSLSSTLTLSKADYEKHKVYACEVTHQGLSSPVTKSFNRGEC', 'D': 'QVQLVESGGGVVQPGKSLRLSCAASGFTFSGYGMHWVRQAPGKGLEWVALISYDESNKYYADSVKGRFTISRDNSKNTLYLQMNSLRAEDTAVYYCAKVKFYDPTAPNDYWGQGTLVTVSSGSASAPTLFPLVSCENSNPSSTVAVGCLAQDFLPDSITFSWKYKNNSDISSTRGFPSVLRGGKYAATSQVLLPSKDVAQGTNEHVVCKVQHPNGNKEKDVPL'}",1dee,{'G': 'DQQSAFYEILNMPNLNEAQRNGFIQSLKDDPSQSTNVLGEAKKLNESQAPK'},2025-01-15 02:11:24,['1072.032'],['-5.575'],['-8316.086'],['3975.544'],['-2186.338'],['16.104'],['266.041'],['2703.525'],['5018.505'],['-162.775'],['-543.910'],['-119.039'],['-178.233'],['0.000'],['-107.984'],['0.194'],['0.000'],['-188.180'],['181.393'],['371.510'],['347.336'],['0.000'],['1dee.ent_0001'],1072.313,0.575,0.000,0.000,-18.990,-0.756,1210.110,2512.382,1302.272,18.000,-5.575,-8316.087,3975.544,-2186.300,16.104,266.041,2703.752,5018.506,0.233,-162.788,-543.894,-119.034,-178.223,4.000,-107.985,1416.000,86.000,0.194,-188.180,0.698,-1.604,181.393,371.510,347.336,0.632,-2.043,-75.597,-1.272,-62.351,0.000,1dee.ent_0001_scored_0001
1dfj,{'E': 'KETAAAKFERQHMDSSTSAASSSNYCNQMMKSRNLTKDRCKPVNTFVHESLADVQAVCSQKNVACKNGQTNCYQSYSTMSITDCRETGSSKYPNCAYKTTQANKHIIVACEGNPYVPVHFDASV'},1dfj,{'I': 'MNLDIHCEQLSDARWTELLPLLQQYEVVRLDDCGLTEEHCKDIGSALRANPSLTELCLRTNELGDAGVHLVLQGLQSPTCKIQKLSLQNCSLTEAGCGVLPSTLRSLPTLRELHLSDNPLGDAGLRLLCEGLLDPQCHLEKLQLEYCRLTAASCEPLASVLRATRALKELTVSNNDIGEAGARVLGQGLADSACQLETLRLENCGLTPANCKDLCGIVASQASLRELDLGSNGLGDAGIAELCPGLLSPASRLKTLWLWECDITASGCRDLCRVLQAKETLKELSLAGNKLGDEGARLLCESLLQPGCQLESLWVKSCSLTAACCQHVSLMLTQNKHLLELQLSSNKLGDSGIQELCQALSQPGTTLRVLCLGDCEVTNSGCSSLASLLLANRSLRELDLSNNCVGDPGVLQLLGSLEQPGCALEQLVLYDTYWTEEVEDRLQALEGSKPGLRVIS'},2025-01-15 02:11:47,['1305.388'],['-5.603'],['-3378.214'],['1938.411'],['-821.675'],['6.858'],['103.301'],['1200.380'],['2197.239'],['-69.454'],['-118.923'],['-25.152'],['-135.338'],['0.000'],['-76.626'],['1.354'],['0.000'],['-20.529'],['78.685'],['203.076'],['227.598'],['0.000'],['1dfj.ent_0001'],1299.887,1.817,0.000,0.000,-7.719,-0.288,1275.830,2678.506,1402.676,22.000,-5.603,-3378.303,1939.668,-820.486,6.858,103.373,1200.413,2198.448,0.819,-69.451,-118.928,-25.156,-135.325,10.000,-76.520,581.000,110.000,1.354,-20.641,0.522,-0.172,78.685,193.903,227.598,0.527,0.000,0.016,-0.420,-18.885,0.000,1dfj.ent_0001_scored_0001
1dhk,{'A': 'YAPQTQSGRTSIVHLFEWRWVDIALECERYLGPKGFGGVQVSPPNENVVVTNPSRPWWERYQPVSYKLCTRSGNENEFRDMVTRCNNVGVRIYVDAVINHMCGSGAAAGTGTTCGSYCNPGSREFPAVPYSAWDFNDGKCKTASGGIESYNDPYQVRDCQLVGLLDLALEKDYVRSMIADYLNKLIDIGVAGFRIDASKHMWPGDIKAVLDKLHNLNTNWFPAGSRPFIFQEVIDLGGEAIQSSEYFGNGRVTEFKYGAKLGTVVRKWSGEKMSYLKNWGEGWGFMPSDRALVFVDNHDNQRGHGAGGASILTFWDARLYKVAVGFMLAHPYGFTRVMSSYRWARNFVNGEDVNDWIGPPNNNGVIKEVTINADTTCGNDWVCEHRWREIRNMVWFRNVVDGQPFANWWDNGSNQVAFGRGNRGFIVFNNDDWQLSSTLQTGLPGGTYCDVISGDKVGNSCTGIKVYVSSDGTAQFSISNSAEDPFIAIHAESKL'},1dhk,{'B': 'ATETSFIIDAFNKTNLILQGDATVSSNGNLQLSYNSYDSMSRAFYSAPIQIRDSTTGNVASFDTNFTMNIRTHRSAVGLDFVLVPVDTVTVEFDTFLSRISIDVNNNDIKSVPWDVHDYDGQNAEVRITYNSSTKVFSVSLSNPSTGKSNNVSTTVELEKEVYDWVSVGFSATSGAYQWSYETHDVLSWSFSSKF'},2025-01-15 02:12:14,['3469.022'],['-6.428'],['-4295.582'],['1600.577'],['-1255.551'],['8.548'],['147.253'],['4988.250'],['2705.036'],['-132.688'],['-215.375'],['-96.048'],['-143.034'],['0.000'],['-102.083'],['20.683'],['0.000'],['-116.998'],['36.919'],['66.758'],['258.785'],['0.000'],['1dhk.ent_0001'],3469.037,0.950,0.000,0.000,4.258,0.104,2134.105,4096.345,1962.240,33.000,-6.428,-4295.578,1600.577,-1255.542,8.547,147.254,4988.245,2705.036,-3.142,-132.684,-215.375,-96.044,-143.034,13.000,-102.083,700.000,174.000,20.683,-116.998,0.705,7.269,36.919,66.758,258.785,0.620,-1.481,-136.281,17.086,1401.067,0.000,1dhk.ent_0001_scored_0001
1djs,{'A': 'TLEPEGAPYWTNTEKEKRLHAVPAANTVKFRCPAGGNPPTRWLKNGKEFKQEHRIGGYKVRNQHWSLIESVVPSDKGNYTCVVENEYGSINHTYHLDVVERSPHRPILQAGLPANASTVVGGDVEFVCKVYSDAQPHIQWIKHVEKPYLKVLKAAGVNTTDKEIEVLYIRNVTFEDAGEYTCLAGNSIGISFHSAWLTVLPA'},1djs,{'B': 'GNYKKPKLLYCSNGGHFLRILPDGTVDGTRDRSDQHIQLQLSAESVGEVYIKSTETGQYLADTDGLLYGSQTPNEECLFLERLEENHYNTYISKKHAEKNWFVGLKKNGSCKRGPRTHYGQKAILFLPLPVSSD'},2025-01-15 02:12:34,['558.973'],['-2.006'],['-1984.954'],['1280.651'],['-544.307'],['4.098'],['73.162'],['618.004'],['1244.630'],['-51.458'],['-123.221'],['-26.202'],['-27.708'],['0.000'],['-27.177'],['19.343'],['0.000'],['-60.868'],['14.627'],['64.198'],['88.161'],['0.000'],['1djs.ent_0001'],558.941,0.483,0.000,0.000,-39.055,-0.981,1891.649,3982.209,2090.560,18.000,-2.006,-1984.955,1280.651,-544.323,4.098,73.162,618.011,1244.630,0.308,-51.455,-123.226,-26.211,-27.718,19.000,-27.178,350.000,134.000,19.343,-60.868,0.618,-1.116,14.627,64.198,88.161,0.644,-0.839,-64.594,-1.490,-84.952,0.000,1djs.ent_0001_scored_0001
1dit,"{'L': 'GEADCGLRPLFEKKSLEDKTERELLESYI', 'H': 'IVEGSDAEIGMSPWQVMLFRKSPQELLCGASLISDRWVLTAAHCLLYPPWDKNFTENDLLVRIGKHSRTRYERNIEKISMLEKIYIHPRYNWRENLDRDIALMKLKKPVAFSDYIHPVCLPDRETAASLLQAGYKGRVTGWGNLKEGQPSVLQVVNLPIVERPVCKDSTRIRITDNMFCAGYKPDEGKRGDACEGDSGGPFVMKSPFNNRWYQMGIVSWGEGCDRDGKYGFYTHVFRLKKWIQKVIDQFGE'}",1dit,{'P': 'DPGGGGGNGDFEEI'},2025-01-15 02:12:51,['2222.954'],['-3.025'],['-1845.291'],['1327.122'],['-511.911'],['5.861'],['65.391'],['2067.543'],['1191.860'],['-44.838'],['-91.629'],['-30.238'],['-45.626'],['0.000'],['-24.040'],['30.149'],['0.000'],['-52.145'],['19.837'],['94.963'],['68.969'],['0.000'],['1dit.ent_0001'],2223.052,7.218,0.000,0.000,685.064,99.207,439.132,690.540,251.408,5.000,-3.025,-1845.294,1327.122,-511.922,5.862,65.391,2067.512,1191.860,-0.006,-44.839,-91.635,-30.443,-45.624,4.000,-23.684,296.000,35.000,30.149,-52.145,0.000,39.434,19.837,94.963,68.969,0.696,126.461,379.382,31.275,1000.791,0.000,1dit.ent_0001_scored_0001
1dpj,{'A': 'GGHDVPLTNYLNAQYYTDITLGTPPQNFKVILDTGSSNLWVPSNECGSLACFLHSKYDHEASSSYKANGTEFAIQYGTGSLEGYISQDTLSIGDLTIPKQDFAEATSEPGLTFAFGKFDGILGLGYDTISVDKVVPPFYNAIQQDLLDEKRFAFYLGDTSKDTENGGEATFGGIDESKFKGDITWLPVRRKAYWEVKFEGIGLGDEYAELESHGAAIDTGTSLITLPSGLAEMINAEIGAKKGWTGQYTLDCNTRDNLPDLIFNFNGYNFTIGPYDYTLEVSGSCISAITPMDFPEPVGPLAIVGDAFLRKYYSIYDLGNNAVGLAKAI'},1dpj,{'B': 'TDQQKVSEIFQSSKEKLQGDAKVVSDAFK'},2025-01-15 02:13:14,['6181.444'],['-2.090'],['-2135.730'],['637.617'],['-599.560'],['4.107'],['74.410'],['7095.257'],['1375.258'],['-60.199'],['-135.561'],['-47.302'],['-78.604'],['0.000'],['-44.466'],['6.248'],['0.000'],['-51.324'],['21.582'],['26.501'],['95.302'],['0.000'],['1dpj.ent_0001'],6181.679,16.449,0.000,0.000,-71.482,-2.266,2127.378,3154.217,1026.838,3.000,-2.090,-2135.726,637.616,-599.543,4.107,74.410,7095.490,1375.260,0.159,-60.209,-135.565,-47.294,-78.621,11.000,-44.465,372.000,105.000,6.248,-51.324,0.000,-1.974,21.582,26.501,95.302,0.641,-2.506,-72.678,-1.771,-134.563,0.000,1dpj.ent_0001_scored_0001
1dp5,{'A': 'GGHDVPLTNYLNAQYYTDITLGTPPQNFKVILDTGSSNLWVPSNECGSLACFLHSKYDHEASSSYKANGTEFAIQYGTGSLEGYISQDTLSIGDLTIPKQDFAEATSEPGLTFAFGKFDGILGLGYDTISVDKVVPPFYNAIQQDLLDEKRFAFYLGDTSKDTENGGEATFGGIDESKFKGDITWLPVRRKAYWEVKFEGIGLGDEYAELESHGAAIDTGTSLITLPSGLAEMINAEIGAKKGWTGQYTLDCNTRDNLPDLIFNFNGYNFTIGPYDYTLEVSGSCISAITPMDFPEPVGPLAIVGDAFLRKYYSIYDLGNNAVGLAKAI'},1dp5,{'B': 'NTDQQKVSEIFQSSKEKLQGDAKVVSDAFMM'},2025-01-15 02:13:39,['5973.651'],['-2.087'],['-2177.377'],['857.496'],['-563.406'],['4.255'],['75.450'],['6630.829'],['1381.398'],['-62.383'],['-128.941'],['-35.029'],['-76.197'],['0.000'],['-38.974'],['0.576'],['0.000'],['-49.736'],['31.358'],['28.430'],['97.991'],['0.000'],['1dp5.ent_0001'],5973.807,15.766,0.000,0.000,-57.530,-1.860,2286.879,3093.672,806.793,6.000,-2.087,-2177.378,857.495,-563.407,4.255,75.450,6631.014,1381.398,0.110,-62.391,-128.946,-35.029,-76.205,6.000,-38.979,368.000,106.000,0.576,-49.736,0.000,-1.785,31.358,28.430,97.991,0.677,-2.145,-66.484,-1.637,-122.748,0.000,1dp5.ent_0001_scored_0001
1dqj,"{'A': 'DIVLTQSPATLSVTPGDSVSLSCRASQSISNNLHWYQQKSHESPRLLIKYASQSISGIPSRFSGSGSGTDFTLSINSVETEDFGMYFCQQSNSWPYTFGGGTKLEIKRADAAPTVSIFPPSSEQLTSGGASVVCFLNNFYPKDINVKWKIDGSERQNGVLNSWTDQDSKDSTYSMSSTLTLTKDEYERHNSYTCEATHKTSTSPIVKSFNRNEC', 'B': 'EVQLQESGPSLVKPSQTLSLTCSVTGDSVTSDYWSWIRKFPGNKLEYMGYISYSGSTYYHPSLKSRISITRDTSKNQYYLQLNSVTTEDTATYYCASWGGDVWGAGTTVTVSSAKTTAPSVYPLAPVCGDTTGSSVTLGCLVKGYFPEPVTLTWNSGSLSSGVHTFPAVLQSDLYTLSSSVTVTSSTWPSQSITCNVAHPASSTKVDKKI'}",1dqj,{'C': 'KVFGRCELAAAMKRHGLDNYRGYSLGNWVCAAKFESNFNTQATNRNTDGSTDYGILQINSRWWCNDGRTPGSRNLCNIPCSALLSSDITASVNCAKKIVSDGNGMNAWVAWRNRCKGTDVQAWIRGCRL'},2025-01-15 02:14:04,['-335.988'],['-9.850'],['-3188.443'],['1173.171'],['-865.105'],['6.137'],['100.797'],['741.342'],['1968.476'],['-104.601'],['-212.463'],['-73.106'],['-84.844'],['0.000'],['-57.137'],['-6.545'],['0.000'],['-76.320'],['38.609'],['98.950'],['214.945'],['0.000'],['1dqj.ent_0001'],-335.906,-0.753,0.000,0.000,-20.202,-1.137,756.542,1776.695,1020.153,11.000,-9.850,-3188.442,1173.171,-865.117,6.137,100.797,741.460,1968.476,0.561,-104.608,-212.458,-73.117,-84.850,12.000,-57.143,553.000,70.000,-6.545,-76.320,0.707,-1.632,38.609,98.950,214.945,0.687,-1.943,-66.049,-1.338,-48.163,0.000,1dqj.ent_0001_scored_0001
