ligand_name,ligand_sequence,receptor_name,receptor_sequence,scores_total_score,scores_dslf_fa13,scores_fa_atr,scores_fa_dun,scores_fa_elec,scores_fa_intra_rep,scores_fa_intra_sol_xover4,scores_fa_rep,scores_fa_sol,scores_hbond_bb_sc,scores_hbond_lr_bb,scores_hbond_sc,scores_hbond_sr_bb,scores_linear_chainbreak,scores_lk_ball_wtd,scores_omega,scores_overlap_chainbreak,scores_p_aa_pp,scores_pro_close,scores_rama_prepro,scores_ref,scores_yhh_planarity,scores_description,pack_total_score,pack_complex_normalized,pack_dG_cross,pack_dG_cross/dSASAx100,pack_dG_separated,pack_dG_separated/dSASAx100,pack_dSASA_hphobic,pack_dSASA_int,pack_dSASA_polar,pack_delta_unsatHbonds,pack_dslf_fa13,pack_fa_atr,pack_fa_dun,pack_fa_elec,pack_fa_intra_rep,pack_fa_intra_sol_xover4,pack_fa_rep,pack_fa_sol,pack_hbond_E_fraction,pack_hbond_bb_sc,pack_hbond_lr_bb,pack_hbond_sc,pack_hbond_sr_bb,pack_hbonds_int,pack_lk_ball_wtd,pack_nres_all,pack_nres_int,pack_omega,pack_p_aa_pp,pack_packstat,pack_per_residue_energy_int,pack_pro_close,pack_rama_prepro,pack_ref,pack_sc_value,pack_side1_normalized,pack_side1_score,pack_side2_normalized,pack_side2_score,pack_yhh_planarity,pack_description
V1176Y,ISGINASYVNIQKEIDRLNEVAKNLNESLIDLQEL,229E,DVLQENQKILAASFNKAMTNIVDAFTGVNDAITQTSQALQTVATALNKIQDVVNQQGNSLNHLTSQLRQNFQAISSSIQAIYDRLDTI,"['69.517', '-102.806', '-21.930', '-116.575', '-81.474']","['0.000', '0.000', '0.000', '0.000', '0.000']","['-1798.813', '-1781.432', '-1782.527', '-1768.260', '-1800.722']","['509.336', '531.897', '525.292', '504.831', '512.803']","['-564.583', '-560.300', '-540.854', '-545.749', '-535.687']","['7.209', '7.064', '7.326', '7.000', '7.476']","['56.818', '60.159', '62.864', '61.791', '62.131']","['835.683', '619.500', '694.496', '626.051', '648.244']","['1314.998', '1324.505', '1307.394', '1302.638', '1316.087']","['-2.347', '-3.270', '-4.282', '-4.186', '-3.739']","['0.000', '0.000', '0.000', '0.000', '0.000']","['-5.265', '-8.795', '-6.461', '-5.742', '-5.289']","['-282.232', '-275.132', '-267.110', '-282.205', '-272.407']","['0.000', '0.000', '0.000', '0.000', '0.000']","['-56.097', '-52.984', '-59.508', '-56.128', '-55.709']","['18.650', '2.838', '9.181', '8.574', '11.083']","['0.000', '0.000', '0.000', '0.000', '0.000']","['-5.841', '-7.988', '-8.388', '-6.032', '-5.905']","['0.000', '0.000', '0.000', '0.000', '0.000']","['-43.341', '-44.208', '-44.693', '-44.497', '-45.179']","['85.340', '85.340', '85.340', '85.340', '85.340']","['0.000', '0.000', '0.000', '0.000', '0.000']","['pred.model_idx_0_0001', 'pred.model_idx_1_0001', 'pred.model_idx_2_0001', 'pred.model_idx_3_0001', 'pred.model_idx_4_0001']",-102.795,-2.166,0.000,0.000,-116.153,-1.429,6381.112,8129.194,1748.081,6.000,0.000,-1781.432,531.897,-560.311,7.064,60.158,619.524,1324.505,0.017,-3.270,0.000,-8.798,-275.129,3.000,-52.985,299.000,247.000,2.838,-7.988,0.498,-2.392,0.000,-44.208,85.340,0.616,-2.550,-359.549,-2.183,-231.382,0.000,pred.model_idx_1_0001_scored_0001
V1177L,ISGINASVLNIQKEIDRLNEVAKNLNESLIDLQEL,229E,DVLQENQKILAASFNKAMTNIVDAFTGVNDAITQTSQALQTVATALNKIQDVVNQQGNSLNHLTSQLRQNFQAISSSIQAIYDRLDTI,"['-272.098', '-179.739', '-129.506', '-181.727', '-149.731']","['0.000', '0.000', '0.000', '0.000', '0.000']","['-1792.965', '-1780.377', '-1772.779', '-1761.287', '-1791.117']","['525.328', '527.044', '529.994', '539.241', '534.259']","['-565.694', '-554.065', '-553.834', '-522.123', '-526.680']","['7.167', '7.180', '7.636', '7.620', '8.026']","['60.875', '61.457', '59.890', '61.125', '59.571']","['468.863', '547.337', '584.509', '504.418', '538.985']","['1321.756', '1312.605', '1315.980', '1285.755', '1319.018']","['-3.314', '-3.254', '-5.062', '-3.336', '-3.205']","['0.000', '0.000', '0.000', '0.000', '0.000']","['-7.719', '-6.984', '-6.709', '-5.307', '-7.189']","['-287.980', '-280.661', '-282.747', '-285.733', '-275.327']","['0.000', '0.000', '0.000', '0.000', '0.000']","['-59.404', '-55.672', '-57.345', '-53.900', '-55.038']","['21.775', '9.840', '17.428', '13.769', '13.963']","['0.000', '0.000', '0.000', '0.000', '0.000']","['-5.697', '-7.008', '-7.858', '-6.329', '-7.139']","['0.000', '0.000', '0.000', '0.000', '0.000']","['-41.509', '-43.599', '-45.028', '-42.059', '-44.277']","['86.420', '86.420', '86.420', '86.420', '86.420']","['0.000', '0.000', '0.000', '0.000', '0.000']","['pred.model_idx_0_0001', 'pred.model_idx_1_0001', 'pred.model_idx_2_0001', 'pred.model_idx_3_0001', 'pred.model_idx_4_0001']",-149.589,-2.018,0.000,0.000,-80.401,-1.326,4761.654,6063.133,1301.479,11.000,0.000,-1791.114,534.259,-526.678,8.027,59.571,539.106,1319.017,0.068,-3.205,0.000,-7.189,-275.311,6.000,-55.036,299.000,217.000,13.963,-7.139,0.533,-2.279,0.000,-44.277,86.420,0.684,-2.343,-276.466,-2.203,-218.064,0.000,pred.model_idx_4_0001_scored_0001
N1178E,ISGINASWVEIQKEIDRLNEVAKNLNESLIDLQEL,229E,DVLQENQKILAASFNKAMTNIVDAFTGVNDAITQTSQALQTVATALNKIQDVVNQQGNSLNHLTSQLRQNFQAISSSIQAIYDRLDTI,"['-323.868', '-211.600', '-18.051', '-316.560', '-144.232']","['0.000', '0.000', '0.000', '0.000', '0.000']","['-1792.337', '-1773.178', '-1771.874', '-1771.778', '-1773.309']","['524.528', '538.237', '518.499', '553.101', '505.285']","['-581.088', '-566.697', '-571.714', '-565.689', '-548.635']","['7.060', '6.663', '7.133', '6.803', '7.058']","['60.855', '59.923', '60.673', '62.477', '60.084']","['428.651', '518.316', '742.976', '387.175', '602.643']","['1332.401', '1319.137', '1308.079', '1330.855', '1305.082']","['-3.050', '-2.945', '-2.191', '-8.369', '-2.999']","['0.000', '0.000', '0.000', '0.000', '0.000']","['-8.172', '-10.810', '-5.463', '-11.803', '-8.220']","['-290.132', '-285.206', '-291.286', '-287.176', '-282.036']","['0.000', '0.000', '0.000', '0.000', '0.000']","['-58.322', '-52.117', '-62.714', '-45.713', '-58.343']","['17.858', '-0.057', '13.771', '-0.846', '14.196']","['0.000', '0.000', '0.000', '0.000', '0.000']","['-6.001', '-5.550', '-6.237', '-6.693', '-6.166']","['0.000', '0.000', '0.000', '0.000', '0.000']","['-41.756', '-42.951', '-43.337', '-44.540', '-44.507']","['85.635', '85.635', '85.635', '85.635', '85.635']","['0.000', '0.000', '0.000', '0.000', '0.000']","['pred.model_idx_0_0001', 'pred.model_idx_1_0001', 'pred.model_idx_2_0001', 'pred.model_idx_3_0001', 'pred.model_idx_4_0001']",-211.615,-2.222,0.000,0.000,-115.865,-1.493,6079.273,7762.514,1683.241,7.000,0.000,-1773.173,538.237,-566.686,6.662,59.923,518.273,1319.136,0.054,-2.946,0.000,-10.808,-285.195,8.000,-52.116,299.000,243.000,-0.057,-5.550,0.536,-2.486,0.000,-42.951,85.635,0.667,-2.723,-375.732,-2.174,-228.295,0.000,pred.model_idx_1_0001_scored_0001
Q1180K,ISGINASVVNIKKEIDRLNEVAKNLNESLIDLQEL,229E,DVLQENQKILAASFNKAMTNIVDAFTGVNDAITQTSQALQTVATALNKIQDVVNQQGNSLNHLTSQLRQNFQAISSSIQAIYDRLDTI,"['-313.925', '-253.436', '-300.356', '-71.579', '-284.420']","['0.000', '0.000', '0.000', '0.000', '0.000']","['-1785.764', '-1782.488', '-1788.084', '-1769.728', '-1787.591']","['526.914', '526.924', '511.157', '517.223', '508.512']","['-568.178', '-552.939', '-548.578', '-539.488', '-523.044']","['7.341', '7.085', '7.047', '6.810', '7.295']","['60.111', '59.672', '60.907', '62.680', '61.053']","['423.404', '474.477', '435.239', '649.271', '428.982']","['1312.637', '1316.708', '1319.608', '1299.766', '1309.273']","['-2.031', '-3.056', '-5.241', '-2.459', '-3.288']","['0.000', '0.000', '0.000', '0.000', '0.000']","['-5.102', '-5.443', '-7.736', '-6.670', '-6.116']","['-285.332', '-281.314', '-283.082', '-281.133', '-276.142']","['0.000', '0.000', '0.000', '0.000', '0.000']","['-58.245', '-53.510', '-53.808', '-52.325', '-54.439']","['20.944', '2.389', '14.456', '6.811', '12.796']","['0.000', '0.000', '0.000', '0.000', '0.000']","['-5.639', '-6.915', '-5.926', '-7.027', '-5.819']","['0.000', '0.000', '0.000', '0.000', '0.000']","['-43.123', '-43.162', '-44.451', '-43.448', '-44.029']","['88.137', '88.137', '88.137', '88.137', '88.137']","['0.000', '0.000', '0.000', '0.000', '0.000']","['pred.model_idx_0_0001', 'pred.model_idx_1_0001', 'pred.model_idx_2_0001', 'pred.model_idx_3_0001', 'pred.model_idx_4_0001']",-284.466,-2.263,0.000,0.000,-134.058,-2.135,5050.783,6277.797,1227.015,2.000,0.000,-1787.592,508.512,-523.056,7.295,61.053,428.954,1309.273,0.041,-3.288,0.000,-6.118,-276.141,7.000,-54.441,299.000,228.000,12.796,-5.819,0.518,-2.538,0.000,-44.029,88.137,0.691,-2.620,-322.217,-2.442,-256.366,0.000,pred.model_idx_4_0001_scored_0001
K1181E,ISGINASVVNIQEEIDRLNEVAKNLNESLIDLQEL,229E,DVLQENQKILAASFNKAMTNIVDAFTGVNDAITQTSQALQTVATALNKIQDVVNQQGNSLNHLTSQLRQNFQAISSSIQAIYDRLDTI,"['-367.904', '-353.738', '-192.000', '-297.228', '-182.221']","['0.000', '0.000', '0.000', '0.000', '0.000']","['-1794.105', '-1756.610', '-1775.604', '-1749.424', '-1759.519']","['503.283', '497.798', '496.542', '489.683', '508.453']","['-572.982', '-558.303', '-539.375', '-552.360', '-525.333']","['6.976', '6.566', '7.145', '6.632', '7.262']","['59.415', '60.298', '61.536', '62.064', '58.756']","['395.940', '406.232', '553.839', '457.266', '532.806']","['1330.747', '1310.574', '1305.616', '1303.080', '1286.950']","['-3.114', '-4.215', '-4.055', '-5.959', '-2.984']","['0.000', '0.000', '0.000', '0.000', '0.000']","['-5.990', '-8.486', '-5.370', '-5.646', '-5.848']","['-287.028', '-287.526', '-278.306', '-289.637', '-274.067']","['0.000', '0.000', '0.000', '0.000', '0.000']","['-55.265', '-57.985', '-60.291', '-56.046', '-55.684']","['16.790', '5.940', '14.001', '8.501', '12.739']","['0.000', '0.000', '0.000', '0.000', '0.000']","['-5.929', '-8.815', '-8.340', '-7.191', '-6.023']","['0.000', '0.000', '0.000', '0.000', '0.000']","['-42.033', '-44.595', '-44.728', '-43.582', '-45.119']","['85.391', '85.391', '85.391', '85.391', '85.391']","['0.000', '0.000', '0.000', '0.000', '0.000']","['pred.model_idx_0_0001', 'pred.model_idx_1_0001', 'pred.model_idx_2_0001', 'pred.model_idx_3_0001', 'pred.model_idx_4_0001']",-353.708,-2.432,0.000,0.000,-159.832,-2.029,6106.576,7877.998,1771.422,6.000,0.000,-1756.610,497.798,-558.317,6.566,60.298,406.283,1310.574,0.031,-4.215,0.000,-8.489,-287.531,4.000,-57.985,299.000,241.000,5.940,-8.815,0.480,-2.679,0.000,-44.595,85.391,0.631,-2.861,-389.030,-2.445,-256.678,0.000,pred.model_idx_1_0001_scored_0001
L1186F,ISGINASWVNIQKEIDRFNEVAKNLNESLIDLQEL,229E,DVLQENQKILAASFNKAMTNIVDAFTGVNDAITQTSQALQTVATALNKIQDVVNQQGNSLNHLTSQLRQNFQAISSSIQAIYDRLDTI,"['224.295', '763.552', '118.103', '-6.033', '13.572']","['0.000', '0.000', '0.000', '0.000', '0.000']","['-1809.555', '-1795.958', '-1795.873', '-1757.752', '-1811.760']","['520.864', '527.422', '488.885', '514.402', '505.330']","['-566.866', '-560.858', '-543.538', '-536.103', '-530.788']","['7.225', '6.999', '6.817', '7.106', '7.019']","['57.782', '62.135', '60.856', '62.395', '60.572']","['993.844', '1501.587', '881.606', '718.308', '740.627']","['1314.869', '1323.692', '1318.579', '1280.194', '1333.909']","['-0.666', '-2.966', '-4.999', '-3.022', '-3.232']","['0.000', '0.000', '0.000', '0.000', '0.000']","['-6.206', '-8.144', '-5.085', '-5.569', '-6.227']","['-285.132', '-273.248', '-280.336', '-272.477', '-267.849']","['0.000', '0.000', '0.000', '0.000', '0.000']","['-58.086', '-53.484', '-57.849', '-56.898', '-54.818']","['15.415', '3.044', '13.413', '8.026', '5.104']","['0.000', '0.000', '0.000', '0.000', '0.000']","['-4.584', '-7.666', '-5.657', '-6.600', '-6.020']","['0.000', '0.000', '0.000', '0.000', '0.000']","['-41.185', '-45.580', '-45.291', '-44.619', '-44.872']","['86.576', '86.576', '86.576', '86.576', '86.576']","['0.000', '0.000', '0.000', '0.000', '0.000']","['pred.model_idx_0_0001', 'pred.model_idx_1_0001', 'pred.model_idx_2_0001', 'pred.model_idx_3_0001', 'pred.model_idx_4_0001']",13.639,-1.930,0.000,0.000,-72.834,-1.169,4891.624,6229.310,1337.685,7.000,0.000,-1811.755,505.330,-530.762,7.019,60.572,740.670,1333.909,0.040,-3.230,0.000,-6.230,-267.855,3.000,-54.817,299.000,227.000,5.104,-6.020,0.460,-2.141,0.000,-44.872,86.576,0.666,-2.331,-286.700,-1.917,-199.344,0.000,pred.model_idx_4_0001_scored_0001
N1187Y,ISGINASVVNIQKEIDRLYEVAKNLNESLIDLQEL,229E,DVLQENQKILAASFNKAMTNIVDAFTGVNDAITQTSQALQTVATALNKIQDVVNQQGNSLNHLTSQLRQNFQAISSSIQAIYDRLDTI,"['-96.769', '-154.177', '-270.266', '43.295', '-143.493']","['0.000', '0.000', '0.000', '0.000', '0.000']","['-1803.985', '-1750.933', '-1767.053', '-1774.195', '-1772.481']","['511.635', '527.534', '489.836', '502.397', '501.815']","['-563.753', '-558.236', '-552.012', '-542.792', '-539.555']","['7.276', '6.771', '7.074', '7.021', '7.190']","['59.624', '58.223', '57.311', '62.002', '57.474']","['662.713', '559.673', '499.941', '785.414', '596.677']","['1318.269', '1305.458', '1294.149', '1305.342', '1299.836']","['-2.765', '-2.913', '-3.721', '-4.647', '-4.469']","['0.000', '0.000', '0.000', '0.000', '0.000']","['-4.639', '-8.743', '-4.376', '-5.416', '-6.342']","['-281.204', '-278.767', '-281.703', '-283.589', '-274.933']","['0.000', '0.000', '0.000', '0.000', '0.000']","['-56.519', '-51.092', '-59.976', '-56.675', '-55.714']","['17.664', '1.815', '12.504', '8.355', '12.370']","['0.000', '0.000', '0.000', '0.000', '0.000']","['-6.314', '-7.245', '-7.004', '-4.773', '-8.731']","['0.000', '0.000', '0.000', '0.000', '0.000']","['-44.094', '-45.045', '-44.559', '-44.472', '-45.954']","['89.323', '89.323', '89.323', '89.323', '89.323']","['0.000', '0.000', '0.000', '0.000', '0.000']","['pred.model_idx_0_0001', 'pred.model_idx_1_0001', 'pred.model_idx_2_0001', 'pred.model_idx_3_0001', 'pred.model_idx_4_0001']",-96.749,-2.165,0.000,0.000,-92.336,-1.154,6187.251,7998.177,1810.925,12.000,0.000,-1803.985,511.635,-563.764,7.276,59.624,662.754,1318.269,0.033,-2.767,0.000,-4.636,-281.215,6.000,-56.519,299.000,248.000,17.664,-6.314,0.472,-2.350,0.000,-44.094,89.323,0.658,-2.459,-346.755,-2.206,-236.033,0.000,pred.model_idx_0_0001_scored_0001
A1190V,ISGINASVVNIQKEIDRLNEWVKNLNESLIDLQEL,229E,DVLQENQKILAASFNKAMTNIVDAFTGVNDAITQTSQALQTVATALNKIQDVVNQQGNSLNHLTSQLRQNFQAISSSIQAIYDRLDTI,"['-165.339', '-130.724', '-159.353', '-226.983', '-102.954']","['0.000', '0.000', '0.000', '0.000', '0.000']","['-1796.044', '-1789.211', '-1787.510', '-1764.022', '-1810.736']","['515.442', '549.534', '516.556', '510.054', '505.819']","['-549.902', '-558.041', '-552.679', '-538.547', '-539.228']","['7.258', '7.066', '7.724', '6.890', '7.344']","['60.720', '57.982', '60.101', '62.301', '61.733']","['563.824', '575.818', '579.987', '490.436', '641.149']","['1325.647', '1327.628', '1314.647', '1302.767', '1318.959']","['-2.918', '-2.758', '-4.932', '-4.047', '-3.325']","['0.000', '0.000', '0.000', '0.000', '0.000']","['-6.377', '-9.193', '-7.144', '-5.268', '-5.538']","['-280.571', '-279.059', '-279.582', '-281.437', '-274.922']","['0.000', '0.000', '0.000', '0.000', '0.000']","['-53.613', '-50.893', '-57.487', '-56.828', '-52.531']","['13.151', '1.012', '15.790', '10.384', '9.640']","['0.000', '0.000', '0.000', '0.000', '0.000']","['-6.674', '-5.975', '-7.715', '-4.210', '-5.461']","['0.000', '0.000', '0.000', '0.000', '0.000']","['-43.618', '-42.971', '-45.446', '-43.792', '-44.195']","['88.337', '88.337', '88.337', '88.337', '88.337']","['0.000', '0.000', '0.000', '0.000', '0.000']","['pred.model_idx_0_0001', 'pred.model_idx_1_0001', 'pred.model_idx_2_0001', 'pred.model_idx_3_0001', 'pred.model_idx_4_0001']",-102.948,-2.198,0.000,0.000,-126.503,-1.595,6060.227,7929.184,1868.957,7.000,0.000,-1810.731,505.819,-539.210,7.344,61.733,641.120,1318.958,0.026,-3.325,0.000,-5.532,-274.917,5.000,-52.529,299.000,249.000,9.640,-5.461,0.558,-2.395,0.000,-44.195,88.337,0.682,-2.560,-363.455,-2.176,-232.841,0.000,pred.model_idx_4_0001_scored_0001
N1192E,ISGINASVVNIQKEIDRLNEVAKELNESLIDLQEL,229E,DVLQENQKILAASFNKAMTNIVDAFTGVNDAITQTSQALQTVATALNKIQDVVNQQGNSLNHLTSQLRQNFQAISSSIQAIYDRLDTI,"['-60.277', '-231.338', '-264.790', '75.290', '-208.604']","['0.000', '0.000', '0.000', '0.000', '0.000']","['-1790.372', '-1777.987', '-1829.603', '-1788.423', '-1788.640']","['514.865', '522.849', '513.956', '518.657', '531.921']","['-562.234', '-546.503', '-557.523', '-545.886', '-526.496']","['7.265', '7.040', '7.316', '6.968', '8.006']","['57.399', '61.789', '64.250', '64.852', '63.894']","['688.139', '498.808', '505.547', '814.101', '489.926']","['1319.056', '1310.747', '1348.283', '1311.941', '1312.370']","['-2.117', '-3.230', '-6.139', '-2.711', '-3.323']","['0.000', '0.000', '0.000', '0.000', '0.000']","['-6.479', '-8.675', '-7.135', '-6.836', '-8.482']","['-282.490', '-278.543', '-282.397', '-279.272', '-276.139']","['0.000', '0.000', '0.000', '0.000', '0.000']","['-58.230', '-57.751', '-61.130', '-54.397', '-55.047']","['20.596', '7.206', '4.792', '3.268', '11.212']","['0.000', '0.000', '0.000', '0.000', '0.000']","['-6.698', '-8.050', '-6.437', '-8.264', '-8.006']","['0.000', '0.000', '0.000', '0.000', '0.000']","['-44.994', '-45.053', '-44.586', '-44.723', '-45.817']","['86.017', '86.017', '86.017', '86.017', '86.017']","['0.000', '0.000', '0.000', '0.000', '0.000']","['pred.model_idx_0_0001', 'pred.model_idx_1_0001', 'pred.model_idx_2_0001', 'pred.model_idx_3_0001', 'pred.model_idx_4_0001']",-208.724,-2.178,0.000,0.000,-101.517,-1.612,5095.359,6297.296,1201.938,8.000,0.000,-1788.641,531.921,-526.494,8.007,63.894,489.812,1312.370,0.055,-3.322,0.000,-8.484,-276.147,7.000,-55.045,299.000,227.000,11.212,-8.006,0.509,-2.442,0.000,-45.817,86.017,0.695,-2.508,-310.943,-2.363,-243.344,0.000,pred.model_idx_4_0001_scored_0001
L1193F,ISGINASWVNIQKEIDRLNEVAKNFNESLIDLQEL,229E,DVLQENQKILAASFNKAMTNIVDAFTGVNDAITQTSQALQTVATALNKIQDVVNQQGNSLNHLTSQLRQNFQAISSSIQAIYDRLDTI,"['-338.116', '-349.006', '-286.924', '-194.632', '-341.628']","['0.000', '0.000', '0.000', '0.000', '0.000']","['-1800.496', '-1768.418', '-1771.110', '-1760.450', '-1789.875']","['513.866', '520.004', '544.402', '508.612', '507.586']","['-581.845', '-567.453', '-558.523', '-556.728', '-547.108']","['6.849', '6.675', '7.555', '6.526', '6.939']","['61.309', '65.064', '64.456', '64.709', '63.925']","['437.827', '390.856', '417.640', '556.270', '402.293']","['1324.036', '1311.912', '1318.136', '1292.886', '1315.230']","['-2.053', '-3.311', '-5.308', '-2.894', '-3.134']","['0.000', '0.000', '0.000', '0.000', '0.000']","['-9.589', '-9.900', '-11.654', '-8.333', '-8.208']","['-289.579', '-287.814', '-284.518', '-290.585', '-282.620']","['0.000', '0.000', '0.000', '0.000', '0.000']","['-60.566', '-60.389', '-58.696', '-55.947', '-59.577']","['21.434', '17.444', '16.202', '12.966', '14.905']","['0.000', '0.000', '0.000', '0.000', '0.000']","['-4.541', '-6.228', '-7.279', '-5.526', '-5.092']","['0.000', '0.000', '0.000', '0.000', '0.000']","['-41.343', '-44.024', '-44.802', '-42.714', '-43.467']","['86.576', '86.576', '86.576', '86.576', '86.576']","['0.000', '0.000', '0.000', '0.000', '0.000']","['pred.model_idx_0_0001', 'pred.model_idx_1_0001', 'pred.model_idx_2_0001', 'pred.model_idx_3_0001', 'pred.model_idx_4_0001']",-286.957,-2.277,0.000,0.000,-114.484,-1.908,4799.292,6000.094,1200.802,6.000,0.000,-1771.107,544.402,-558.522,7.556,64.456,417.599,1318.137,0.036,-5.309,0.000,-11.657,-284.514,6.000,-58.695,299.000,225.000,16.202,-7.279,0.503,-2.531,0.000,-44.802,86.576,0.695,-2.710,-325.179,-2.326,-244.207,0.000,pred.model_idx_2_0001_scored_0001
L1197Y,ISGINASVVNIQKEIDRLNEVAKNLNESYIDLQEL,229E,DVLQENQKILAASFNKAMTNIVDAFTGVNDAITQTSQALQTVATALNKIQDVVNQQGNSLNHLTSQLRQNFQAISSSIQAIYDRLDTI,"['-120.775', '399.919', '-40.402', '-22.667', '-195.546']","['0.000', '0.000', '0.000', '0.000', '0.000']","['-1788.925', '-1754.425', '-1762.208', '-1759.654', '-1769.083']","['530.238', '513.888', '534.227', '513.717', '512.567']","['-568.781', '-552.777', '-544.711', '-545.969', '-528.058']","['7.310', '6.828', '7.751', '7.296', '7.381']","['61.998', '63.867', '64.133', '62.370', '62.965']","['610.770', '1126.463', '646.622', '708.457', '513.894']","['1320.018', '1304.689', '1314.980', '1297.977', '1295.632']","['-1.770', '-3.352', '-5.019', '-3.577', '-3.057']","['0.000', '0.000', '0.000', '0.000', '0.000']","['-8.080', '-6.354', '-8.047', '-7.035', '-5.414']","['-284.302', '-289.193', '-276.765', '-285.635', '-277.151']","['0.000', '0.000', '0.000', '0.000', '0.000']","['-56.506', '-61.874', '-58.391', '-57.963', '-55.934']","['20.166', '16.206', '14.538', '10.901', '14.724']","['0.000', '0.000', '0.000', '0.000', '0.000']","['-5.909', '-6.363', '-8.555', '-5.920', '-5.684']","['0.000', '0.000', '0.000', '0.000', '0.000']","['-43.323', '-44.005', '-45.279', '-43.955', '-44.649']","['86.322', '86.322', '86.322', '86.322', '86.322']","['0.000', '0.000', '0.000', '0.000', '0.000']","['pred.model_idx_0_0001', 'pred.model_idx_1_0001', 'pred.model_idx_2_0001', 'pred.model_idx_3_0001', 'pred.model_idx_4_0001']",-195.510,-1.858,0.000,0.000,-13.339,-0.169,6389.885,7902.465,1512.580,6.000,0.000,-1769.082,512.567,-528.058,7.381,62.965,513.929,1295.630,0.727,-3.056,0.000,-5.411,-277.154,9.000,-55.934,299.000,244.000,14.724,-5.684,0.545,-1.982,0.000,-44.649,86.322,0.669,-2.155,-299.541,-1.752,-183.969,0.000,pred.model_idx_4_0001_scored_0001
11198F,ISGINASVVNIQKEIDRLNEVAKNLNESLFDLQEL,229E,DVLQENQKILAASFNKAMTNIVDAFTGVNDAITQTSQALQTVATALNKIQDVVNQQGNSLNHLTSQLRQNFQAISSSIQAIYDRLDTI,"['-226.330', '-167.359', '80.730', '-144.611', '-148.929']","['0.000', '0.000', '0.000', '0.000', '0.000']","['-1804.126', '-1779.944', '-1771.347', '-1775.069', '-1782.374']","['517.718', '532.842', '520.212', '512.978', '526.815']","['-565.580', '-558.027', '-539.655', '-542.423', '-524.745']","['7.248', '7.176', '7.684', '7.258', '8.039']","['60.509', '61.101', '60.466', '60.747', '60.892']","['520.912', '560.856', '788.465', '594.050', '540.426']","['1331.229', '1314.891', '1312.474', '1301.400', '1315.084']","['-3.282', '-3.054', '-4.545', '-4.536', '-3.260']","['0.000', '0.000', '0.000', '0.000', '0.000']","['-5.631', '-10.606', '-6.642', '-5.684', '-5.880']","['-286.214', '-282.594', '-274.841', '-290.627', '-277.829']","['0.000', '0.000', '0.000', '0.000', '0.000']","['-57.386', '-54.530', '-58.353', '-55.718', '-55.112']","['20.284', '8.779', '13.947', '14.803', '13.936']","['0.000', '0.000', '0.000', '0.000', '0.000']","['-5.789', '-6.401', '-8.186', '-5.460', '-6.656']","['0.000', '0.000', '0.000', '0.000', '0.000']","['-42.537', '-44.163', '-45.265', '-42.647', '-44.580']","['86.315', '86.315', '86.315', '86.315', '86.315']","['0.000', '0.000', '0.000', '0.000', '0.000']","['pred.model_idx_0_0001', 'pred.model_idx_1_0001', 'pred.model_idx_2_0001', 'pred.model_idx_3_0001', 'pred.model_idx_4_0001']",-148.985,-2.012,0.000,0.000,-59.190,-0.759,6208.725,7799.958,1591.233,7.000,0.000,-1782.376,526.815,-524.754,8.039,60.892,540.388,1315.084,0.096,-3.259,0.000,-5.883,-277.834,8.000,-55.112,299.000,245.000,13.936,-6.656,0.522,-2.156,0.000,-44.580,86.315,0.679,-2.338,-324.977,-1.917,-203.190,0.000,pred.model_idx_4_0001_scored_0001
L1200F,ISGINASWVNIQKEIDRLNEVAKNLNESLIDFQEL,229E,DVLQENQKILAASFNKAMTNIVDAFTGVNDAITQTSQALQTVATALNKIQDVVNQQGNSLNHLTSQLRQNFQAISSSIQAIYDRLDTI,"['204.776', '10.450', '-100.804', '-180.163', '-32.834']","['0.000', '0.000', '0.000', '0.000', '0.000']","['-1790.148', '-1772.329', '-1768.116', '-1760.383', '-1776.411']","['497.821', '525.080', '504.345', '506.515', '493.029']","['-559.532', '-556.163', '-561.317', '-547.595', '-539.723']","['7.253', '6.988', '7.050', '6.919', '7.073']","['58.177', '61.645', '61.104', '63.669', '59.822']","['976.759', '739.698', '673.307', '559.718', '732.750']","['1308.808', '1309.430', '1290.361', '1296.445', '1285.416']","['-3.780', '-4.106', '-4.695', '-5.320', '-5.230']","['0.000', '0.000', '0.000', '0.000', '0.000']","['-6.616', '-9.025', '-6.957', '-7.086', '-6.308']","['-278.114', '-274.826', '-283.217', '-282.572', '-278.718']","['0.000', '0.000', '0.000', '0.000', '0.000']","['-58.635', '-53.304', '-60.058', '-54.118', '-52.362']","['17.125', '2.377', '11.406', '7.300', '12.995']","['0.000', '0.000', '0.000', '0.000', '0.000']","['-7.111', '-7.703', '-6.888', '-6.552', '-8.123']","['0.000', '0.000', '0.000', '0.000', '0.000']","['-43.807', '-43.887', '-43.705', '-43.679', '-43.621']","['86.576', '86.576', '86.576', '86.576', '86.576']","['0.000', '0.000', '0.000', '0.000', '0.000']","['pred.model_idx_0_0001', 'pred.model_idx_1_0001', 'pred.model_idx_2_0001', 'pred.model_idx_3_0001', 'pred.model_idx_4_0001']",-32.853,-1.915,0.000,0.000,-86.226,-1.092,6105.963,7893.590,1787.627,7.000,0.000,-1776.416,493.029,-539.736,7.073,59.822,732.735,1285.416,0.122,-5.230,0.000,-6.308,-278.706,10.000,-52.360,299.000,241.000,12.995,-8.123,0.491,-2.344,0.000,-43.621,86.576,0.676,-2.509,-346.244,-2.123,-218.627,0.000,pred.model_idx_4_0001_scored_0001
Q1201K,ISGINASVVNIQKEIDRLNEVAKNLNESLIDLKEL,229E,DVLQENQKILAASFNKAMTNIVDAFTGVNDAITQTSQALQTVATALNKIQDVVNQQGNSLNHLTSQLRQNFQAISSSIQAIYDRLDTI,"['-216.876', '-264.444', '1.584', '36.290', '139.468']","['0.000', '0.000', '0.000', '0.000', '0.000']","['-1774.588', '-1768.022', '-1771.172', '-1773.942', '-1786.324']","['516.833', '511.605', '545.201', '511.160', '533.162']","['-539.281', '-548.514', '-549.325', '-533.010', '-540.729']","['6.937', '6.910', '7.732', '6.904', '7.807']","['62.188', '64.080', '61.840', '64.945', '63.682']","['501.450', '462.512', '693.410', '767.714', '828.657']","['1299.460', '1305.645', '1312.559', '1294.188', '1321.403']","['-1.698', '-3.424', '-4.003', '-2.441', '-3.244']","['0.000', '0.000', '0.000', '0.000', '0.000']","['-6.568', '-6.468', '-6.621', '-6.714', '-8.201']","['-282.531', '-278.871', '-278.851', '-281.503', '-276.163']","['0.000', '0.000', '0.000', '0.000', '0.000']","['-55.867', '-54.698', '-56.919', '-55.612', '-49.447']","['17.479', '9.544', '12.188', '8.306', '11.529']","['0.000', '0.000', '0.000', '0.000', '0.000']","['-6.350', '-8.217', '-7.988', '-7.778', '-6.527']","['0.000', '0.000', '0.000', '0.000', '0.000']","['-42.478', '-44.662', '-44.604', '-44.063', '-44.274']","['88.137', '88.137', '88.137', '88.137', '88.137']","['0.000', '0.000', '0.000', '0.000', '0.000']","['pred.model_idx_0_0001', 'pred.model_idx_1_0001', 'pred.model_idx_2_0001', 'pred.model_idx_3_0001', 'pred.model_idx_4_0001']",-264.692,-2.073,0.000,0.000,-103.643,-1.669,4948.249,6208.230,1259.981,11.000,0.000,-1768.022,511.605,-548.517,6.909,64.080,462.275,1305.644,0.023,-3.425,0.000,-6.469,-278.877,3.000,-54.698,299.000,213.000,9.544,-8.217,0.543,-2.401,0.000,-44.662,88.137,0.691,-2.685,-306.139,-2.074,-205.334,0.000,pred.model_idx_1_0001_scored_0001
Elongation,VDLGDISGINASVVNIQKEIDRLNEVAKNLNESLIDLQEL,229E,DVLQENQKILAASFNKAMTNIVDAFTGVNDAITQTSQALQTVATALNKIQDVVNQQGNSLNHLTSQLRQNFQAISSSIQAIYDRLDTI,"['126.576', '-128.534', '-23.741', '5.956', '-66.438']","['0.000', '0.000', '0.000', '0.000', '0.000']","['-1804.991', '-1816.542', '-1796.247', '-1796.244', '-1807.397']","['542.787', '543.141', '521.482', '540.429', '515.368']","['-564.487', '-545.346', '-548.267', '-535.511', '-522.372']","['7.594', '7.457', '7.397', '7.514', '7.576']","['62.469', '61.920', '62.638', '63.696', '64.277']","['853.616', '599.363', '717.009', '717.445', '648.932']","['1322.512', '1333.861', '1315.028', '1304.421', '1319.234']","['-6.542', '-3.578', '-5.004', '-4.407', '-5.272']","['0.000', '0.000', '0.000', '0.000', '0.000']","['-7.476', '-11.585', '-7.506', '-7.576', '-7.277']","['-279.146', '-279.347', '-278.733', '-276.876', '-270.326']","['0.000', '0.000', '0.000', '0.000', '0.000']","['-52.925', '-55.145', '-59.024', '-52.012', '-53.411']","['17.745', '2.906', '12.345', '7.556', '11.506']","['0.000', '0.000', '0.000', '0.000', '0.000']","['-8.614', '-9.307', '-8.086', '-6.443', '-9.249']","['0.000', '0.000', '0.000', '0.000', '0.000']","['-44.175', '-44.542', '-44.985', '-44.245', '-46.239']","['88.212', '88.212', '88.212', '88.212', '88.212']","['0.000', '0.000', '0.000', '0.000', '0.000']","['pred.model_idx_0_0001', 'pred.model_idx_1_0001', 'pred.model_idx_2_0001', 'pred.model_idx_3_0001', 'pred.model_idx_4_0001']",-66.474,-1.587,0.000,0.000,-129.357,-2.013,5063.510,6426.398,1362.888,4.000,0.000,-1807.394,515.368,-522.370,7.576,64.277,648.888,1319.235,0.042,-5.272,0.000,-7.275,-270.327,6.000,-53.410,304.000,219.000,11.506,-9.249,0.493,-1.698,0.000,-46.239,88.212,0.694,-2.607,-305.013,-0.655,-66.802,0.000,pred.model_idx_4_0001_scored_0001
Combination,ISGINASYLEIKEEIDRFYEVVKEFNESYFDFKEL,229E,DVLQENQKILAASFNKAMTNIVDAFTGVNDAITQTSQALQTVATALNKIQDVVNQQGNSLNHLTSQLRQNFQAISSSIQAIYDRLDTI,"['-97.325', '-156.541', '-7.283', '-130.143', '105.295']","['0.000', '0.000', '0.000', '0.000', '0.000']","['-1775.147', '-1743.870', '-1757.385', '-1754.321', '-1772.059']","['491.985', '510.010', '525.005', '539.682', '519.196']","['-544.384', '-550.594', '-553.506', '-521.691', '-524.439']","['6.698', '6.718', '7.527', '7.309', '7.699']","['59.521', '61.011', '60.439', '61.992', '59.663']","['634.504', '574.888', '696.501', '535.382', '804.325']","['1314.124', '1302.224', '1320.841', '1309.469', '1309.272']","['-3.789', '-2.977', '-3.807', '-1.880', '-2.813']","['0.000', '0.000', '0.000', '0.000', '0.000']","['-3.468', '-9.113', '-5.686', '-7.892', '-5.629']","['-270.161', '-284.686', '-284.741', '-280.079', '-274.071']","['0.000', '0.000', '0.000', '0.000', '0.000']","['-51.331', '-56.719', '-57.340', '-53.006', '-57.624']","['15.444', '6.468', '16.829', '4.161', '14.432']","['0.000', '0.000', '0.000', '0.000', '0.000']","['-6.527', '-5.302', '-7.796', '-5.992', '-6.870']","['0.000', '0.000', '0.000', '0.000', '0.000']","['-45.592', '-45.399', '-44.964', '-44.077', '-46.587']","['80.800', '80.800', '80.800', '80.800', '80.800']","['0.000', '0.000', '0.000', '0.000', '0.000']","['pred.model_idx_0_0001', 'pred.model_idx_1_0001', 'pred.model_idx_2_0001', 'pred.model_idx_3_0001', 'pred.model_idx_4_0001']",-129.996,-1.442,0.000,0.000,80.916,1.054,5960.750,7680.545,1719.795,13.000,0.000,-1754.321,539.682,-521.688,7.309,61.992,535.520,1309.469,-0.061,-1.879,0.000,-7.888,-280.081,5.000,-53.003,299.000,241.000,4.161,-5.992,0.484,-1.532,0.000,-44.077,80.800,0.667,-1.824,-251.774,-1.139,-117.362,0.000,pred.model_idx_3_0001_scored_0001
abc,Sequence Not Found,5zcx,Sequence Not Found,"['632.283', '1192.127', '1198.554', '824.749', '1600.234']","['0.000', '0.000', '0.000', '0.000', '0.000']","['-1431.502', '-1460.041', '-1462.665', '-1477.741', '-1477.934']","['555.282', '560.840', '565.656', '546.588', '552.531']","['-336.495', '-340.915', '-325.453', '-349.637', '-348.780']","['6.609', '6.471', '6.481', '6.395', '6.138']","['54.527', '55.481', '56.685', '58.955', '58.595']","['1015.240', '1586.156', '1581.813', '1236.491', '2013.490']","['1063.446', '1090.959', '1076.424', '1108.380', '1096.687']","['-3.483', '-4.048', '-3.356', '-3.628', '-5.417']","['-0.397', '-0.899', '0.000', '0.000', '0.000']","['-10.262', '-8.946', '-7.321', '-8.390', '-8.609']","['-181.056', '-183.799', '-177.781', '-182.740', '-176.113']","['0.000', '0.000', '0.000', '0.000', '0.000']","['-40.441', '-37.454', '-39.309', '-36.488', '-44.074']","['12.174', '-1.047', '-0.754', '0.933', '13.043']","['0.000', '0.000', '0.000', '0.000', '0.000']","['-17.610', '-17.693', '-19.707', '-17.627', '-20.041']","['0.000', '0.000', '0.000', '0.000', '0.000']","['-42.511', '-41.701', '-40.923', '-45.506', '-48.045']","['-11.237', '-11.237', '-11.237', '-11.237', '-11.237']","['0.000', '0.000', '0.000', '0.000', '0.000']","['pred.model_idx_0_0001', 'pred.model_idx_1_0001', 'pred.model_idx_2_0001', 'pred.model_idx_3_0001', 'pred.model_idx_4_0001']",313.382,-1.703,0.000,0.000,-87.433,-0.917,6874.497,9532.315,2657.819,26.000,0.000,-2026.847,660.759,-537.753,9.626,68.850,998.981,1506.594,0.145,-7.900,0.000,-14.786,-267.276,11.000,-65.245,340.000,280.000,11.388,-12.354,0.374,-1.924,2.233,-56.019,43.131,0.632,-2.338,-282.853,-1.610,-255.948,0.000,pred.model_idx_4_0001_scored_0001
abc,Sequence Not Found,6m3w-hr1,Sequence Not Found,"['732.519', '282.139', '598.602', '711.955', '313.468']","['0.000', '0.000', '0.000', '0.000', '0.000']","['-2037.046', '-2072.912', '-2002.485', '-1990.401', '-2026.843']","['666.291', '697.146', '716.812', '705.832', '660.759']","['-519.318', '-549.899', '-504.414', '-507.204', '-537.738']","['9.493', '9.489', '9.629', '9.521', '9.626']","['70.936', '72.653', '74.013', '71.403', '68.850']","['1391.069', '962.616', '1202.033', '1324.043', '999.045']","['1480.878', '1508.339', '1446.148', '1439.540', '1506.594']","['-8.465', '-9.766', '-8.588', '-11.521', '-7.900']","['0.000', '0.000', '0.000', '0.000', '0.000']","['-10.644', '-5.307', '-6.996', '-4.498', '-14.786']","['-256.604', '-258.061', '-242.988', '-252.175', '-267.274']","['0.000', '0.000', '0.000', '0.000', '0.000']","['-52.716', '-55.064', '-71.356', '-63.071', '-65.243']","['10.558', '16.851', '10.566', '11.187', '11.388']","['0.000', '0.000', '0.000', '0.000', '0.000']","['-8.240', '-23.401', '-13.556', '-10.416', '-12.354']","['3.195', '3.525', '1.880', '2.641', '2.233']","['-50.000', '-57.201', '-55.226', '-56.056', '-56.019']","['43.131', '43.131', '43.131', '43.131', '43.131']","['0.000', '0.000', '0.000', '0.000', '0.000']","['pred.model_idx_0_0001', 'pred.model_idx_1_0001', 'pred.model_idx_2_0001', 'pred.model_idx_3_0001', 'pred.model_idx_4_0001']",313.382,-1.703,0.000,0.000,-87.433,-0.917,6874.497,9532.315,2657.819,26.000,0.000,-2026.847,660.759,-537.753,9.626,68.850,998.981,1506.594,0.145,-7.900,0.000,-14.786,-267.276,11.000,-65.245,340.000,280.000,11.388,-12.354,0.374,-1.924,2.233,-56.019,43.131,0.632,-2.338,-282.853,-1.610,-255.948,0.000,pred.model_idx_4_0001_scored_0001
EK1,SLIDQINVTFLDLEYEMKKLEEAIKKLEESYIDIKEL,6m3w-hr1,Sequence Not Found,"['1076.392', '1009.030', '1058.812', '733.455', '573.278']","['0.000', '0.000', '0.000', '0.000', '0.000']","['-2054.336', '-1993.298', '-2028.912', '-2007.701', '-2011.789']","['665.265', '679.361', '694.343', '674.737', '675.803']","['-477.125', '-506.355', '-469.629', '-543.052', '-521.565']","['9.960', '9.758', '9.517', '9.497', '10.106']","['70.569', '68.983', '70.906', '65.834', '70.641']","['1681.165', '1675.814', '1594.733', '1386.807', '1228.702']","['1500.557', '1405.948', '1484.666', '1483.019', '1482.600']","['-9.401', '-14.695', '-3.949', '-12.900', '-10.517']","['0.000', '0.000', '0.000', '0.000', '0.000']","['-7.419', '-7.656', '-5.369', '-3.971', '-4.854']","['-239.992', '-238.563', '-234.279', '-259.651', '-283.404']","['0.000', '0.000', '0.000', '0.000', '0.000']","['-61.712', '-55.324', '-58.400', '-56.248', '-64.695']","['11.841', '15.627', '13.017', '11.063', '13.575']","['0.000', '0.000', '0.000', '0.000', '0.000']","['-12.409', '-25.914', '-10.467', '-11.637', '-11.033']","['2.977', '4.141', '2.230', '2.061', '4.261']","['-53.116', '-58.364', '-49.162', '-53.971', '-54.121']","['49.568', '49.568', '49.568', '49.568', '49.568']","['0.000', '0.000', '0.000', '0.000', '0.000']","['pred.model_idx_0_0001', 'pred.model_idx_1_0001', 'pred.model_idx_2_0001', 'pred.model_idx_3_0001', 'pred.model_idx_4_0001']",573.287,-1.236,0.000,0.000,95.548,1.085,6211.467,8810.164,2598.698,20.000,0.000,-2011.790,675.803,-521.555,10.107,70.641,1228.716,1482.600,-0.128,-10.520,0.000,-4.855,-283.413,13.000,-64.697,337.000,278.000,13.575,-11.033,0.371,-1.389,4.261,-54.121,49.568,0.568,-1.645,-185.835,-1.214,-200.229,0.000,pred.model_idx_4_0001_scored_0001
EK1,SLIDQINVTFLDLEYEMKKLEEAIKKLEESYIDIKEL,5zcx,Sequence Not Found,"['703.683', '796.318', '1398.092', '916.206', '1049.020']","['0.000', '0.000', '0.000', '0.000', '0.000']","['-1401.677', '-1416.194', '-1439.848', '-1432.065', '-1442.872']","['518.604', '531.152', '530.020', '520.619', '524.161']","['-308.428', '-326.059', '-333.837', '-312.907', '-289.078']","['6.587', '6.643', '6.458', '6.835', '6.375']","['55.447', '56.280', '55.218', '54.225', '57.555']","['1079.686', '1196.508', '1818.853', '1297.690', '1400.851']","['1027.629', '1042.684', '1057.198', '1049.657', '1050.441']","['-2.263', '-3.111', '-6.194', '-2.286', '-2.068']","['-0.858', '-0.924', '-1.044', '0.000', '-1.042']","['-16.178', '-9.384', '-16.394', '-11.673', '-9.540']","['-163.010', '-179.221', '-181.884', '-163.323', '-155.230']","['0.000', '0.000', '0.000', '0.000', '0.000']","['-34.637', '-42.951', '-38.298', '-38.049', '-34.197']","['18.881', '12.029', '17.453', '21.242', '18.643']","['0.000', '0.000', '0.000', '0.000', '0.000']","['-22.599', '-18.997', '-18.330', '-21.131', '-23.345']","['0.000', '0.000', '0.000', '0.000', '0.000']","['-48.700', '-47.339', '-46.480', '-47.827', '-46.835']","['-4.800', '-4.800', '-4.800', '-4.800', '-4.800']","['0.000', '0.000', '0.000', '0.000', '0.000']","['pred.model_idx_0_0001', 'pred.model_idx_1_0001', 'pred.model_idx_2_0001', 'pred.model_idx_3_0001', 'pred.model_idx_4_0001']",573.287,-1.236,0.000,0.000,95.548,1.085,6211.467,8810.164,2598.698,20.000,0.000,-2011.790,675.803,-521.555,10.107,70.641,1228.716,1482.600,-0.128,-10.520,0.000,-4.855,-283.413,13.000,-64.697,337.000,278.000,13.575,-11.033,0.371,-1.389,4.261,-54.121,49.568,0.568,-1.645,-185.835,-1.214,-200.229,0.000,pred.model_idx_4_0001_scored_0001
EK1,SLIDQINVTFLDLEYEMKKLEEAIKKLEESYIDIKEL,229E,DVLQENQKILAASFNKAMTNIVDAFTGVNDAITQTSQALQTVATALNKIQDVVNQQGNSLNHLTSQLRQNFQAISSSIQAIYDRLDTI,"['19.030', '-235.710', '-316.934', '-162.483', '-232.626']","['0.000', '0.000', '0.000', '0.000', '0.000']","['-1789.166', '-1802.693', '-1824.122', '-1793.372', '-1804.641']","['552.386', '569.966', '551.115', '530.830', '534.183']","['-536.791', '-564.253', '-566.551', '-527.644', '-551.008']","['7.307', '7.207', '7.220', '7.173', '6.833']","['61.084', '62.616', '62.097', '61.966', '65.391']","['719.116', '481.713', '414.314', '586.048', '492.742']","['1297.503', '1327.749', '1353.432', '1284.347', '1333.828']","['-5.372', '-5.891', '-6.681', '-3.591', '-6.701']","['0.000', '0.000', '0.000', '0.000', '0.000']","['-7.567', '-8.446', '-8.475', '-8.937', '-5.637']","['-269.896', '-277.995', '-279.771', '-272.874', '-278.134']","['0.000', '0.000', '0.000', '0.000', '0.000']","['-49.609', '-53.030', '-48.135', '-55.875', '-55.271']","['15.398', '2.907', '0.280', '4.797', '9.967']","['0.000', '0.000', '0.000', '0.000', '0.000']","['-10.551', '-10.379', '-7.359', '-10.133', '-8.517']","['0.000', '0.000', '0.000', '0.000', '0.000']","['-46.390', '-46.762', '-45.876', '-46.798', '-47.241']","['81.579', '81.579', '81.579', '81.579', '81.579']","['0.000', '0.000', '0.000', '0.000', '0.000']","['pred.model_idx_0_0001', 'pred.model_idx_1_0001', 'pred.model_idx_2_0001', 'pred.model_idx_3_0001', 'pred.model_idx_4_0001']",-232.571,-2.107,0.000,0.000,-101.788,-1.585,5030.999,6423.457,1392.458,6.000,0.000,-1804.641,534.183,-550.984,6.833,65.391,492.777,1333.828,0.084,-6.700,0.000,-5.641,-278.134,9.000,-55.272,301.000,229.000,9.967,-8.517,0.482,-2.432,0.000,-47.241,81.579,0.675,-2.565,-312.926,-2.281,-244.017,0.000,pred.model_idx_4_0001_scored_0001
V1176Y,ISGINASYVNIQKEIDRLNEVAKNLNESLIDLQEL,229E,DVLQENQKILAASFNKAMTNIVDAFTGVNDAITQTSQALQTVATALNKIQDVVNQQGNSLNHLTSQLRQNFQAISSSIQAIYDRLDTI,"['-232.155', '-78.248', '-186.776', '-244.909', '-123.508']","['0.000', '0.000', '0.000', '0.000', '0.000']","['-1800.522', '-1805.390', '-1783.712', '-1772.065', '-1796.031']","['534.010', '558.987', '533.818', '542.167', '532.195']","['-571.396', '-577.750', '-547.653', '-550.216', '-526.956']","['7.349', '7.095', '7.294', '7.328', '8.076']","['58.041', '61.493', '60.182', '61.477', '59.314']","['507.613', '633.268', '514.769', '455.482', '563.620']","['1319.410', '1342.618', '1321.826', '1301.301', '1324.791']","['-2.324', '-2.858', '-4.465', '-1.776', '-3.095']","['0.000', '0.000', '0.000', '0.000', '0.000']","['-5.423', '-11.217', '-10.254', '-6.650', '-6.043']","['-277.941', '-274.060', '-272.357', '-273.873', '-264.199']","['0.000', '0.000', '0.000', '0.000', '0.000']","['-54.413', '-46.712', '-50.233', '-50.382', '-56.569']","['16.902', '1.026', '10.615', '7.935', '8.903']","['0.000', '0.000', '0.000', '0.000', '0.000']","['-5.862', '-7.767', '-8.106', '-7.680', '-8.278']","['0.000', '0.000', '0.000', '0.000', '0.000']","['-42.937', '-42.322', '-43.840', '-43.299', '-44.575']","['85.340', '85.340', '85.340', '85.340', '85.340']","['0.000', '0.000', '0.000', '0.000', '0.000']","['pred.model_idx_0_0001', 'pred.model_idx_1_0001', 'pred.model_idx_2_0001', 'pred.model_idx_3_0001', 'pred.model_idx_4_0001']",-123.706,-1.905,0.000,0.000,-55.513,-0.889,4845.167,6246.771,1401.604,11.000,0.000,-1796.031,532.195,-526.947,8.076,59.314,563.401,1324.791,0.100,-3.094,0.000,-6.043,-264.192,6.000,-56.567,299.000,224.000,8.903,-8.278,0.463,-2.109,0.000,-44.575,85.340,0.679,-2.213,-269.983,-1.985,-202.465,0.000,pred.model_idx_4_0001_scored_0001
V1177L,ISGINASVLNIQKEIDRLNEVAKNLNESLIDLQEL,229E,DVLQENQKILAASFNKAMTNIVDAFTGVNDAITQTSQALQTVATALNKIQDVVNQQGNSLNHLTSQLRQNFQAISSSIQAIYDRLDTI,"['-261.965', '-121.098', '8.345', '-252.348', '-70.596']","['0.000', '0.000', '0.000', '0.000', '0.000']","['-1791.749', '-1791.209', '-1769.545', '-1751.687', '-1787.622']","['523.257', '548.034', '529.937', '525.745', '534.692']","['-569.219', '-554.352', '-554.000', '-525.600', '-532.640']","['7.185', '7.242', '7.666', '7.204', '8.100']","['60.802', '62.123', '60.067', '60.991', '61.725']","['491.529', '588.674', '731.693', '452.692', '620.252']","['1314.793', '1321.167', '1304.163', '1277.506', '1320.215']","['-4.784', '-3.089', '-5.080', '-1.795', '-5.204']","['0.000', '0.000', '0.000', '0.000', '0.000']","['-7.341', '-6.414', '-7.513', '-5.488', '-6.662']","['-286.195', '-279.140', '-280.689', '-286.310', '-274.502']","['0.000', '0.000', '0.000', '0.000', '0.000']","['-57.990', '-51.985', '-57.315', '-56.271', '-55.484']","['21.473', '2.257', '17.992', '14.255', '13.134']","['0.000', '0.000', '0.000', '0.000', '0.000']","['-7.887', '-8.227', '-9.492', '-7.962', '-7.684']","['0.000', '0.000', '0.000', '0.000', '0.000']","['-42.260', '-42.600', '-45.959', '-42.046', '-45.337']","['86.420', '86.420', '86.420', '86.420', '86.420']","['0.000', '0.000', '0.000', '0.000', '0.000']","['pred.model_idx_0_0001', 'pred.model_idx_1_0001', 'pred.model_idx_2_0001', 'pred.model_idx_3_0001', 'pred.model_idx_4_0001']",-70.614,-1.932,0.000,0.000,-40.701,-0.654,4885.908,6221.230,1335.323,10.000,0.000,-1787.620,534.692,-532.622,8.100,61.725,620.211,1320.215,0.057,-5.204,0.000,-6.663,-274.495,2.000,-55.485,299.000,228.000,13.134,-7.684,0.478,-2.078,0.000,-45.337,86.420,0.667,-2.361,-290.397,-1.746,-183.309,0.000,pred.model_idx_4_0001_scored_0001
N1178E,ISGINASWVEIQKEIDRLNEVAKNLNESLIDLQEL,229E,DVLQENQKILAASFNKAMTNIVDAFTGVNDAITQTSQALQTVATALNKIQDVVNQQGNSLNHLTSQLRQNFQAISSSIQAIYDRLDTI,"['-268.039', '-204.581', '154.951', '-353.315', '-148.215']","['0.000', '0.000', '0.000', '0.000', '0.000']","['-1804.862', '-1774.480', '-1777.882', '-1767.317', '-1780.731']","['515.186', '545.202', '521.452', '528.341', '493.853']","['-574.841', '-566.096', '-564.549', '-560.798', '-553.403']","['7.001', '6.694', '7.282', '6.649', '6.720']","['62.266', '59.885', '62.688', '61.205', '60.487']","['502.766', '517.801', '911.058', '368.066', '615.965']","['1326.706', '1318.182', '1305.905', '1326.238', '1319.473']","['-1.599', '-2.811', '-3.378', '-4.692', '-5.230']","['0.000', '0.000', '0.000', '0.000', '0.000']","['-9.007', '-11.656', '-4.680', '-9.879', '-10.937']","['-290.590', '-283.976', '-289.632', '-290.077', '-280.444']","['0.000', '0.000', '0.000', '0.000', '0.000']","['-58.404', '-50.098', '-63.312', '-50.813', '-54.836']","['17.836', '-0.012', '15.009', '0.381', '8.613']","['0.000', '0.000', '0.000', '0.000', '0.000']","['-5.063', '-5.430', '-6.591', '-2.933', '-7.797']","['0.000', '0.000', '0.000', '0.000', '0.000']","['-41.067', '-43.419', '-44.053', '-43.322', '-45.584']","['85.635', '85.635', '85.635', '85.635', '85.635']","['0.000', '0.000', '0.000', '0.000', '0.000']","['pred.model_idx_0_0001', 'pred.model_idx_1_0001', 'pred.model_idx_2_0001', 'pred.model_idx_3_0001', 'pred.model_idx_4_0001']",-148.177,-2.180,0.000,0.000,-95.501,-1.254,5835.397,7616.591,1781.194,8.000,0.000,-1780.731,493.853,-553.397,6.720,60.487,616.012,1319.473,0.051,-5.228,0.000,-10.945,-280.451,6.000,-54.837,299.000,238.000,8.613,-7.797,0.499,-2.416,0.000,-45.584,85.635,0.662,-2.639,-353.686,-2.128,-221.336,0.000,pred.model_idx_4_0001_scored_0001
V1176Y,ISGINASYVNIQKEIDRLNEVAKNLNESLIDLQEL,OC43,ENQKLIANQFNSAIGKIQDSLSSTASALGKLQNVVNQNAQALNTLVKQLSSNFGAISSVLNDILSR,"['-57.735', '276.329', '336.840', '47.009', '1037.660']","['0.000', '0.000', '0.000', '0.000', '0.000']","['-1299.268', '-1313.497', '-1291.035', '-1285.494', '-1276.701']","['410.978', '434.234', '441.008', '394.023', '399.538']","['-397.752', '-396.524', '-406.963', '-401.433', '-372.033']","['6.158', '6.035', '6.015', '6.153', '5.960']","['40.764', '44.844', '41.124', '39.654', '37.406']","['450.822', '760.780', '788.283', '550.740', '1532.640']","['966.468', '974.492', '985.488', '978.004', '921.652']","['-5.907', '-5.956', '-3.706', '-5.462', '-4.327']","['0.000', '0.000', '0.000', '0.000', '0.000']","['-1.047', '-3.854', '-0.954', '-1.688', '-2.911']","['-223.606', '-223.102', '-222.065', '-221.061', '-195.198']","['0.000', '0.000', '0.000', '0.000', '0.000']","['-48.000', '-45.116', '-39.502', '-47.159', '-45.111']","['10.362', '13.059', '11.418', '11.938', '11.284']","['0.000', '0.000', '0.000', '0.000', '0.000']","['1.899', '1.602', '-1.653', '1.467', '-2.052']","['0.000', '0.000', '0.000', '0.000', '0.000']","['-26.653', '-27.718', '-27.669', '-29.723', '-29.538']","['57.051', '57.051', '57.051', '57.051', '57.051']","['0.000', '0.000', '0.000', '0.000', '0.000']","['pred.model_idx_0_0001', 'pred.model_idx_1_0001', 'pred.model_idx_2_0001', 'pred.model_idx_3_0001', 'pred.model_idx_4_0001']",-96.722,-1.872,0.000,0.000,-64.523,-0.904,5427.746,7140.237,1712.491,16.000,0.000,-1700.598,514.933,-513.840,6.535,52.679,550.854,1274.162,0.096,0.000,0.000,-7.800,-267.791,4.000,-49.436,290.000,239.000,4.837,2.650,0.456,-2.195,0.000,-35.209,71.302,0.623,-2.336,-313.031,-2.016,-211.659,0.000,pred.model_idx_4_0001_scored_0001
V1176Y,ISGINASYVNIQKEIDRLNEVAKNLNESLIDLQEL,NL63,AINNIVASFSSVNDAITQTAEAIHTVTIALNKIQDVVNQQGSALNHLTSQ,"['141.582', '161.790', '132.119', '63.001', '123.762']","['0.000', '0.000', '0.000', '0.000', '0.000']","['-1038.361', '-1042.363', '-1032.474', '-1033.579', '-1055.979']","['330.526', '332.143', '344.627', '328.156', '342.624']","['-293.577', '-305.091', '-292.195', '-298.358', '-304.644']","['5.110', '5.098', '5.120', '5.035', '5.111']","['36.095', '34.667', '35.619', '33.822', '37.070']","['504.796', '529.696', '468.269', '427.690', '482.537']","['745.767', '754.286', '754.163', '754.907', '766.248']","['-3.701', '-0.945', '-1.901', '0.000', '-0.348']","['0.000', '0.000', '0.000', '0.000', '0.000']","['-1.608', '-1.279', '-2.005', '-2.647', '-0.897']","['-156.530', '-161.393', '-156.654', '-161.444', '-163.982']","['0.000', '0.000', '0.000', '0.000', '0.000']","['-31.572', '-31.469', '-31.664', '-34.306', '-32.332']","['4.191', '6.315', '3.508', '5.772', '8.581']","['0.000', '0.000', '0.000', '0.000', '0.000']","['-5.836', '-5.734', '-8.507', '-8.024', '-7.221']","['0.000', '0.000', '0.000', '0.000', '0.000']","['-27.650', '-26.072', '-27.717', '-27.952', '-26.937']","['73.930', '73.930', '73.930', '73.930', '73.930']","['0.000', '0.000', '0.000', '0.000', '0.000']","['pred.model_idx_0_0001', 'pred.model_idx_1_0001', 'pred.model_idx_2_0001', 'pred.model_idx_3_0001', 'pred.model_idx_4_0001']",-96.722,-1.872,0.000,0.000,-64.523,-0.904,5427.746,7140.237,1712.491,16.000,0.000,-1700.598,514.933,-513.840,6.535,52.679,550.854,1274.162,0.096,0.000,0.000,-7.800,-267.791,4.000,-49.436,290.000,239.000,4.837,2.650,0.456,-2.195,0.000,-35.209,71.302,0.623,-2.336,-313.031,-2.016,-211.659,0.000,pred.model_idx_4_0001_scored_0001
V1176Y,ISGINASYVNIQKEIDRLNEVAKNLNESLIDLQEL,MERS,ITQQVLSENQKLIANKFNQALGAMQTGFTTTNEAFQKVQDAVNNNAQALSKLASELSNTFGAISASIGDIIQRLDVLEQSGGRGG,"['309.266', '159.890', '822.428', '-70.635', '-96.893']","['0.000', '0.000', '0.000', '0.000', '0.000']","['-1660.933', '-1667.835', '-1696.853', '-1626.467', '-1700.598']","['508.021', '488.239', '503.921', '490.416', '514.933']","['-538.292', '-528.867', '-506.891', '-502.706', '-513.834']","['6.291', '6.152', '6.798', '6.578', '6.536']","['52.660', '54.384', '54.121', '52.305', '52.679']","['968.932', '822.447', '1462.319', '577.863', '550.671']","['1250.845', '1256.925', '1264.922', '1207.787', '1274.162']","['-2.925', '0.000', '-1.898', '0.000', '0.000']","['0.000', '0.000', '0.000', '0.000', '0.000']","['-8.688', '-7.523', '-5.112', '-9.524', '-7.799']","['-269.544', '-271.508', '-245.084', '-271.786', '-267.784']","['0.000', '0.000', '0.000', '0.000', '0.000']","['-46.851', '-46.961', '-46.640', '-49.977', '-49.440']","['14.551', '18.320', '7.140', '13.296', '4.837']","['0.000', '0.000', '0.000', '0.000', '0.000']","['-9.690', '-0.950', '-8.894', '3.707', '2.650']","['0.000', '0.000', '0.000', '0.000', '0.000']","['-26.413', '-34.234', '-36.724', '-33.429', '-35.209']","['71.302', '71.302', '71.302', '71.302', '71.302']","['0.000', '0.000', '0.000', '0.000', '0.000']","['pred.model_idx_0_0001', 'pred.model_idx_1_0001', 'pred.model_idx_2_0001', 'pred.model_idx_3_0001', 'pred.model_idx_4_0001']",-96.722,-1.872,0.000,0.000,-64.523,-0.904,5427.746,7140.237,1712.491,16.000,0.000,-1700.598,514.933,-513.840,6.535,52.679,550.854,1274.162,0.096,0.000,0.000,-7.800,-267.791,4.000,-49.436,290.000,239.000,4.837,2.650,0.456,-2.195,0.000,-35.209,71.302,0.623,-2.336,-313.031,-2.016,-211.659,0.000,pred.model_idx_4_0001_scored_0001
V1176Y,ISGINASYVNIQKEIDRLNEVAKNLNESLIDLQEL,NL63_A,AINNIVASFSSVNDAITQTAEAIHTVTIALNKIQDVVNQQGSALNHLTSQ,2025-01-04 12:02:37,"['298.643', '299.861', '136.092', '74.978', '26.797']","['0.000', '0.000', '0.000', '0.000', '0.000']","['-1039.401', '-1038.872', '-1022.274', '-1033.654', '-1054.360']","['343.395', '331.567', '346.163', '329.900', '351.000']","['-295.005', '-308.478', '-281.348', '-283.529', '-301.812']","['5.280', '5.160', '5.109', '5.172', '5.462']","['35.901', '34.177', '36.114', '33.408', '35.836']","['648.965', '670.144', '461.346', '426.790', '368.368']","['755.101', '756.937', '741.411', '748.986', '764.968']","['-4.526', '-0.123', '-0.275', '0.000', '-3.074']","['0.000', '0.000', '0.000', '0.000', '0.000']","['-1.389', '-1.942', '-0.720', '-0.229', '-0.695']","['-160.962', '-164.067', '-156.884', '-158.190', '-157.648']","['0.000', '0.000', '0.000', '0.000', '0.000']","['-29.602', '-31.961', '-32.913', '-34.780', '-28.234']","['1.234', '6.170', '4.619', '4.524', '3.770']","['0.000', '0.000', '0.000', '0.000', '0.000']","['-6.474', '-5.770', '-9.431', '-8.453', '-6.466']","['0.000', '0.000', '0.000', '0.000', '0.000']","['-27.805', '-27.012', '-28.757', '-28.897', '-24.247']","['73.930', '73.930', '73.930', '73.930', '73.930']","['0.000', '0.000', '0.000', '0.000', '0.000']","['pred.model_idx_0_0001', 'pred.model_idx_1_0001', 'pred.model_idx_2_0001', 'pred.model_idx_3_0001', 'pred.model_idx_4_0001']",-72.792,-1.793,0.000,0.000,-81.025,-1.432,4313.644,5657.765,1344.121,13.000,0.000,-1675.227,521.152,-521.887,6.604,53.561,572.186,1254.883,0.141,-4.018,0.000,-8.976,-269.230,11.000,-41.550,290.000,204.000,1.851,1.651,0.533,-2.251,0.000,-35.096,71.302,0.669,-2.374,-258.774,-2.110,-200.486,0.000
