name,sequence,length,para,time
random_peptide_24_4,CCCCGGGGNNNNYYYYVVVVCCCC,24,4,2024-10-05 17:03:01
random_peptide_24_6,HHHHHHTTTTTTAAAAAAQQQQQQ,24,6,2024-10-05 17:03:01
random_peptide_25_5,YYYYYWWWWWKKKKKPPPPPGGGGG,25,5,2024-10-05 17:03:01
random_peptide_28_4,QQQQYYYYTTTTCCCCKKKKSSSSIIII,28,4,2024-10-05 17:03:01
random_peptide_30_5,GGGGGGGGGGLLLLLEEEEEPPPPPKKKKK,30,5,2024-10-05 17:03:01
random_peptide_30_6,HHHHHHQQQQQQTTTTTTAAAAAAHHHHHH,30,6,2024-10-05 17:03:01
random_peptide_32_4,GGGGGGGGPPPPRRRRRRRREEEEHHHHFFFF,32,4,2024-10-05 17:03:01
random_peptide_35_5,WWWWWDDDDDNNNNNNNNNNFFFFFAAAAAEEEEE,35,5,2024-10-05 17:03:01
random_peptide_36_4,HHHHWWWWMMMMRRRRDDDDAAAANNNNYYYYDDDD,36,4,2024-10-05 17:03:01
random_peptide_36_6,CCCCCCFFFFFFEEEEEEIIIIIILLLLLLWWWWWW,36,6,2024-10-05 17:03:01
random_peptide_40_4,VVVVHHHHNNNNKKKKWWWWGGGGKKKKDDDDYYYYVVVV,40,4,2024-10-05 17:03:01
random_peptide_40_5,YYYYYGGGGGEEEEEKKKKKCCCCCRRRRREEEEEPPPPP,40,5,2024-10-05 17:03:01
random_peptide_42_6,QQQQQQGGGGGGIIIIIIYYYYYYFFFFFFAAAAAAVVVVVV,42,6,2024-10-05 17:03:01
random_peptide_44_4,SSSSQQQQIIIISSSSNNNNWWWWGGGGPPPPWWWWQQQQWWWW,44,4,2024-10-05 17:03:01
random_peptide_45_5,SSSSSTTTTTYYYYYVVVVVTTTTTGGGGGGGGGGYYYYYYYYYY,45,5,2024-10-05 17:03:01
random_peptide_48_4,TTTTIIIIPPPPAAAADDDDAAAAYYYYNNNNAAAAQQQQIIIIAAAA,48,4,2024-10-05 17:03:01
random_peptide_48_6,AAAAAAIIIIIIGGGGGGTTTTTTDDDDDDFFFFFFSSSSSSQQQQQQ,48,6,2024-10-05 17:03:01
random_peptide_50_5,CCCCCLLLLLRRRRRNNNNNSSSSSCCCCCEEEEEHHHHHIIIIILLLLL,50,5,2024-10-05 17:03:01
random_peptide_52_4,CCCCLLLLKKKKGGGGIIIIMMMMPPPPWWWWQQQQSSSSMMMMVVVVWWWW,52,4,2024-10-05 17:03:01
random_peptide_54_6,GGGGGGIIIIIIWWWWWWRRRRRRAAAAAARRRRRRMMMMMMLLLLLLFFFFFF,54,6,2024-10-05 17:03:01
random_peptide_55_5,VVVVVLLLLLNNNNNWWWWWLLLLLMMMMMEEEEEYYYYYVVVVVKKKKKIIIII,55,5,2024-10-05 17:03:01
random_peptide_56_4,MMMMKKKKRRRRGGGGYYYYNNNNIIIISSSSQQQQIIIIWWWWQQQQGGGGEEEE,56,4,2024-10-05 17:03:01
random_peptide_24_4,YYYYMMMMQQQQCCCCGGGGAAAA,24,4,2024-10-05 17:04:03
random_peptide_24_6,KKKKKKRRRRRRVVVVVVIIIIII,24,6,2024-10-05 17:04:03
random_peptide_25_5,GGGGGRRRRRGGGGGRRRRRDDDDD,25,5,2024-10-05 17:04:03
random_peptide_28_4,SSSSAAAAKKKKIIIICCCCIIIIGGGG,28,4,2024-10-05 17:04:03
random_peptide_30_5,HHHHHIIIIIMMMMMNNNNNEEEEETTTTT,30,5,2024-10-05 17:04:03
random_peptide_30_6,VVVVVVDDDDDDLLLLLLAAAAAASSSSSS,30,6,2024-10-05 17:04:03
random_peptide_32_4,NNNNLLLLMMMMWWWWLLLLCCCCYYYYVVVV,32,4,2024-10-05 17:04:03
random_peptide_35_5,VVVVVFFFFFRRRRRFFFFFVVVVVKKKKKEEEEE,35,5,2024-10-05 17:04:03
random_peptide_36_4,MMMMNNNNVVVVYYYYIIIIAAAANNNNRRRRLLLL,36,4,2024-10-05 17:04:03
random_peptide_36_6,EEEEEEVVVVVVKKKKKKKKKKKKCCCCCCAAAAAA,36,6,2024-10-05 17:04:03
random_peptide_40_4,KKKKVVVVDDDDFFFFEEEEPPPPQQQQLLLLSSSSHHHH,40,4,2024-10-05 17:04:03
random_peptide_40_5,IIIIIEEEEEEEEEEDDDDDHHHHHGGGGGYYYYYTTTTT,40,5,2024-10-05 17:04:03
random_peptide_42_6,AAAAAAWWWWWWSSSSSSYYYYYYTTTTTTRRRRRRQQQQQQ,42,6,2024-10-05 17:04:03
random_peptide_44_4,DDDDQQQQTTTTLLLLEEEEVVVVIIIIIIIIFFFFGGGGHHHH,44,4,2024-10-05 17:04:03
random_peptide_45_5,IIIIICCCCCTTTTTAAAAAPPPPPLLLLLKKKKKQQQQQSSSSS,45,5,2024-10-05 17:04:03
random_peptide_48_4,GGGGVVVVNNNNNNNNSSSSCCCCDDDDPPPPEEEEKKKKPPPPEEEE,48,4,2024-10-05 17:04:03
random_peptide_48_6,NNNNNNEEEEEETTTTTTLLLLLLIIIIIIEEEEEECCCCCCNNNNNN,48,6,2024-10-05 17:04:03
random_peptide_50_5,TTTTTVVVVVNNNNNAAAAACCCCCFFFFFMMMMMCCCCCHHHHHGGGGG,50,5,2024-10-05 17:04:03
random_peptide_52_4,TTTTCCCCQQQQNNNNFFFFLLLLVVVVFFFFPPPPEEEELLLLTTTTGGGG,52,4,2024-10-05 17:04:03
random_peptide_54_6,GGGGGGEEEEEEKKKKKKDDDDDDNNNNNNPPPPPPYYYYYYYYYYYYQQQQQQ,54,6,2024-10-05 17:04:03
random_peptide_55_5,YYYYYIIIIIHHHHHHHHHHMMMMMWWWWWNNNNNLLLLLAAAAAKKKKKSSSSS,55,5,2024-10-05 17:04:03
random_peptide_56_4,DDDDFFFFQQQQTTTTGGGGGGGGEEEEAAAARRRRFFFFCCCCCCCCKKKKEEEE,56,4,2024-10-05 17:04:03
random_peptide_24_4,GGGGIIIIHHHHKKKKNNNNHHHH,24,4,2024-10-05 17:04:03
random_peptide_24_6,TTTTTTVVVVVVIIIIIIAAAAAA,24,6,2024-10-05 17:04:03
random_peptide_25_5,MMMMMGGGGGQQQQQFFFFFYYYYY,25,5,2024-10-05 17:04:03
random_peptide_28_4,QQQQWWWWAAAAEEEEKKKKGGGGMMMM,28,4,2024-10-05 17:04:03
random_peptide_30_5,KKKKKVVVVVLLLLLHHHHHSSSSSVVVVV,30,5,2024-10-05 17:04:03
random_peptide_30_6,DDDDDDGGGGGGAAAAAAEEEEEERRRRRR,30,6,2024-10-05 17:04:03
random_peptide_32_4,QQQQDDDDAAAADDDDYYYYEEEEIIIIVVVV,32,4,2024-10-05 17:04:03
random_peptide_35_5,LLLLLHHHHHIIIIIIIIIIIIIIIKKKKKSSSSS,35,5,2024-10-05 17:04:03
random_peptide_36_4,FFFFPPPPWWWWNNNNDDDDTTTTHHHHWWWWIIII,36,4,2024-10-05 17:04:03
random_peptide_36_6,KKKKKKLLLLLLIIIIIIIIIIIIYYYYYYQQQQQQ,36,6,2024-10-05 17:04:03
random_peptide_40_4,CCCCRRRRMMMMYYYYDDDDYYYYEEEECCCCRRRRAAAA,40,4,2024-10-05 17:04:03
random_peptide_40_5,KKKKKMMMMMNNNNNCCCCCHHHHHPPPPPCCCCCCCCCC,40,5,2024-10-05 17:04:03
random_peptide_42_6,LLLLLLKKKKKKRRRRRRYYYYYYHHHHHHSSSSSSIIIIII,42,6,2024-10-05 17:04:03
random_peptide_44_4,AAAAWWWWNNNNMMMMEEEEHHHHLLLLAAAASSSSCCCCCCCC,44,4,2024-10-05 17:04:03
random_peptide_45_5,FFFFFIIIIINNNNNIIIIINNNNNFFFFFLLLLLAAAAAYYYYY,45,5,2024-10-05 17:04:03
random_peptide_48_4,NNNNFFFFPPPPYYYYPPPPLLLLPPPPAAAALLLLVVVVMMMMKKKK,48,4,2024-10-05 17:04:03
random_peptide_48_6,HHHHHHWWWWWWTTTTTTEEEEEETTTTTTPPPPPPEEEEEEMMMMMM,48,6,2024-10-05 17:04:03
random_peptide_50_5,CCCCCPPPPPYYYYYNNNNNAAAAAGGGGGMMMMMCCCCCKKKKKYYYYY,50,5,2024-10-05 17:04:03
random_peptide_52_4,WWWWEEEELLLLQQQQTTTTEEEEQQQQSSSSFFFFWWWWPPPPGGGGCCCC,52,4,2024-10-05 17:04:03
random_peptide_54_6,PPPPPPHHHHHHQQQQQQQQQQQQRRRRRRRRRRRRFFFFFFDDDDDDRRRRRR,54,6,2024-10-05 17:04:03
random_peptide_55_5,NNNNNFFFFFQQQQQCCCCCHHHHHMMMMMHHHHHAAAAAEEEEEVVVVVPPPPP,55,5,2024-10-05 17:04:03
random_peptide_56_4,GGGGYYYYLLLLQQQQNNNNHHHHYYYYDDDDPPPPKKKKGGGGRRRRWWWWIIII,56,4,2024-10-05 17:04:03
random_peptide_24_4,HHHHWWWWGGGGFFFFSSSSAAAA,24,4,2024-10-05 17:04:04
random_peptide_24_6,RRRRRRWWWWWWDDDDDDGGGGGG,24,6,2024-10-05 17:04:04
random_peptide_25_5,KKKKKMMMMMRRRRRAAAAAPPPPP,25,5,2024-10-05 17:04:04
random_peptide_28_4,NNNNHHHHVVVVRRRREEEEYYYYYYYY,28,4,2024-10-05 17:04:04
random_peptide_30_5,PPPPPAAAAAWWWWWNNNNNDDDDDDDDDD,30,5,2024-10-05 17:04:04
random_peptide_30_6,LLLLLLVVVVVVCCCCCCSSSSSSLLLLLL,30,6,2024-10-05 17:04:04
random_peptide_32_4,EEEENNNNCCCCSSSSEEEEYYYYCCCCTTTT,32,4,2024-10-05 17:04:04
random_peptide_35_5,GGGGGIIIIIVVVVVIIIIIFFFFFLLLLLPPPPP,35,5,2024-10-05 17:04:04
random_peptide_36_4,HHHHVVVVGGGGTTTTDDDDAAAAMMMMPPPPQQQQ,36,4,2024-10-05 17:04:04
random_peptide_36_6,IIIIIIYYYYYYFFFFFFDDDDDDNNNNNNVVVVVV,36,6,2024-10-05 17:04:04
random_peptide_40_4,IIIILLLLIIIITTTTVVVVFFFFCCCCHHHHKKKKFFFF,40,4,2024-10-05 17:04:04
random_peptide_40_5,SSSSSIIIIIPPPPPRRRRRVVVVVHHHHHGGGGGIIIII,40,5,2024-10-05 17:04:04
random_peptide_42_6,KKKKKKEEEEEECCCCCCEEEEEEWWWWWWSSSSSSEEEEEE,42,6,2024-10-05 17:04:04
random_peptide_44_4,HHHHSSSSPPPPEEEEWWWWGGGGQQQQDDDDKKKKWWWWNNNN,44,4,2024-10-05 17:04:04
random_peptide_45_5,EEEEEQQQQQYYYYYNNNNNVVVVVRRRRRYYYYYFFFFFDDDDD,45,5,2024-10-05 17:04:04
random_peptide_48_4,PPPPKKKKCCCCGGGGNNNNPPPPTTTTIIIIHHHHFFFFPPPPWWWW,48,4,2024-10-05 17:04:04
random_peptide_48_6,FFFFFFGGGGGGQQQQQQSSSSSSGGGGGGCCCCCCYYYYYYTTTTTT,48,6,2024-10-05 17:04:04
random_peptide_50_5,NNNNNPPPPPSSSSSYYYYYNNNNNWWWWWKKKKKRRRRRVVVVVCCCCC,50,5,2024-10-05 17:04:04
random_peptide_52_4,SSSSPPPPNNNNPPPPKKKKRRRRGGGGFFFFCCCCMMMMCCCCPPPPTTTT,52,4,2024-10-05 17:04:04
random_peptide_54_6,KKKKKKCCCCCCDDDDDDGGGGGGLLLLLLMMMMMMYYYYYYRRRRRRAAAAAA,54,6,2024-10-05 17:04:04
random_peptide_55_5,WWWWWDDDDDYYYYYDDDDDGGGGGDDDDDMMMMMHHHHHSSSSSCCCCCHHHHH,55,5,2024-10-05 17:04:04
random_peptide_56_4,RRRRYYYYVVVVGGGGRRRRKKKKPPPPLLLLIIIIIIIIKKKKGGGGHHHHDDDD,56,4,2024-10-05 17:04:04
